trial,initial_equity,leverage,gross_utilization,base_notional,multiplier,max_adds,grid_step,take_profit,basket_stop,basket_take_profit,max_cycle_minutes,cooldown_minutes,equity_halt_drawdown,event_threshold,event_hold_minutes,event_delay_seconds,trend_stop,vol_stop,maker_fee,taker_fee,slippage_bps,maintenance_rate,liquidation_fee,qty_step,min_qty,min_notional_pre_change,min_notional_post_change,min_notional_change_ms,tick_size,train_final_equity,train_net_profit,train_return_pct,train_max_drawdown_pct,train_fees,train_funding_net,train_liquidations,train_cycles,train_take_profit_fills,train_event_stops,train_risk_stops,train_time_stops,train_rejected_orders,train_peak_gross_notional,train_min_equity,train_turnover,train_fills,train_halted,train_martingale_adds,train_start,train_last_bar,train_bars,val_final_equity,val_net_profit,val_return_pct,val_max_drawdown_pct,val_fees,val_funding_net,val_liquidations,val_cycles,val_take_profit_fills,val_event_stops,val_risk_stops,val_time_stops,val_rejected_orders,val_peak_gross_notional,val_min_equity,val_turnover,val_fills,val_halted,val_martingale_adds,val_start,val_last_bar,val_bars
0,100.0,10.0,0.8,75.0,1.35,3,0.004,0.003,0.12,0.015,240.0,60.0,0.35,0.8,30.0,5.0,0.015,0.012,0.0002,0.0005,2.0,0.004,0.0125,0.001,0.001,100.0,50.0,1776162600000,0.1,64.96988096986442,-35.03011903013558,-35.03011903013557,35.287878785749925,26.306670743077238,-0.004752212576277675,0,30,131,0,15,7,1455,694.5495744203,64.96988096986442,75463.61800615453,419,True,67,2026-03-01T00:00:00+00:00,2026-06-30T23:59:00+00:00,175680,,,,,,,,,,,,,,,,,,,,,,
1,100.0,10.0,0.9,100.0,1.75,4,0.003,0.0045000000000000005,0.08,0.025,360.0,60.0,0.35,0.8,60.0,5.0,0.01,0.06,0.0002,0.0005,2.0,0.004,0.0125,0.001,0.001,100.0,50.0,1776162600000,0.1,64.7699670969836,-35.230032903016394,-35.230032903016394,35.48536888424051,17.90700925867975,-0.012967858599036899,0,23,65,0,12,5,2801,811.7980277974799,64.7699670969836,50757.25215735955,250,True,42,2026-03-01T00:00:00+00:00,2026-06-30T23:59:00+00:00,175680,,,,,,,,,,,,,,,,,,,,,,
2,100.0,10.0,0.9,125.0,1.15,1,0.005,0.0075,0.12,0.025,2880.0,15.0,0.35,0.8,15.0,5.0,0.02,0.06,0.0002,0.0005,2.0,0.004,0.0125,0.001,0.001,100.0,50.0,1776162600000,0.1,64.73683298227654,-35.26316701772346,-35.26316701772346,35.38060392757993,36.678779842198345,0.10871886460343289,0,31,162,0,4,12,4757,749.4674444444446,64.73683298227654,111263.20978439662,563,True,119,2026-03-01T00:00:00+00:00,2026-06-30T23:59:00+00:00,175680,,,,,,,,,,,,,,,,,,,,,,
3,100.0,10.0,0.6,75.0,1.15,2,0.025,0.0125,0.12,0.01,2880.0,15.0,0.35,0.5,5.0,5.0,0.01,0.06,0.0002,0.0005,2.0,0.004,0.0125,0.001,0.001,100.0,50.0,1776162600000,0.1,67.29914820786772,-32.70085179213228,-32.700851792132276,35.261162858179915,38.48400013190974,-0.01320781845408808,0,83,143,0,34,16,5467,531.0639210583699,67.29914820786772,93493.96892381938,652,True,50,2026-03-01T00:00:00+00:00,2026-06-30T23:59:00+00:00,175680,,,,,,,,,,,,,,,,,,,,,,
4,100.0,10.0,0.6,75.0,1.35,4,0.008,0.006,0.12,0.025,1440.0,60.0,0.35,0.4,30.0,5.0,0.04,0.03,0.0002,0.0005,2.0,0.004,0.0125,0.001,0.001,100.0,50.0,1776162600000,0.1,74.21611258490228,-25.783887415097723,-25.783887415097727,35.184489648790965,14.28289657706892,-0.0004925054980964919,0,15,78,0,3,4,5964,686.8200995399096,74.21611258490228,39785.55795413785,238,True,26,2026-03-01T00:00:00+00:00,2026-06-30T23:59:00+00:00,175680,66.68385800535223,-33.316141994647765,-33.316141994647765,35.12848478261608,27.72650459237411,0.008026329485253135,0.0,45.0,131.0,2.0,1.0,32.0,22512.0,601.1668314858149,66.68385800535223,72115.98124474828,479.0,True,43.0,2026-07-01T00:00:00+00:00,2026-08-31T23:59:00+00:00,89280.0
5,100.0,10.0,0.6,75.0,1.35,1,0.008,0.004,0.08,0.05,2880.0,60.0,0.35,0.3,30.0,5.0,0.04,0.015,0.0002,0.0005,2.0,0.004,0.0125,0.001,0.001,100.0,50.0,1776162600000,0.1,64.71967562242226,-35.28032437757774,-35.28032437757774,35.334271781250436,24.385047943982183,0.000884162062825742,0,36,138,18,18,0,7063,490.44434839834,64.71967562242226,63797.54552796434,420,True,22,2026-03-01T00:00:00+00:00,2026-06-30T23:59:00+00:00,175680,,,,,,,,,,,,,,,,,,,,,,
6,100.0,10.0,0.75,75.0,1.75,1,0.003,0.0015,0.18,0.025,120.0,360.0,0.35,0.65,30.0,5.0,0.04,0.03,0.0002,0.0005,2.0,0.004,0.0125,0.001,0.001,100.0,50.0,1776162600000,0.1,64.69504617176365,-35.30495382823635,-35.30495382823635,35.30495382823635,12.699469192477878,0.0,0,9,81,0,1,8,427,559.5293003618817,64.69504617176365,36998.49970495575,214,True,20,2026-03-01T00:00:00+00:00,2026-06-30T23:59:00+00:00,175680,,,,,,,,,,,,,,,,,,,,,,
7,100.0,10.0,0.75,75.0,1.35,3,0.012,0.012,0.18,0.025,360.0,15.0,0.35,0.4,60.0,5.0,0.02,0.015,0.0002,0.0005,2.0,0.004,0.0125,0.001,0.001,100.0,50.0,1776162600000,0.1,71.04479158283537,-28.955208417164627,-28.955208417164624,35.338623092155196,51.85649622090026,0.017345573203555426,0,117,91,1,35,63,590,737.4314450535502,71.04479158283537,122670.47154180064,707,True,85,2026-03-01T00:00:00+00:00,2026-06-30T23:59:00+00:00,175680,,,,,,,,,,,,,,,,,,,,,,
8,100.0,10.0,0.75,75.0,1.75,2,0.003,0.0045000000000000005,0.25,0.05,1440.0,60.0,0.35,0.3,5.0,5.0,0.02,0.06,0.0002,0.0005,2.0,0.004,0.0125,0.001,0.001,100.0,50.0,1776162600000,0.1,65.65915343618403,-34.34084656381597,-34.34084656381597,35.35707650234671,17.50017878182,0.013928978003530941,0,22,87,17,1,3,15525,570.69908921736,65.65915343618403,47929.73728363998,282,True,22,2026-03-01T00:00:00+00:00,2026-06-30T23:59:00+00:00,175680,,,,,,,,,,,,,,,,,,,,,,
9,100.0,10.0,0.6,100.0,1.15,2,0.003,0.0015,0.18,0.05,720.0,360.0,0.35,0.3,5.0,5.0,0.02,0.06,0.0002,0.0005,2.0,0.004,0.0125,0.001,0.001,100.0,50.0,1776162600000,0.1,64.68782532123497,-35.31217467876503,-35.31217467876503,35.31217467876503,19.039124657094636,0.012238429065615942,0,10,154,4,1,5,5983,486.37536760925445,64.68782532123497,54590.408374189254,359,True,19,2026-03-01T00:00:00+00:00,2026-06-30T23:59:00+00:00,175680,,,,,,,,,,,,,,,,,,,,,,
10,100.0,10.0,0.75,100.0,1.75,3,0.018,0.013499999999999998,0.08,0.05,720.0,180.0,0.35,0.5,5.0,5.0,0.01,0.03,0.0002,0.0005,2.0,0.004,0.0125,0.001,0.001,100.0,50.0,1776162600000,0.1,71.8277867727532,-28.1722132272468,-28.1722132272468,35.155886386585,45.549899742616866,0.0420624800013316,0,106,86,0,21,79,850,623.0365041528901,71.8277867727532,106102.01384523368,625,True,41,2026-03-01T00:00:00+00:00,2026-06-30T23:59:00+00:00,175680,69.41143104100844,-30.58856895899156,-30.58856895899156,35.40147525098063,26.628311865179306,0.020684196262126517,0.0,82.0,35.0,0.0,4.0,77.0,176.0,526.5613185505139,69.41143104100844,58463.41497035861,412.0,True,16.0,2026-07-01T00:00:00+00:00,2026-08-31T23:59:00+00:00,89280.0
11,100.0,10.0,0.9,50.0,1.15,1,0.012,0.009000000000000001,0.12,0.01,360.0,180.0,0.35,0.3,15.0,5.0,0.01,0.06,0.0002,0.0005,2.0,0.004,0.0125,0.001,0.001,100.0,50.0,1776162600000,0.1,68.17441542052013,-31.825584579479866,-31.82558457947987,35.344915334331574,36.43802469111465,-0.006438880557000001,0,88,64,28,7,35,0,683.538,68.17441542052013,83617.89594222922,515,True,41,2026-03-01T00:00:00+00:00,2026-06-30T23:59:00+00:00,175680,,,,,,,,,,,,,,,,,,,,,,
12,100.0,10.0,0.75,100.0,1.35,2,0.012,0.009000000000000001,0.25,0.025,120.0,15.0,0.35,0.65,15.0,5.0,0.04,0.06,0.0002,0.0005,2.0,0.004,0.0125,0.001,0.001,100.0,50.0,1776162600000,0.1,66.60714773653915,-33.39285226346085,-33.392852263460846,35.38294228535651,21.250208210439986,0.016320386978665006,0,47,50,0,1,43,172,669.8988434144983,66.60714773653915,50008.25290087997,314,True,26,2026-03-01T00:00:00+00:00,2026-06-30T23:59:00+00:00,175680,,,,,,,,,,,,,,,,,,,,,,
13,100.0,10.0,0.9,100.0,1.75,3,0.025,0.018750000000000003,0.12,0.025,720.0,180.0,0.35,0.65,15.0,5.0,0.01,0.06,0.0002,0.0005,2.0,0.004,0.0125,0.001,0.001,100.0,50.0,1776162600000,0.1,67.69484265269784,-32.305157347302156,-32.30515734730216,35.39007562952216,27.842829801625708,0.012897808137912869,0,78,33,0,16,55,17,607.8296,67.69484265269784,61297.982443251356,389,True,17,2026-03-01T00:00:00+00:00,2026-06-30T23:59:00+00:00,175680,,,,,,,,,,,,,,,,,,,,,,
14,100.0,10.0,0.75,125.0,1.5,3,0.018,0.026999999999999996,0.25,0.01,360.0,60.0,0.35,0.8,60.0,5.0,0.04,0.015,0.0002,0.0005,2.0,0.004,0.0125,0.001,0.001,100.0,50.0,1776162600000,0.1,64.60370372651425,-35.396296273485746,-35.39629627348575,35.39629627348575,29.972264822520014,-0.007085970967596296,0,95,4,0,25,63,19,674.9285832609,64.60370372651425,62932.08348503996,407,True,21,2026-03-01T00:00:00+00:00,2026-06-30T23:59:00+00:00,175680,,,,,,,,,,,,,,,,,,,,,,
15,100.0,10.0,0.75,100.0,1.35,1,0.025,0.0125,0.18,0.01,2880.0,60.0,0.35,0.8,15.0,5.0,0.01,0.06,0.0002,0.0005,2.0,0.004,0.0125,0.001,0.001,100.0,50.0,1776162600000,0.1,67.88073972915312,-32.11926027084688,-32.11926027084688,35.408015094046775,28.94672491578556,0.04797019405654805,0,57,93,0,27,7,0,531.8509,67.88073972915312,70038.60441157113,433,True,35,2026-03-01T00:00:00+00:00,2026-06-30T23:59:00+00:00,175680,,,,,,,,,,,,,,,,,,,,,,
16,100.0,7.0,0.9,125.0,1.15,2,0.003,0.003,0.18,0.05,720.0,60.0,0.35,0.4,60.0,5.0,0.02,0.03,0.0002,0.0005,2.0,0.004,0.0125,0.001,0.001,100.0,50.0,1776162600000,0.1,66.76110040778441,-33.23889959221559,-33.23889959221559,35.24095847577106,8.3148594622874,-0.007240795127630432,0,5,63,0,1,4,5151,601.5906916405378,66.76110040778441,24086.028424574797,154,True,12,2026-03-01T00:00:00+00:00,2026-06-30T23:59:00+00:00,175680,,,,,,,,,,,,,,,,,,,,,,
17,100.0,7.0,0.9,100.0,1.35,1,0.003,0.0022500000000000003,0.25,0.025,2880.0,180.0,0.35,0.3,30.0,5.0,0.01,0.03,0.0002,0.0005,2.0,0.004,0.0125,0.001,0.001,100.0,50.0,1776162600000,0.1,64.83423328784683,-35.16576671215317,-35.16576671215317,35.228826243299636,19.490885258960017,-0.002124813193543823,0,16,138,9,6,1,10931,487.24136823833607,64.83423328784683,55122.36439791996,354,True,24,2026-03-01T00:00:00+00:00,2026-06-30T23:59:00+00:00,175680,,,,,,,,,,,,,,,,,,,,,,
18,100.0,10.0,0.75,75.0,1.75,2,0.008,0.006,0.08,0.01,720.0,15.0,0.35,0.3,5.0,5.0,0.02,0.015,0.0002,0.0005,2.0,0.004,0.0125,0.001,0.001,100.0,50.0,1776162600000,0.1,64.42574667348714,-35.57425332651286,-35.57425332651286,35.57425332651286,24.27792106276423,-0.015112460852939411,0,47,72,17,13,3,2835,559.0166677900153,64.42574667348714,58720.759405528435,350,True,26,2026-03-01T00:00:00+00:00,2026-06-30T23:59:00+00:00,175680,,,,,,,,,,,,,,,,,,,,,,
19,100.0,7.0,0.9,75.0,1.5,2,0.003,0.003,0.18,0.01,360.0,60.0,0.35,0.3,15.0,5.0,0.02,0.015,0.0002,0.0005,2.0,0.004,0.0125,0.001,0.001,100.0,50.0,1776162600000,0.1,64.72269452243961,-35.27730547756039,-35.2773054775604,35.404930762153064,29.42440355795,0.005844460388295445,0,43,147,13,8,14,7563,490.03327068757545,64.72269452243961,78301.46003590003,490,True,40,2026-03-01T00:00:00+00:00,2026-06-30T23:59:00+00:00,175680,,,,,,,,,,,,,,,,,,,,,,
20,100.0,10.0,0.75,125.0,1.75,4,0.018,0.026999999999999996,0.08,0.01,720.0,15.0,0.35,0.4,30.0,5.0,0.02,0.03,0.0002,0.0005,2.0,0.004,0.0125,0.001,0.001,100.0,50.0,1776162600000,0.1,68.82814350721742,-31.17185649278258,-31.17185649278258,35.410380986204906,32.37883489043354,-0.007744929704317047,0,80,9,2,4,36,94,607.8296,68.82814350721742,73518.42146086709,384,True,48,2026-03-01T00:00:00+00:00,2026-06-30T23:59:00+00:00,175680,,,,,,,,,,,,,,,,,,,,,,
21,100.0,10.0,0.9,50.0,1.15,1,0.003,0.0015,0.18,0.025,2880.0,360.0,0.35,0.8,30.0,5.0,0.02,0.03,0.0002,0.0005,2.0,0.004,0.0125,0.001,0.001,100.0,50.0,1776162600000,0.1,64.4508350902828,-35.549164909717206,-35.5491649097172,35.5491649097172,16.184931805351532,0.01849355869429544,0,3,125,0,2,1,171,699.013,64.4508350902828,52236.39599070305,299,True,41,2026-03-01T00:00:00+00:00,2026-06-30T23:59:00+00:00,175680,,,,,,,,,,,,,,,,,,,,,,
22,100.0,7.0,0.9,75.0,1.15,1,0.003,0.0015,0.18,0.025,120.0,15.0,0.35,0.3,15.0,5.0,0.04,0.03,0.0002,0.0005,2.0,0.004,0.0125,0.001,0.001,100.0,50.0,1776162600000,0.1,64.79895340282361,-35.201046597176386,-35.201046597176386,35.201046597176386,12.53831512222835,0.009187221770999999,0,12,84,0,1,11,643,477.1197593659,64.79895340282361,34804.713744456705,227,True,17,2026-03-01T00:00:00+00:00,2026-06-30T23:59:00+00:00,175680,,,,,,,,,,,,,,,,,,,,,,
23,100.0,10.0,0.75,50.0,1.15,2,0.008,0.006,0.08,0.01,360.0,15.0,0.35,0.3,60.0,5.0,0.04,0.015,0.0002,0.0005,2.0,0.004,0.0125,0.001,0.001,100.0,50.0,1776162600000,0.1,64.8723388718137,-35.127661128186304,-35.127661128186304,35.43448523274518,40.37350044565637,-0.008154497634098501,0,74,119,13,18,15,762,697.9156733923587,64.8723388718137,100474.91527131273,584,True,72,2026-03-01T00:00:00+00:00,2026-06-30T23:59:00+00:00,175680,,,,,,,,,,,,,,,,,,,,,,
24,100.0,10.0,0.9,100.0,1.5,2,0.008,0.006,0.12,0.025,1440.0,360.0,0.35,0.2,5.0,5.0,0.04,0.015,0.0002,0.0005,2.0,0.004,0.0125,0.001,0.001,100.0,50.0,1776162600000,0.1,68.60751313338866,-31.392486866611335,-31.392486866611335,35.33587183440451,16.44205510807062,0.007288805697791151,0,25,60,9,9,1,511,824.0687999999999,68.60751313338866,43587.56649614121,243,True,33,2026-03-01T00:00:00+00:00,2026-06-30T23:59:00+00:00,175680,,,,,,,,,,,,,,,,,,,,,,
25,100.0,10.0,0.9,100.0,1.35,4,0.025,0.0125,0.12,0.01,1440.0,360.0,0.35,0.3,5.0,5.0,0.01,0.03,0.0002,0.0005,2.0,0.004,0.0125,0.001,0.001,100.0,50.0,1776162600000,0.1,65.55071554809302,-34.449284451906976,-34.44928445190698,35.36205810451341,23.40985131470663,0.023683620689229145,0,59,54,33,13,6,0,679.3353429969001,65.55071554809302,53546.554809413305,350,True,18,2026-03-01T00:00:00+00:00,2026-06-30T23:59:00+00:00,175680,,,,,,,,,,,,,,,,,,,,,,
26,100.0,10.0,0.9,75.0,1.35,2,0.012,0.006,0.18,0.025,1440.0,60.0,0.35,0.3,30.0,5.0,0.01,0.03,0.0002,0.0005,2.0,0.004,0.0125,0.001,0.001,100.0,50.0,1776162600000,0.1,72.98485005526773,-27.015149944732272,-27.015149944732276,35.31650697984238,41.528577115542504,0.03773920577712024,0,64,152,37,12,3,560,858.25276606116,72.98485005526773,106639.23713108509,612,True,66,2026-03-01T00:00:00+00:00,2026-06-30T23:59:00+00:00,175680,67.49065030407753,-32.50934969592247,-32.50934969592246,35.46772157961532,21.846742645078145,0.035474560597212976,0.0,45.0,76.0,34.0,3.0,3.0,88.0,767.32185379824,67.49065030407753,54091.4820501563,359.0,True,31.0,2026-07-01T00:00:00+00:00,2026-08-31T23:59:00+00:00,89280.0
27,100.0,10.0,0.6,75.0,1.5,1,0.018,0.009,0.18,0.025,720.0,60.0,0.35,0.2,60.0,5.0,0.01,0.03,0.0002,0.0005,2.0,0.004,0.0125,0.001,0.001,100.0,50.0,1776162600000,0.1,69.72330526139,-30.276694738610004,-30.27669473861,35.13956045295852,23.48353810959022,0.0014179514120082454,0,63,55,36,11,16,260,498.86620000000005,69.72330526139,52978.75851918042,362,True,10,2026-03-01T00:00:00+00:00,2026-06-30T23:59:00+00:00,175680,,,,,,,,,,,,,,,,,,,,,,
28,100.0,10.0,0.9,100.0,1.75,4,0.025,0.0125,0.12,0.01,120.0,15.0,0.35,0.3,60.0,5.0,0.04,0.015,0.0002,0.0005,2.0,0.004,0.0125,0.001,0.001,100.0,50.0,1776162600000,0.1,64.80162981210121,-35.19837018789879,-35.19837018789879,35.38026873156787,26.02287998789999,0.0,0,89,21,11,11,67,0,561.7913165715479,64.80162981210121,54093.58445580002,388,True,2,2026-03-01T00:00:00+00:00,2026-06-30T23:59:00+00:00,175680,,,,,,,,,,,,,,,,,,,,,,
29,100.0,10.0,0.75,100.0,1.75,4,0.008,0.012,0.12,0.01,120.0,360.0,0.35,0.8,30.0,5.0,0.02,0.03,0.0002,0.0005,2.0,0.004,0.0125,0.001,0.001,100.0,50.0,1776162600000,0.1,65.58735195449378,-34.41264804550622,-34.41264804550621,35.371441879345745,32.98275157089998,0.000511885392,0,88,19,0,1,72,423,590.28383417192,65.58735195449378,73191.81110179998,424,True,34,2026-03-01T00:00:00+00:00,2026-06-30T23:59:00+00:00,175680,,,,,,,,,,,,,,,,,,,,,,
30,100.0,7.0,0.9,50.0,1.5,2,0.008,0.008,0.12,0.01,360.0,60.0,0.35,0.3,5.0,5.0,0.02,0.03,0.0002,0.0005,2.0,0.004,0.0125,0.001,0.001,100.0,50.0,1776162600000,0.1,66.43295583987194,-33.56704416012806,-33.56704416012807,35.134317746164626,33.98192832329025,-0.0033411763999521412,0,74,79,26,1,23,2291,518.0784,66.43295583987194,80101.12488658042,490,True,44,2026-03-01T00:00:00+00:00,2026-06-30T23:59:00+00:00,175680,,,,,,,,,,,,,,,,,,,,,,
31,100.0,10.0,0.9,50.0,1.75,4,0.003,0.003,0.18,0.025,2880.0,60.0,0.35,0.4,30.0,5.0,0.04,0.015,0.0002,0.0005,2.0,0.004,0.0125,0.001,0.001,100.0,50.0,1776162600000,0.1,64.69269906748974,-35.30730093251026,-35.30730093251025,35.52865740793918,16.59948535483136,-0.0191540062950369,0,14,81,0,11,0,4949,864.5247,64.69269906748974,50766.70304966272,246,True,42,2026-03-01T00:00:00+00:00,2026-06-30T23:59:00+00:00,175680,,,,,,,,,,,,,,,,,,,,,,
32,100.0,10.0,0.9,75.0,1.75,4,0.018,0.009,0.08,0.05,120.0,180.0,0.35,0.8,60.0,5.0,0.01,0.03,0.0002,0.0005,2.0,0.004,0.0125,0.001,0.001,100.0,50.0,1776162600000,0.1,66.01942871668165,-33.980571283318355,-33.98057128331835,35.51322738206702,34.41635960332001,0.0,0,99,54,0,6,92,0,571.9159359479389,66.01942871668165,75004.86484663993,509,True,9,2026-03-01T00:00:00+00:00,2026-06-30T23:59:00+00:00,175680,,,,,,,,,,,,,,,,,,,,,,
33,100.0,10.0,0.75,125.0,1.75,3,0.008,0.006,0.18,0.05,2880.0,15.0,0.35,0.2,30.0,5.0,0.04,0.06,0.0002,0.0005,2.0,0.004,0.0125,0.001,0.001,100.0,50.0,1776162600000,0.1,70.52917893014137,-29.47082106985863,-29.470821069858633,35.48611806513192,38.37759200666833,0.030389313420660865,0,61,123,54,1,1,8147,592.0896,70.52917893014137,102015.47717333655,546,True,62,2026-03-01T00:00:00+00:00,2026-06-30T23:59:00+00:00,175680,,,,,,,,,,,,,,,,,,,,,,
34,100.0,7.0,0.9,75.0,1.35,2,0.008,0.004,0.25,0.01,360.0,180.0,0.35,0.8,15.0,5.0,0.02,0.03,0.0002,0.0005,2.0,0.004,0.0125,0.001,0.001,100.0,50.0,1776162600000,0.1,65.37006695033679,-34.62993304966321,-34.62993304966321,35.12673490078863,32.616471967525165,-0.020750911812650687,0,46,173,0,1,26,3534,518.0784,65.37006695033679,85277.40745505028,544,True,36,2026-03-01T00:00:00+00:00,2026-06-30T23:59:00+00:00,175680,,,,,,,,,,,,,,,,,,,,,,
35,100.0,10.0,0.9,125.0,1.35,3,0.008,0.012,0.08,0.01,2880.0,60.0,0.35,0.3,30.0,5.0,0.01,0.015,0.0002,0.0005,2.0,0.004,0.0125,0.001,0.001,100.0,50.0,1776162600000,0.1,67.84228198100199,-32.15771801899801,-32.15771801899802,35.39375502871237,43.52805492106189,0.04249385587176691,0,91,46,28,20,0,1692,878.1696000000001,67.84228198100199,103917.26406212365,532,True,92,2026-03-01T00:00:00+00:00,2026-06-30T23:59:00+00:00,175680,,,,,,,,,,,,,,,,,,,,,,
36,100.0,10.0,0.6,50.0,1.5,4,0.025,0.018750000000000003,0.18,0.025,360.0,360.0,0.35,0.5,60.0,5.0,0.04,0.03,0.0002,0.0005,2.0,0.004,0.0125,0.001,0.001,100.0,50.0,1776162600000,0.1,64.65540191996571,-35.34459808003429,-35.34459808003428,35.503747468797776,26.225295554030026,0.006393973994643589,0,79,26,0,2,75,122,517.0506999203001,64.65540191996571,56267.247868060054,379,True,13,2026-03-01T00:00:00+00:00,2026-06-30T23:59:00+00:00,175680,,,,,,,,,,,,,,,,,,,,,,
37,100.0,10.0,0.9,50.0,1.75,1,0.003,0.0022500000000000003,0.25,0.025,2880.0,60.0,0.35,0.65,30.0,5.0,0.04,0.06,0.0002,0.0005,2.0,0.004,0.0125,0.001,0.001,100.0,50.0,1776162600000,0.1,64.8161821886163,-35.183817811383705,-35.1838178113837,35.341017273749976,7.075312088308089,0.010294653097604741,0,2,56,0,1,1,1982,817.8133773211222,64.8161821886163,21913.212136616185,129,True,11,2026-03-01T00:00:00+00:00,2026-06-30T23:59:00+00:00,175680,,,,,,,,,,,,,,,,,,,,,,
38,100.0,10.0,0.75,50.0,1.75,3,0.025,0.018750000000000003,0.18,0.05,1440.0,60.0,0.35,0.4,60.0,5.0,0.02,0.015,0.0002,0.0005,2.0,0.004,0.0125,0.001,0.001,100.0,50.0,1776162600000,0.1,67.01458449970671,-32.985415500293286,-32.98541550029328,35.234061887091485,25.726442907480024,0.05092524718584594,0,70,41,3,37,26,332,607.8296,67.01458449970671,57870.21593495997,366,True,18,2026-03-01T00:00:00+00:00,2026-06-30T23:59:00+00:00,175680,,,,,,,,,,,,,,,,,,,,,,
39,100.0,10.0,0.9,100.0,1.5,2,0.018,0.018,0.08,0.01,2880.0,15.0,0.35,0.65,30.0,5.0,0.04,0.03,0.0002,0.0005,2.0,0.004,0.0125,0.001,0.001,100.0,50.0,1776162600000,0.1,66.75465797432591,-33.24534202567409,-33.2453420256741,35.46862562424755,23.20888650981562,0.1011831563952803,0,44,47,0,7,2,853,829.725889307326,66.75465797432591,55924.90879963123,312,True,44,2026-03-01T00:00:00+00:00,2026-06-30T23:59:00+00:00,175680,,,,,,,,,,,,,,,,,,,,,,
40,100.0,10.0,0.75,100.0,1.5,4,0.012,0.012,0.12,0.025,1440.0,180.0,0.35,0.8,5.0,5.0,0.01,0.015,0.0002,0.0005,2.0,0.004,0.0125,0.001,0.001,100.0,50.0,1776162600000,0.1,73.45044072078866,-26.549559279211337,-26.549559279211334,35.420062507452656,23.67430052571702,0.053952698433623256,0,40,61,0,22,8,2938,840.0290912145778,73.45044072078866,60500.934231434,323,True,55,2026-03-01T00:00:00+00:00,2026-06-30T23:59:00+00:00,175680,68.16120120161739,-31.838798798382612,-31.838798798382616,35.34816920898906,23.598930956729408,0.09361087049700728,0.0,51.0,54.0,0.0,5.0,38.0,1108.0,756.697043575547,68.16120120161739,58043.3464734588,354.0,True,48.0,2026-07-01T00:00:00+00:00,2026-08-31T23:59:00+00:00,89280.0
41,100.0,10.0,0.6,75.0,1.15,3,0.012,0.006,0.08,0.025,120.0,180.0,0.35,0.65,5.0,5.0,0.04,0.06,0.0002,0.0005,2.0,0.004,0.0125,0.001,0.001,100.0,50.0,1776162600000,0.1,66.33584106409239,-33.66415893590761,-33.66415893590761,35.156477160120225,26.097556080701036,0.003871782684,0,59,78,0,1,57,299,514.3719,66.33584106409239,61373.067541402124,407,True,19,2026-03-01T00:00:00+00:00,2026-06-30T23:59:00+00:00,175680,,,,,,,,,,,,,,,,,,,,,,
42,100.0,10.0,0.75,50.0,1.15,2,0.025,0.025,0.25,0.05,1440.0,60.0,0.35,0.5,60.0,5.0,0.01,0.015,0.0002,0.0005,2.0,0.004,0.0125,0.001,0.001,100.0,50.0,1776162600000,0.1,66.31329559462706,-33.686704405372936,-33.686704405372936,35.26456947940987,24.974356647117375,0.04340860018170052,0,75,24,0,40,32,28,716.7264946380699,66.31329559462706,54729.39251423476,367,True,23,2026-03-01T00:00:00+00:00,2026-06-30T23:59:00+00:00,175680,,,,,,,,,,,,,,,,,,,,,,
43,100.0,7.0,0.9,75.0,1.15,3,0.008,0.004,0.18,0.05,360.0,15.0,0.35,0.65,60.0,5.0,0.01,0.015,0.0002,0.0005,2.0,0.004,0.0125,0.001,0.001,100.0,50.0,1776162600000,0.1,64.6647023930413,-35.335297606958704,-35.335297606958704,35.38919918742589,24.741687531270017,-0.00590521569,0,37,137,0,20,17,3610,489.5527000000001,64.6647023930413,64679.96872253996,424,True,24,2026-03-01T00:00:00+00:00,2026-06-30T23:59:00+00:00,175680,,,,,,,,,,,,,,,,,,,,,,
44,100.0,10.0,0.9,100.0,1.15,4,0.025,0.0125,0.18,0.025,120.0,360.0,0.35,0.65,60.0,5.0,0.04,0.03,0.0002,0.0005,2.0,0.004,0.0125,0.001,0.001,100.0,50.0,1776162600000,0.1,65.2170369837911,-34.782963016208896,-34.7829630162089,35.34271868809543,25.20742855621,0.0,0,82,19,0,1,81,0,503.13689999999997,65.2170369837911,52353.09465242005,369,True,3,2026-03-01T00:00:00+00:00,2026-06-30T23:59:00+00:00,175680,,,,,,,,,,,,,,,,,,,,,,
45,100.0,7.0,0.9,100.0,1.35,1,0.003,0.0015,0.25,0.01,360.0,360.0,0.35,0.2,60.0,5.0,0.04,0.03,0.0002,0.0005,2.0,0.004,0.0125,0.001,0.001,100.0,50.0,1776162600000,0.1,64.60939440040259,-35.39060559959741,-35.3906055995974,35.3906055995974,18.30081927090304,0.01504506520682574,0,13,128,6,1,6,1960,486.37536760925445,64.60939440040259,52554.51432180611,331,True,27,2026-03-01T00:00:00+00:00,2026-06-30T23:59:00+00:00,175680,,,,,,,,,,,,,,,,,,,,,,
46,100.0,10.0,0.6,50.0,1.35,3,0.025,0.025,0.08,0.05,360.0,360.0,0.35,0.4,5.0,5.0,0.04,0.015,0.0002,0.0005,2.0,0.004,0.0125,0.001,0.001,100.0,50.0,1776162600000,0.1,64.59206028368116,-35.407939716318836,-35.407939716318836,35.407939716318836,25.302342255370007,0.010304239049999999,0,89,4,0,18,71,155,518.0784,64.59206028368116,51077.96187074001,365,True,1,2026-03-01T00:00:00+00:00,2026-06-30T23:59:00+00:00,175680,,,,,,,,,,,,,,,,,,,,,,
47,100.0,10.0,0.75,75.0,1.75,3,0.003,0.0015,0.08,0.025,2880.0,60.0,0.35,0.4,5.0,5.0,0.01,0.03,0.0002,0.0005,2.0,0.004,0.0125,0.001,0.001,100.0,50.0,1776162600000,0.1,64.45295074534802,-35.54704925465198,-35.54704925465199,35.54704925465199,15.774128657648848,-0.014964614708000003,0,9,126,0,9,0,6763,542.8242237562234,64.45295074534802,46533.359795297714,292,True,18,2026-03-01T00:00:00+00:00,2026-06-30T23:59:00+00:00,175680,,,,,,,,,,,,,,,,,,,,,,
48,100.0,10.0,0.9,75.0,1.5,3,0.018,0.013499999999999998,0.08,0.05,2880.0,60.0,0.35,0.8,30.0,5.0,0.04,0.015,0.0002,0.0005,2.0,0.004,0.0125,0.001,0.001,100.0,50.0,1776162600000,0.1,78.01639025571072,-21.983609744289282,-21.98360974428928,35.25755069738925,52.32650812732592,0.06465051028886305,0,99,168,0,60,23,182,859.5423537471877,78.01639025571072,135728.480854652,816,True,122,2026-03-01T00:00:00+00:00,2026-06-30T23:59:00+00:00,175680,67.30927267502152,-32.69072732497848,-32.69072732497848,35.348636242360364,13.492701411584493,-0.019956211774841873,0.0,26.0,39.0,0.0,5.0,20.0,601.0,755.0012604406448,67.30927267502152,33507.572983169,208.0,True,26.0,2026-07-01T00:00:00+00:00,2026-08-31T23:59:00+00:00,89280.0
49,100.0,7.0,0.9,75.0,1.5,1,0.008,0.004,0.12,0.01,120.0,60.0,0.35,0.8,5.0,5.0,0.04,0.06,0.0002,0.0005,2.0,0.004,0.0125,0.001,0.001,100.0,50.0,1776162600000,0.1,65.16154885979061,-34.838451140209386,-34.83845114020938,35.33366828784268,23.84231358637958,0.01038020704382574,0,39,105,0,1,32,587,490.44434839834,65.16154885979061,60084.40171275912,385,True,27,2026-03-01T00:00:00+00:00,2026-06-30T23:59:00+00:00,175680,,,,,,,,,,,,,,,,,,,,,,
50,100.0,10.0,0.75,125.0,1.75,4,0.018,0.009,0.08,0.025,2880.0,60.0,0.35,0.4,60.0,5.0,0.01,0.06,0.0002,0.0005,2.0,0.004,0.0125,0.001,0.001,100.0,50.0,1776162600000,0.1,71.92425767139062,-28.07574232860938,-28.075742328609376,35.29530947609357,19.14389476424387,0.03106532282420829,0,32,70,0,21,1,613,589.3504556196253,71.92425767139062,48613.03136848776,278,True,24,2026-03-01T00:00:00+00:00,2026-06-30T23:59:00+00:00,175680,67.3381855750707,-32.661814424929304,-32.661814424929304,34.20636247502004,30.260020089356203,0.06401278833892189,0.0,49.0,123.0,3.0,14.0,18.0,8445.0,715.5063251320756,67.3381855750707,75301.4084587124,458.0,False,26.0,2026-07-01T00:00:00+00:00,2026-08-31T23:59:00+00:00,89280.0
51,100.0,10.0,0.9,125.0,1.5,1,0.003,0.003,0.08,0.05,1440.0,60.0,0.35,0.3,30.0,5.0,0.01,0.06,0.0002,0.0005,2.0,0.004,0.0125,0.001,0.001,100.0,50.0,1776162600000,0.1,64.75346354934796,-35.246536450652044,-35.246536450652044,35.37422240802487,24.345744329109984,-0.005411381542857366,0,20,127,11,9,0,938,695.8185185305954,64.75346354934796,73291.99967822002,395,True,69,2026-03-01T00:00:00+00:00,2026-06-30T23:59:00+00:00,175680,,,,,,,,,,,,,,,,,,,,,,
52,100.0,10.0,0.9,125.0,1.75,3,0.018,0.009,0.08,0.05,1440.0,60.0,0.35,0.5,30.0,5.0,0.04,0.015,0.0002,0.0005,2.0,0.004,0.0125,0.001,0.001,100.0,50.0,1776162600000,0.1,71.48299582858553,-28.51700417141447,-28.517004171414474,35.36257659680728,45.71649766494577,0.07895327637450911,0,69,166,0,38,18,921,863.7932818380884,71.48299582858553,120082.21742989171,647,True,71,2026-03-01T00:00:00+00:00,2026-06-30T23:59:00+00:00,175680,66.16074689427792,-33.83925310572208,-33.83925310572208,35.3567940334351,17.14756664445763,0.061333287174264964,0.0,27.0,57.0,0.0,6.0,18.0,257.0,754.7912579439253,66.16074689427792,43502.723928915264,237.0,True,21.0,2026-07-01T00:00:00+00:00,2026-08-31T23:59:00+00:00,89280.0
53,100.0,10.0,0.9,125.0,1.15,4,0.008,0.008,0.12,0.05,120.0,180.0,0.35,0.8,5.0,5.0,0.02,0.015,0.0002,0.0005,2.0,0.004,0.0125,0.001,0.001,100.0,50.0,1776162600000,0.1,64.72836929279273,-35.271630707207265,-35.271630707207265,35.366779516116054,31.19195877642713,-0.005897672839058707,0,77,41,0,9,67,16,722.7561000000002,64.72836929279273,71299.35721285424,426,True,42,2026-03-01T00:00:00+00:00,2026-06-30T23:59:00+00:00,175680,,,,,,,,,,,,,,,,,,,,,,
54,100.0,10.0,0.9,50.0,1.35,2,0.005,0.005,0.08,0.01,360.0,60.0,0.35,0.4,60.0,5.0,0.02,0.015,0.0002,0.0005,2.0,0.004,0.0125,0.001,0.001,100.0,50.0,1776162600000,0.1,67.60871321711744,-32.39128678288256,-32.39128678288255,35.376908030343166,58.70609202132773,-0.024213466021349987,0,79,174,0,18,13,2308,851.4492000000001,67.60871321711744,158014.18644265571,774,True,152,2026-03-01T00:00:00+00:00,2026-06-30T23:59:00+00:00,175680,,,,,,,,,,,,,,,,,,,,,,
55,100.0,10.0,0.9,50.0,1.35,3,0.018,0.009,0.25,0.025,120.0,15.0,0.35,0.4,15.0,5.0,0.04,0.06,0.0002,0.0005,2.0,0.004,0.0125,0.001,0.001,100.0,50.0,1776162600000,0.1,65.19606656444141,-34.80393343555859,-34.80393343555859,35.21433368948431,19.54105521070001,-0.002244704859,0,49,47,0,1,48,83,684.2621371814,65.19606656444141,44277.07422139996,301,True,11,2026-03-01T00:00:00+00:00,2026-06-30T23:59:00+00:00,175680,,,,,,,,,,,,,,,,,,,,,,
56,100.0,10.0,0.6,50.0,1.15,4,0.018,0.013499999999999998,0.08,0.025,720.0,15.0,0.35,0.8,60.0,5.0,0.01,0.06,0.0002,0.0005,2.0,0.004,0.0125,0.001,0.001,100.0,50.0,1776162600000,0.1,66.32631785181658,-33.67368214818342,-33.67368214818342,35.300563023062196,23.169017392100624,0.0028572426604259096,0,54,56,0,20,30,1908,518.0784,66.32631785181658,53627.08348420123,343,True,21,2026-03-01T00:00:00+00:00,2026-06-30T23:59:00+00:00,175680,,,,,,,,,,,,,,,,,,,,,,
57,100.0,7.0,0.9,100.0,1.15,1,0.005,0.0075,0.08,0.05,1440.0,180.0,0.35,0.5,30.0,5.0,0.02,0.03,0.0002,0.0005,2.0,0.004,0.0125,0.001,0.001,100.0,50.0,1776162600000,0.1,66.6827647983502,-33.317235201649794,-33.317235201649794,35.12011005872091,14.201042271059038,0.008202028643648203,0,19,81,0,4,14,21449,508.0551149498131,66.6827647983502,37881.58078211808,244,True,14,2026-03-01T00:00:00+00:00,2026-06-30T23:59:00+00:00,175680,,,,,,,,,,,,,,,,,,,,,,
58,100.0,10.0,0.75,50.0,1.75,2,0.005,0.00375,0.18,0.05,120.0,180.0,0.35,0.2,30.0,5.0,0.02,0.06,0.0002,0.0005,2.0,0.004,0.0125,0.001,0.001,100.0,50.0,1776162600000,0.1,65.19579037586496,-34.80420962413504,-34.80420962413504,35.31100002098202,15.727622130669937,0.009078966396000001,0,23,62,6,1,16,837,572.1448,65.19579037586496,41260.79490133985,233,True,23,2026-03-01T00:00:00+00:00,2026-06-30T23:59:00+00:00,175680,,,,,,,,,,,,,,,,,,,,,,
59,100.0,10.0,0.6,50.0,1.5,4,0.018,0.026999999999999996,0.18,0.025,2880.0,180.0,0.35,0.5,15.0,5.0,0.02,0.015,0.0002,0.0005,2.0,0.004,0.0125,0.001,0.001,100.0,50.0,1776162600000,0.1,73.94125316389113,-26.058746836108867,-26.05874683610887,35.27273653244474,33.42150326731989,-0.2904175311460908,0,92,36,0,47,21,587,579.6511,73.94125316389113,78261.95285463978,517,True,83,2026-03-01T00:00:00+00:00,2026-06-30T23:59:00+00:00,175680,100.52742390524239,0.5274239052423866,0.5274239052423857,11.977167090909491,10.49966802337999,0.13691564862194808,0.0,43.0,12.0,0.0,12.0,20.0,0.0,563.4917131254274,94.62647131952241,25084.24662676,232.0,False,40.0,2026-07-01T00:00:00+00:00,2026-08-31T23:59:00+00:00,89280.0
60,100.0,7.0,0.9,100.0,1.35,4,0.012,0.018000000000000002,0.18,0.01,720.0,15.0,0.35,0.4,60.0,5.0,0.01,0.015,0.0002,0.0005,2.0,0.004,0.0125,0.001,0.001,100.0,50.0,1776162600000,0.1,67.42276631224796,-32.57723368775204,-32.57723368775204,35.484835091407476,59.409249904870045,0.03510399711571235,0,150,43,2,43,47,2174,531.8509,67.42276631224796,135129.52914974003,770,True,102,2026-03-01T00:00:00+00:00,2026-06-30T23:59:00+00:00,175680,,,,,,,,,,,,,,,,,,,,,,
61,100.0,10.0,0.75,50.0,1.75,1,0.018,0.013499999999999998,0.18,0.01,360.0,15.0,0.35,0.65,30.0,5.0,0.02,0.03,0.0002,0.0005,2.0,0.004,0.0125,0.001,0.001,100.0,50.0,1776162600000,0.1,65.98086187693089,-34.01913812306911,-34.01913812306911,35.45943555753175,29.18245401066001,0.021262087589002054,0,72,47,0,1,53,234,592.0896,65.98086187693089,66117.51870131998,405,True,23,2026-03-01T00:00:00+00:00,2026-06-30T23:59:00+00:00,175680,,,,,,,,,,,,,,,,,,,,,,
62,100.0,10.0,0.9,75.0,1.15,4,0.018,0.026999999999999996,0.25,0.01,1440.0,15.0,0.35,0.65,15.0,5.0,0.02,0.03,0.0002,0.0005,2.0,0.004,0.0125,0.001,0.001,100.0,50.0,1776162600000,0.1,70.62724738770657,-29.372752612293425,-29.37275261229343,35.31015025733949,21.674288350857317,0.07934937947089662,0,49,12,0,2,12,1046,965.6059986087203,70.62724738770657,50224.86416171467,266,True,46,2026-03-01T00:00:00+00:00,2026-06-30T23:59:00+00:00,175680,,,,,,,,,,,,,,,,,,,,,,
63,100.0,7.0,0.9,75.0,1.5,2,0.025,0.037500000000000006,0.08,0.05,1440.0,180.0,0.35,0.4,30.0,5.0,0.01,0.015,0.0002,0.0005,2.0,0.004,0.0125,0.001,0.001,100.0,50.0,1776162600000,0.1,66.12254338541132,-33.87745661458868,-33.87745661458869,35.24627419676768,21.162657260561538,0.06281095273611487,0,65,8,5,33,26,623,531.8509,66.12254338541132,45340.258841123024,295,True,19,2026-03-01T00:00:00+00:00,2026-06-30T23:59:00+00:00,175680,,,,,,,,,,,,,,,,,,,,,,
64,100.0,10.0,0.75,75.0,1.15,1,0.008,0.004,0.08,0.025,360.0,360.0,0.35,0.5,30.0,5.0,0.04,0.015,0.0002,0.0005,2.0,0.004,0.0125,0.001,0.001,100.0,50.0,1776162600000,0.1,64.81134754868336,-35.18865245131664,-35.188652451316635,35.24267626857398,19.305511324333015,0.03175601903903469,0,25,94,0,11,11,41,685.2415806553,64.81134754868336,52300.32606866601,308,True,36,2026-03-01T00:00:00+00:00,2026-06-30T23:59:00+00:00,175680,,,,,,,,,,,,,,,,,,,,,,
65,100.0,10.0,0.75,50.0,1.75,1,0.012,0.018000000000000002,0.18,0.05,1440.0,360.0,0.35,0.3,60.0,5.0,0.01,0.06,0.0002,0.0005,2.0,0.004,0.0125,0.001,0.001,100.0,50.0,1776162600000,0.1,79.46514417564829,-20.53485582435171,-20.534855824351705,35.39523990300686,20.203478638697266,0.06433519115451644,0,42,22,23,11,5,78,843.77371695648,79.46514417564829,49047.17339739451,241,True,37,2026-03-01T00:00:00+00:00,2026-06-30T23:59:00+00:00,175680,68.37941524297243,-31.620584757027572,-31.62058475702757,35.212885923419854,12.790489723127045,0.030031900195357755,0.0,66.0,24.0,47.0,5.0,14.0,0.0,383.1006,68.37941524297243,29540.0352862541,344.0,True,38.0,2026-07-01T00:00:00+00:00,2026-08-31T23:59:00+00:00,89280.0
66,100.0,10.0,0.9,125.0,1.75,1,0.003,0.0022500000000000003,0.25,0.025,2880.0,360.0,0.35,0.2,60.0,5.0,0.04,0.015,0.0002,0.0005,2.0,0.004,0.0125,0.001,0.001,100.0,50.0,1776162600000,0.1,64.91046700376964,-35.08953299623036,-35.08953299623037,35.30488470879786,18.472951233713886,0.008355449716321404,0,12,106,5,6,0,1408,832.6697592855913,64.91046700376964,58159.3284674278,292,True,44,2026-03-01T00:00:00+00:00,2026-06-30T23:59:00+00:00,175680,,,,,,,,,,,,,,,,,,,,,,
67,100.0,10.0,0.6,100.0,1.35,1,0.005,0.005,0.18,0.025,120.0,180.0,0.35,0.65,30.0,5.0,0.02,0.06,0.0002,0.0005,2.0,0.004,0.0125,0.001,0.001,100.0,50.0,1776162600000,0.1,65.28667071102619,-34.71332928897381,-34.71332928897382,35.557552600949826,15.006461822990005,0.01556235401582574,0,27,54,0,1,25,816,490.44434839834,65.28667071102619,37754.86776597999,233,True,21,2026-03-01T00:00:00+00:00,2026-06-30T23:59:00+00:00,175680,,,,,,,,,,,,,,,,,,,,,,
68,100.0,10.0,0.6,75.0,1.15,3,0.003,0.0015,0.18,0.025,1440.0,360.0,0.35,0.5,15.0,5.0,0.04,0.03,0.0002,0.0005,2.0,0.004,0.0125,0.001,0.001,100.0,50.0,1776162600000,0.1,64.80692688783552,-35.193073112164484,-35.193073112164484,35.193073112164484,11.050734456809177,0.019556803002,0,4,101,0,2,2,6095,477.1197593659,64.80692688783552,31728.941593618354,221,True,7,2026-03-01T00:00:00+00:00,2026-06-30T23:59:00+00:00,175680,,,,,,,,,,,,,,,,,,,,,,
69,100.0,7.0,0.9,75.0,1.15,1,0.018,0.013499999999999998,0.08,0.01,2880.0,60.0,0.35,0.5,5.0,5.0,0.01,0.06,0.0002,0.0005,2.0,0.004,0.0125,0.001,0.001,100.0,50.0,1776162600000,0.1,66.80619851532572,-33.19380148467428,-33.19380148467428,35.149126736318415,22.27632520141231,0.04089537213745998,0,47,63,0,24,7,7961,518.5481,66.80619851532572,53065.31006282458,330,True,26,2026-03-01T00:00:00+00:00,2026-06-30T23:59:00+00:00,175680,,,,,,,,,,,,,,,,,,,,,,
70,100.0,10.0,0.9,100.0,1.5,2,0.003,0.0045000000000000005,0.08,0.01,2880.0,15.0,0.35,0.8,30.0,5.0,0.01,0.03,0.0002,0.0005,2.0,0.004,0.0125,0.001,0.001,100.0,50.0,1776162600000,0.1,65.42897470030968,-34.57102529969032,-34.57102529969032,35.54269224509349,12.80674900468723,-0.024043810868630437,0,17,50,0,12,0,3651,811.7980277974799,65.42897470030968,36357.319889374456,189,True,37,2026-03-01T00:00:00+00:00,2026-06-30T23:59:00+00:00,175680,,,,,,,,,,,,,,,,,,,,,,
71,100.0,10.0,0.75,100.0,1.5,1,0.005,0.00375,0.08,0.025,1440.0,60.0,0.35,0.8,30.0,5.0,0.04,0.06,0.0002,0.0005,2.0,0.004,0.0125,0.001,0.001,100.0,50.0,1776162600000,0.1,64.73608862605457,-35.26391137394543,-35.26391137394543,35.26391137394543,11.906423794087917,-0.00031062579407412083,0,7,78,0,5,1,1031,681.39,64.73608862605457,36246.067088175834,209,True,29,2026-03-01T00:00:00+00:00,2026-06-30T23:59:00+00:00,175680,,,,,,,,,,,,,,,,,,,,,,
72,100.0,7.0,0.9,75.0,1.35,1,0.025,0.037500000000000006,0.08,0.025,360.0,15.0,0.35,0.3,5.0,5.0,0.04,0.03,0.0002,0.0005,2.0,0.004,0.0125,0.001,0.001,100.0,50.0,1776162600000,0.1,64.48333839316871,-35.51666160683129,-35.51666160683129,35.51666160683129,21.049630697547318,0.005251877531295444,0,74,1,40,2,32,8,501.35861971890034,64.48333839316871,42556.63131509469,301,True,3,2026-03-01T00:00:00+00:00,2026-06-30T23:59:00+00:00,175680,,,,,,,,,,,,,,,,,,,,,,
73,100.0,10.0,0.6,50.0,1.5,1,0.018,0.009,0.25,0.025,120.0,15.0,0.35,0.3,5.0,5.0,0.01,0.03,0.0002,0.0005,2.0,0.004,0.0125,0.001,0.001,100.0,50.0,1776162600000,0.1,64.55226628695735,-35.44773371304265,-35.44773371304265,35.468950393957,26.363064968299994,0.0030089752563695646,0,77,48,18,10,49,37,477.09368388304006,64.55226628695735,57420.69409660003,404,True,6,2026-03-01T00:00:00+00:00,2026-06-30T23:59:00+00:00,175680,,,,,,,,,,,,,,,,,,,,,,
74,100.0,7.0,0.9,75.0,1.15,2,0.005,0.00375,0.18,0.025,2880.0,180.0,0.35,0.65,30.0,5.0,0.02,0.06,0.0002,0.0005,2.0,0.004,0.0125,0.001,0.001,100.0,50.0,1776162600000,0.1,67.26494871093996,-32.73505128906004,-32.73505128906004,35.40949787291002,11.684952052104384,-0.006626548191351797,0,7,94,0,2,5,25679,600.5271704046241,67.26494871093996,32924.94334420876,222,True,8,2026-03-01T00:00:00+00:00,2026-06-30T23:59:00+00:00,175680,,,,,,,,,,,,,,,,,,,,,,
75,100.0,7.0,0.9,75.0,1.35,1,0.005,0.0025,0.25,0.05,1440.0,180.0,0.35,0.4,60.0,5.0,0.01,0.06,0.0002,0.0005,2.0,0.004,0.0125,0.001,0.001,100.0,50.0,1776162600000,0.1,64.72411346149597,-35.275886538504025,-35.27588653850402,35.27588653850402,19.385240793805618,-0.016670213445351797,0,13,148,0,8,5,10580,503.88379999999995,64.72411346149597,55709.47170761128,361,True,23,2026-03-01T00:00:00+00:00,2026-06-30T23:59:00+00:00,175680,,,,,,,,,,,,,,,,,,,,,,
76,100.0,10.0,0.6,50.0,1.15,2,0.012,0.006,0.12,0.05,720.0,180.0,0.35,0.8,60.0,5.0,0.01,0.06,0.0002,0.0005,2.0,0.004,0.0125,0.001,0.001,100.0,50.0,1776162600000,0.1,80.55043456641148,-19.449565433588518,-19.44956543358852,35.36227292789113,37.75637575367521,0.049672768755746784,0,48,170,0,13,31,1521,687.7956553188429,80.55043456641148,102896.6659473504,586,True,74,2026-03-01T00:00:00+00:00,2026-06-30T23:59:00+00:00,175680,70.11360036200485,-29.886399637995154,-29.886399637995154,35.230422829202425,26.138192972058874,0.09530142203666857,0.0,85.0,189.0,0.0,6.0,79.0,54.0,572.8550989862186,70.11360036200485,67914.90972411784,794.0,True,80.0,2026-07-01T00:00:00+00:00,2026-08-31T23:59:00+00:00,89280.0
77,100.0,10.0,0.9,75.0,1.5,4,0.003,0.0015,0.12,0.01,120.0,360.0,0.35,0.4,15.0,5.0,0.01,0.06,0.0002,0.0005,2.0,0.004,0.0125,0.001,0.001,100.0,50.0,1776162600000,0.1,64.84586187902478,-35.15413812097522,-35.15413812097522,35.34340688442714,8.471957959480118,-0.00400216127,0,8,47,0,5,3,472,804.967876034269,64.84586187902478,24591.523778960236,136,True,20,2026-03-01T00:00:00+00:00,2026-06-30T23:59:00+00:00,175680,,,,,,,,,,,,,,,,,,,,,,
78,100.0,10.0,0.75,125.0,1.75,2,0.025,0.025,0.18,0.05,2880.0,15.0,0.35,0.4,60.0,5.0,0.04,0.06,0.0002,0.0005,2.0,0.004,0.0125,0.001,0.001,100.0,50.0,1776162600000,0.1,74.7099841790345,-25.290015820965493,-25.290015820965493,35.35102313094075,35.86246032566699,-0.24998908088048558,0,69,62,14,2,34,6960,653.96406585504,74.50908467688454,84980.99923133398,445,True,45,2026-03-01T00:00:00+00:00,2026-06-30T23:59:00+00:00,175680,62.23173408889965,-37.76826591110035,-37.76826591110035,39.242652909892605,11.05200045508883,0.10448368164573119,0.0,29.0,16.0,4.0,2.0,22.0,4352.0,740.1075410526315,62.23173408889965,25098.298030177655,154.0,True,10.0,2026-07-01T00:00:00+00:00,2026-08-31T23:59:00+00:00,89280.0
79,100.0,10.0,0.9,50.0,1.5,4,0.008,0.006,0.18,0.025,360.0,60.0,0.35,0.2,15.0,5.0,0.04,0.015,0.0002,0.0005,2.0,0.004,0.0125,0.001,0.001,100.0,50.0,1776162600000,0.1,66.49725844946548,-33.50274155053452,-33.50274155053452,35.36716000374683,30.461276576523645,-0.01875216534324676,0,50,89,18,12,12,544,829.960351807648,66.49725844946548,77979.20315304733,426,True,62,2026-03-01T00:00:00+00:00,2026-06-30T23:59:00+00:00,175680,,,,,,,,,,,,,,,,,,,,,,
80,100.0,10.0,0.9,75.0,1.75,3,0.018,0.026999999999999996,0.12,0.05,360.0,360.0,0.35,0.2,5.0,5.0,0.04,0.06,0.0002,0.0005,2.0,0.004,0.0125,0.001,0.001,100.0,50.0,1776162600000,0.1,67.49131487454113,-32.50868512545887,-32.50868512545887,35.41444142789043,31.793727698853257,0.08099338657918927,0,103,4,49,1,52,16,595.3560848696001,67.49131487454113,66263.4351177064,434,True,14,2026-03-01T00:00:00+00:00,2026-06-30T23:59:00+00:00,175680,,,,,,,,,,,,,,,,,,,,,,
81,100.0,10.0,0.6,50.0,1.15,2,0.003,0.003,0.18,0.05,360.0,60.0,0.35,0.3,5.0,5.0,0.01,0.03,0.0002,0.0005,2.0,0.004,0.0125,0.001,0.001,100.0,50.0,1776162600000,0.1,64.76764438103878,-35.23235561896122,-35.23235561896122,35.501533612698175,17.919691413749998,-0.0019609452119999987,0,21,108,6,9,6,4198,489.5527000000001,64.76764438103878,49859.76036750001,313,True,27,2026-03-01T00:00:00+00:00,2026-06-30T23:59:00+00:00,175680,,,,,,,,,,,,,,,,,,,,,,
82,100.0,7.0,0.9,50.0,1.35,4,0.025,0.018750000000000003,0.12,0.05,1440.0,180.0,0.35,0.3,15.0,5.0,0.04,0.03,0.0002,0.0005,2.0,0.004,0.0125,0.001,0.001,100.0,50.0,1776162600000,0.1,66.26591036037242,-33.734089639627584,-33.734089639627584,35.14180203994795,16.298218637920865,-0.008445363441317213,0,47,25,38,2,7,189,508.93983872131145,66.26591036037242,35440.47711584172,240,True,6,2026-03-01T00:00:00+00:00,2026-06-30T23:59:00+00:00,175680,,,,,,,,,,,,,,,,,,,,,,
83,100.0,7.0,0.9,125.0,1.15,1,0.008,0.006,0.25,0.025,720.0,15.0,0.35,0.8,30.0,5.0,0.02,0.06,0.0002,0.0005,2.0,0.004,0.0125,0.001,0.001,100.0,50.0,1776162600000,0.1,69.6502124046441,-30.349787595355906,-30.349787595355902,35.29206468358753,20.435300099010014,0.00010892365335659661,0,24,104,0,1,15,4396,658.89,69.6502124046441,54833.28785802002,336,True,32,2026-03-01T00:00:00+00:00,2026-06-30T23:59:00+00:00,175680,,,,,,,,,,,,,,,,,,,,,,
84,100.0,10.0,0.9,75.0,1.15,4,0.025,0.0125,0.08,0.025,360.0,180.0,0.35,0.3,5.0,5.0,0.02,0.03,0.0002,0.0005,2.0,0.004,0.0125,0.001,0.001,100.0,50.0,1776162600000,0.1,66.14446691812157,-33.855533081878434,-33.855533081878434,35.44853849463168,31.908004481880003,0.0,0,96,42,38,1,55,0,502.23100894925,66.14446691812157,68164.93196376006,475,True,7,2026-03-01T00:00:00+00:00,2026-06-30T23:59:00+00:00,175680,,,,,,,,,,,,,,,,,,,,,,
85,100.0,7.0,0.9,75.0,1.15,1,0.008,0.006,0.18,0.05,720.0,180.0,0.35,0.3,30.0,5.0,0.01,0.015,0.0002,0.0005,2.0,0.004,0.0125,0.001,0.001,100.0,50.0,1776162600000,0.1,68.76801957531768,-31.23198042468232,-31.231980424682316,35.25889517173574,23.91358115496915,-0.002660731445524446,0,41,96,18,12,11,2477,518.0784,68.76801957531768,61713.68332993829,378,True,34,2026-03-01T00:00:00+00:00,2026-06-30T23:59:00+00:00,175680,,,,,,,,,,,,,,,,,,,,,,
86,100.0,10.0,0.6,50.0,1.35,4,0.018,0.026999999999999996,0.25,0.01,1440.0,180.0,0.35,0.5,5.0,5.0,0.02,0.06,0.0002,0.0005,2.0,0.004,0.0125,0.001,0.001,100.0,50.0,1776162600000,0.1,68.90601032789044,-31.093989672109558,-31.093989672109558,35.242504402954175,31.208542090914612,0.04748459908168203,0,95,29,0,2,53,9643,531.8509,68.90601032789044,70706.34392182925,492,True,54,2026-03-01T00:00:00+00:00,2026-06-30T23:59:00+00:00,175680,,,,,,,,,,,,,,,,,,,,,,
87,100.0,7.0,0.9,50.0,1.5,4,0.008,0.012,0.12,0.05,120.0,15.0,0.35,0.2,30.0,5.0,0.01,0.03,0.0002,0.0005,2.0,0.004,0.0125,0.001,0.001,100.0,50.0,1776162600000,0.1,66.54062486521346,-33.45937513478654,-33.45937513478654,35.274331628677004,28.472716789759996,0.0050460149722954435,0,79,23,25,9,45,445,502.86626762316,66.54062486521346,63317.50113952,391,True,35,2026-03-01T00:00:00+00:00,2026-06-30T23:59:00+00:00,175680,,,,,,,,,,,,,,,,,,,,,,
88,100.0,10.0,0.75,125.0,1.75,1,0.003,0.0045000000000000005,0.08,0.025,120.0,360.0,0.35,0.2,15.0,5.0,0.04,0.06,0.0002,0.0005,2.0,0.004,0.0125,0.001,0.001,100.0,50.0,1776162600000,0.1,65.45444899942706,-34.54555100057294,-34.545551000572935,35.16621680686755,25.016292696453643,0.048994228620578166,0,41,73,11,1,26,1106,592.0896,65.45444899942706,64804.42507290729,347,True,41,2026-03-01T00:00:00+00:00,2026-06-30T23:59:00+00:00,175680,,,,,,,,,,,,,,,,,,,,,,
89,100.0,10.0,0.9,75.0,1.15,2,0.008,0.004,0.08,0.05,720.0,60.0,0.35,0.4,15.0,5.0,0.04,0.015,0.0002,0.0005,2.0,0.004,0.0125,0.001,0.001,100.0,50.0,1776162600000,0.1,68.94295841384633,-31.057041586153673,-31.057041586153677,35.55906438106929,35.34401028527741,-0.034911036890990274,0,32,178,0,20,5,295,927.8752000000002,68.94295841384633,104189.19799055476,543,True,95,2026-03-01T00:00:00+00:00,2026-06-30T23:59:00+00:00,175680,,,,,,,,,,,,,,,,,,,,,,
90,100.0,10.0,0.9,75.0,1.35,4,0.018,0.009,0.12,0.01,120.0,60.0,0.35,0.2,60.0,5.0,0.01,0.015,0.0002,0.0005,2.0,0.004,0.0125,0.001,0.001,100.0,50.0,1776162600000,0.1,65.30025557249115,-34.69974442750885,-34.69974442750885,35.282585795252096,24.22350652751,0.0,0,79,32,17,9,53,0,472.83529999999996,65.30025557249115,51549.29133502,368,True,4,2026-03-01T00:00:00+00:00,2026-06-30T23:59:00+00:00,175680,,,,,,,,,,,,,,,,,,,,,,
91,100.0,10.0,0.75,50.0,1.35,4,0.012,0.018000000000000002,0.18,0.05,120.0,360.0,0.35,0.65,60.0,5.0,0.02,0.06,0.0002,0.0005,2.0,0.004,0.0125,0.001,0.001,100.0,50.0,1776162600000,0.1,68.12701222698077,-31.872987773019233,-31.872987773019233,35.23200902482772,28.331473813020004,0.0,0,87,8,0,1,85,75,684.2621371814,68.12701222698077,60315.57602604002,387,True,23,2026-03-01T00:00:00+00:00,2026-06-30T23:59:00+00:00,175680,,,,,,,,,,,,,,,,,,,,,,
92,100.0,7.0,0.9,125.0,1.15,1,0.018,0.026999999999999996,0.12,0.025,360.0,180.0,0.35,0.8,5.0,5.0,0.04,0.015,0.0002,0.0005,2.0,0.004,0.0125,0.001,0.001,100.0,50.0,1776162600000,0.1,64.45460136095356,-35.54539863904644,-35.54539863904645,35.54539863904645,34.3555214142,-0.002438104848290141,0,112,4,0,23,87,416,519.6383813478201,64.45460136095356,71547.38742840002,476,True,20,2026-03-01T00:00:00+00:00,2026-06-30T23:59:00+00:00,175680,,,,,,,,,,,,,,,,,,,,,,
93,100.0,10.0,0.9,75.0,1.75,2,0.003,0.0045000000000000005,0.08,0.025,1440.0,360.0,0.35,0.2,15.0,5.0,0.01,0.015,0.0002,0.0005,2.0,0.004,0.0125,0.001,0.001,100.0,50.0,1776162600000,0.1,64.78665201966733,-35.21334798033267,-35.213347980332664,35.46874973681183,33.146150595531374,0.027603982541011023,0,40,111,16,11,0,10206,843.6421752324001,64.78665201966733,96421.11951106282,447,True,81,2026-03-01T00:00:00+00:00,2026-06-30T23:59:00+00:00,175680,,,,,,,,,,,,,,,,,,,,,,
94,100.0,10.0,0.9,75.0,1.35,1,0.025,0.037500000000000006,0.25,0.01,1440.0,180.0,0.35,0.2,60.0,5.0,0.02,0.015,0.0002,0.0005,2.0,0.004,0.0125,0.001,0.001,100.0,50.0,1776162600000,0.1,64.70467028706109,-35.29532971293891,-35.29532971293891,35.304792098741835,23.809829312940007,0.0,0,80,1,56,17,6,0,513.0293975434599,64.70467028706109,48936.91602587999,332,True,10,2026-03-01T00:00:00+00:00,2026-06-30T23:59:00+00:00,175680,,,,,,,,,,,,,,,,,,,,,,
95,100.0,10.0,0.75,75.0,1.75,4,0.003,0.0022500000000000003,0.12,0.01,2880.0,180.0,0.35,0.8,60.0,5.0,0.04,0.06,0.0002,0.0005,2.0,0.004,0.0125,0.001,0.001,100.0,50.0,1776162600000,0.1,64.97545230684642,-35.02454769315358,-35.02454769315357,35.1821334352437,13.287810317221613,0.02440762220350725,0,9,89,0,4,0,6114,555.6396595362401,64.97545230684642,38764.02147444325,227,True,19,2026-03-01T00:00:00+00:00,2026-06-30T23:59:00+00:00,175680,,,,,,,,,,,,,,,,,,,,,,
96,100.0,10.0,0.75,125.0,1.5,2,0.025,0.037500000000000006,0.08,0.05,120.0,15.0,0.35,0.8,5.0,5.0,0.04,0.03,0.0002,0.0005,2.0,0.004,0.0125,0.001,0.001,100.0,50.0,1776162600000,0.1,64.75904940764785,-35.24095059235215,-35.24095059235215,35.24095059235215,20.91554197134907,-0.002244704859,0,74,1,0,2,72,36,487.07771546144005,64.75904940764785,42276.196522698156,301,True,3,2026-03-01T00:00:00+00:00,2026-06-30T23:59:00+00:00,175680,,,,,,,,,,,,,,,,,,,,,,
97,100.0,10.0,0.9,75.0,1.15,1,0.005,0.0075,0.12,0.05,360.0,60.0,0.35,0.65,15.0,5.0,0.01,0.06,0.0002,0.0005,2.0,0.004,0.0125,0.001,0.001,100.0,50.0,1776162600000,0.1,65.81628010850598,-34.18371989149402,-34.18371989149402,35.3508415463139,18.274567138699364,-0.007785223282956621,0,26,58,0,11,14,687,694.94,65.81628010850598,49544.85191739876,261,True,49,2026-03-01T00:00:00+00:00,2026-06-30T23:59:00+00:00,175680,,,,,,,,,,,,,,,,,,,,,,
98,100.0,10.0,0.6,100.0,1.5,2,0.018,0.018,0.18,0.05,360.0,15.0,0.35,0.4,15.0,5.0,0.02,0.03,0.0002,0.0005,2.0,0.004,0.0125,0.001,0.001,100.0,50.0,1776162600000,0.1,71.38554936638845,-28.614450633611554,-28.614450633611554,35.28910034244955,30.313728518030015,0.014427104416689868,0,85,34,1,1,80,512,515.93504088406,71.38554936638845,66469.54399605999,429,True,23,2026-03-01T00:00:00+00:00,2026-06-30T23:59:00+00:00,175680,65.62434827537278,-34.37565172462722,-34.37565172462722,35.507151700268835,31.263761932389976,0.06956322776157196,0.0,112.0,13.0,3.0,1.0,108.0,227.0,599.6843308696,65.62434827537278,65173.51600477998,487.0,True,13.0,2026-07-01T00:00:00+00:00,2026-08-31T23:59:00+00:00,89280.0
99,100.0,10.0,0.75,125.0,1.35,2,0.008,0.006,0.25,0.05,1440.0,360.0,0.35,0.8,15.0,5.0,0.01,0.06,0.0002,0.0005,2.0,0.004,0.0125,0.001,0.001,100.0,50.0,1776162600000,0.1,68.65399323735392,-31.346006762646084,-31.346006762646084,35.399896488057216,14.685412686060005,0.04426740341357037,0,15,73,0,10,5,6206,692.137,68.65399323735392,41675.47717212003,232,True,34,2026-03-01T00:00:00+00:00,2026-06-30T23:59:00+00:00,175680,,,,,,,,,,,,,,,,,,,,,,
100,100.0,10.0,0.75,75.0,1.75,1,0.018,0.018,0.25,0.025,2880.0,360.0,0.35,0.4,30.0,5.0,0.02,0.03,0.0002,0.0005,2.0,0.004,0.0125,0.001,0.001,100.0,50.0,1776162600000,0.1,74.43072299888735,-25.569277001112653,-25.569277001112656,35.48117380591306,14.394491798139796,0.13001039534522973,0,22,38,1,2,5,896,824.0687999999999,74.43072299888735,36459.239236279616,187,True,25,2026-03-01T00:00:00+00:00,2026-06-30T23:59:00+00:00,175680,70.12469148961495,-29.875308510385054,-29.875308510385057,35.230565094019475,12.594141280540242,0.05706529064372433,0.0,27.0,27.0,3.0,2.0,14.0,838.0,761.694,70.12469148961495,30474.333681080487,178.0,True,20.0,2026-07-01T00:00:00+00:00,2026-08-31T23:59:00+00:00,89280.0
101,100.0,10.0,0.9,50.0,1.5,3,0.018,0.026999999999999996,0.08,0.01,360.0,180.0,0.35,0.65,15.0,5.0,0.04,0.03,0.0002,0.0005,2.0,0.004,0.0125,0.001,0.001,100.0,50.0,1776162600000,0.1,66.59884822477314,-33.401151775226865,-33.401151775226865,35.26995286766731,25.52053455589774,0.023152546437556196,0,76,5,0,2,59,20,820.724593135509,66.59884822477314,54674.3139117955,339,True,25,2026-03-01T00:00:00+00:00,2026-06-30T23:59:00+00:00,175680,,,,,,,,,,,,,,,,,,,,,,
102,100.0,10.0,0.9,100.0,1.75,3,0.012,0.012,0.25,0.01,1440.0,180.0,0.35,0.3,30.0,5.0,0.04,0.015,0.0002,0.0005,2.0,0.004,0.0125,0.001,0.001,100.0,50.0,1776162600000,0.1,69.27519314549197,-30.72480685450803,-30.724806854508035,35.41437579597512,16.51524105038988,0.008248290803060592,0,35,24,12,9,1,510,883.13594589597,69.27519314549197,39236.33352077972,207,True,25,2026-03-01T00:00:00+00:00,2026-06-30T23:59:00+00:00,175680,,,,,,,,,,,,,,,,,,,,,,
103,100.0,7.0,0.9,100.0,1.15,2,0.018,0.013499999999999998,0.08,0.01,2880.0,15.0,0.35,0.8,15.0,5.0,0.02,0.015,0.0002,0.0005,2.0,0.004,0.0125,0.001,0.001,100.0,50.0,1776162600000,0.1,65.677681031636,-34.322318968364,-34.322318968363994,35.353248522590356,28.089071429219985,0.05865870085412276,0,65,77,0,45,7,11794,518.0784,65.677681031636,65805.12335844,424,True,26,2026-03-01T00:00:00+00:00,2026-06-30T23:59:00+00:00,175680,,,,,,,,,,,,,,,,,,,,,,
104,100.0,7.0,0.9,50.0,1.5,2,0.025,0.025,0.12,0.05,360.0,360.0,0.35,0.2,15.0,5.0,0.04,0.03,0.0002,0.0005,2.0,0.004,0.0125,0.001,0.001,100.0,50.0,1776162600000,0.1,64.44495471154119,-35.555045288458814,-35.55504528845881,35.55504528845881,25.255632288460024,0.0,0,90,3,42,1,47,113,301.158,64.44495471154119,50756.021376919976,366,True,0,2026-03-01T00:00:00+00:00,2026-06-30T23:59:00+00:00,175680,,,,,,,,,,,,,,,,,,,,,,
105,100.0,10.0,0.75,125.0,1.75,3,0.003,0.0015,0.08,0.05,720.0,15.0,0.35,0.3,5.0,5.0,0.04,0.06,0.0002,0.0005,2.0,0.004,0.0125,0.001,0.001,100.0,50.0,1776162600000,0.1,64.8751735012462,-35.124826498753805,-35.124826498753805,35.124826498753805,13.666357655896727,-0.0035858976319999994,0,9,101,3,5,1,3376,545.112,64.8751735012462,40405.78999179344,248,True,18,2026-03-01T00:00:00+00:00,2026-06-30T23:59:00+00:00,175680,,,,,,,,,,,,,,,,,,,,,,
106,100.0,10.0,0.9,100.0,1.15,3,0.018,0.026999999999999996,0.18,0.025,120.0,15.0,0.35,0.5,30.0,5.0,0.01,0.015,0.0002,0.0005,2.0,0.004,0.0125,0.001,0.001,100.0,50.0,1776162600000,0.1,64.7005131992926,-35.2994868007074,-35.2994868007074,35.2994868007074,26.344720297290028,0.015556116581295442,0,93,1,0,19,74,0,514.2172121317158,64.7005131992926,53390.949494579996,379,True,5,2026-03-01T00:00:00+00:00,2026-06-30T23:59:00+00:00,175680,,,,,,,,,,,,,,,,,,,,,,
107,100.0,10.0,0.75,125.0,1.75,2,0.012,0.012,0.08,0.01,2880.0,360.0,0.35,0.4,15.0,5.0,0.02,0.06,0.0002,0.0005,2.0,0.004,0.0125,0.001,0.001,100.0,50.0,1776162600000,0.1,67.86723909142546,-32.13276090857454,-32.13276090857454,35.53847286427293,17.84663077453742,0.0672347891520021,0,31,38,0,7,1,4602,607.8296,67.86723909142546,43711.58222907484,227,True,29,2026-03-01T00:00:00+00:00,2026-06-30T23:59:00+00:00,175680,,,,,,,,,,,,,,,,,,,,,,
108,100.0,10.0,0.75,75.0,1.75,2,0.012,0.012,0.25,0.01,360.0,180.0,0.35,0.3,30.0,5.0,0.04,0.03,0.0002,0.0005,2.0,0.004,0.0125,0.001,0.001,100.0,50.0,1776162600000,0.1,68.96902419393177,-31.030975806068227,-31.030975806068227,35.86401617681078,33.00142532155765,0.030417430772524533,0,82,38,28,1,32,103,595.207704,68.96902419393177,74810.82556311527,434,True,34,2026-03-01T00:00:00+00:00,2026-06-30T23:59:00+00:00,175680,,,,,,,,,,,,,,,,,,,,,,
109,100.0,10.0,0.75,75.0,1.35,2,0.005,0.0075,0.08,0.01,2880.0,360.0,0.35,0.65,5.0,5.0,0.02,0.03,0.0002,0.0005,2.0,0.004,0.0125,0.001,0.001,100.0,50.0,1776162600000,0.1,67.03404651147306,-32.965953488526935,-32.965953488526935,35.31757458413097,26.90200484084928,0.04965922301836383,0,40,88,0,7,3,23898,713.821,67.03404651147306,71846.64526169848,387,True,63,2026-03-01T00:00:00+00:00,2026-06-30T23:59:00+00:00,175680,,,,,,,,,,,,,,,,,,,,,,
110,100.0,10.0,0.9,75.0,1.5,3,0.018,0.009,0.18,0.05,2880.0,180.0,0.35,0.2,30.0,5.0,0.02,0.015,0.0002,0.0005,2.0,0.004,0.0125,0.001,0.001,100.0,50.0,1776162600000,0.1,70.33947526026247,-29.660524739737525,-29.660524739737525,35.32753015163084,30.194598532774002,0.03469162462820693,0,67,78,49,14,2,14,840.1962343603213,70.33947526026247,71920.30894554808,445,True,33,2026-03-01T00:00:00+00:00,2026-06-30T23:59:00+00:00,175680,,,,,,,,,,,,,,,,,,,,,,
111,100.0,10.0,0.9,125.0,1.75,2,0.005,0.00375,0.08,0.025,120.0,15.0,0.35,0.8,30.0,5.0,0.02,0.06,0.0002,0.0005,2.0,0.004,0.0125,0.001,0.001,100.0,50.0,1776162600000,0.1,66.28649580657893,-33.71350419342107,-33.71350419342107,35.42359974432651,15.583010954159244,-0.0025811884560000002,0,20,59,0,3,16,441,865.4763000000002,66.28649580657893,41435.50130831847,221,True,29,2026-03-01T00:00:00+00:00,2026-06-30T23:59:00+00:00,175680,,,,,,,,,,,,,,,,,,,,,,
112,100.0,10.0,0.9,100.0,1.35,1,0.003,0.003,0.08,0.025,360.0,15.0,0.35,0.3,60.0,5.0,0.04,0.015,0.0002,0.0005,2.0,0.004,0.0125,0.001,0.001,100.0,50.0,1776162600000,0.1,64.84788293440012,-35.15211706559988,-35.15211706559989,35.27998920652049,23.141415025911137,0.011428062608277676,0,21,121,3,12,5,538,697.9316313732825,64.84788293440012,69762.4894118223,378,True,70,2026-03-01T00:00:00+00:00,2026-06-30T23:59:00+00:00,175680,,,,,,,,,,,,,,,,,,,,,,
113,100.0,10.0,0.9,50.0,1.75,4,0.003,0.0022500000000000003,0.12,0.05,120.0,360.0,0.35,0.3,60.0,5.0,0.02,0.015,0.0002,0.0005,2.0,0.004,0.0125,0.001,0.001,100.0,50.0,1776162600000,0.1,64.92878620594598,-35.07121379405402,-35.07121379405401,35.22868635629114,17.066212503250004,0.0017134891959999982,0,17,81,3,5,9,841,868.7736459241268,64.92878620594598,49670.49954649998,253,True,35,2026-03-01T00:00:00+00:00,2026-06-30T23:59:00+00:00,175680,,,,,,,,,,,,,,,,,,,,,,
114,100.0,10.0,0.9,125.0,1.35,1,0.018,0.018,0.08,0.01,1440.0,360.0,0.35,0.5,5.0,5.0,0.04,0.015,0.0002,0.0005,2.0,0.004,0.0125,0.001,0.001,100.0,50.0,1776162600000,0.1,64.9777052941648,-35.02229470583519,-35.022294705835186,35.25653775943921,51.837917111511295,-0.003187976908101642,0,118,75,0,38,38,391,785.2050449999999,64.9777052941648,119835.64766302254,676,True,74,2026-03-01T00:00:00+00:00,2026-06-30T23:59:00+00:00,175680,,,,,,,,,,,,,,,,,,,,,,
115,100.0,7.0,0.9,50.0,1.15,3,0.005,0.00375,0.12,0.01,720.0,180.0,0.35,0.65,30.0,5.0,0.01,0.06,0.0002,0.0005,2.0,0.004,0.0125,0.001,0.001,100.0,50.0,1776162600000,0.1,68.15602313584311,-31.843976864156886,-31.843976864156886,35.23388297027056,20.095677456712785,0.001865458151239981,0,24,108,0,5,8,7876,654.2033938409043,68.15602313584311,55389.8653934256,331,True,35,2026-03-01T00:00:00+00:00,2026-06-30T23:59:00+00:00,175680,,,,,,,,,,,,,,,,,,,,,,
116,100.0,10.0,0.9,100.0,1.15,3,0.008,0.008,0.08,0.01,120.0,360.0,0.35,0.5,30.0,5.0,0.04,0.015,0.0002,0.0005,2.0,0.004,0.0125,0.001,0.001,100.0,50.0,1776162600000,0.1,64.70965442260302,-35.29034557739698,-35.29034557739698,35.38546687599419,24.11542415924751,0.003282006081,0,55,36,0,8,39,6,790.8980574247257,64.70965442260302,55929.11759849502,324,True,36,2026-03-01T00:00:00+00:00,2026-06-30T23:59:00+00:00,175680,,,,,,,,,,,,,,,,,,,,,,
117,100.0,7.0,0.9,100.0,1.35,4,0.003,0.0022500000000000003,0.18,0.01,360.0,360.0,0.35,0.4,30.0,5.0,0.02,0.015,0.0002,0.0005,2.0,0.004,0.0125,0.001,0.001,100.0,50.0,1776162600000,0.1,64.81483057663831,-35.185169423361685,-35.185169423361685,35.248210082905764,25.637778593692747,-0.030640924204917007,0,27,160,0,10,10,5738,515.0104232616617,64.81483057663831,73297.6904273855,444,True,44,2026-03-01T00:00:00+00:00,2026-06-30T23:59:00+00:00,175680,,,,,,,,,,,,,,,,,,,,,,
118,100.0,7.0,0.9,75.0,1.5,4,0.025,0.025,0.08,0.05,1440.0,360.0,0.35,0.4,30.0,5.0,0.01,0.015,0.0002,0.0005,2.0,0.004,0.0125,0.001,0.001,100.0,50.0,1776162600000,0.1,64.64752547619858,-35.35247452380142,-35.35247452380141,35.35247452380141,27.174055989120024,0.053789825317037965,0,95,28,10,38,46,1133,531.8509,64.64752547619858,59056.06003823999,454,True,24,2026-03-01T00:00:00+00:00,2026-06-30T23:59:00+00:00,175680,,,,,,,,,,,,,,,,,,,,,,
119,100.0,10.0,0.6,75.0,1.35,2,0.012,0.009000000000000001,0.12,0.01,2880.0,60.0,0.35,0.5,5.0,5.0,0.04,0.03,0.0002,0.0005,2.0,0.004,0.0125,0.001,0.001,100.0,50.0,1776162600000,0.1,71.95270916449313,-28.04729083550687,-28.047290835506868,35.254076021202216,18.585667590552333,0.038283180602245455,0,29,68,0,3,3,15851,524.9403127161125,71.95270916449313,46327.080841104646,275,True,27,2026-03-01T00:00:00+00:00,2026-06-30T23:59:00+00:00,175680,65.498760339788,-34.50123966021199,-34.50123966021199,35.25317793209227,22.757101329130027,0.17225447678836786,0.0,40.0,89.0,0.0,2.0,15.0,12116.0,585.169,65.498760339788,56648.07931826009,374.0,True,38.0,2026-07-01T00:00:00+00:00,2026-08-31T23:59:00+00:00,89280.0
120,100.0,10.0,0.9,75.0,1.75,3,0.003,0.0045000000000000005,0.08,0.01,2880.0,60.0,0.35,0.65,15.0,5.0,0.02,0.03,0.0002,0.0005,2.0,0.004,0.0125,0.001,0.001,100.0,50.0,1776162600000,0.1,64.8519868100303,-35.1480131899697,-35.14801318996971,35.40367250907477,21.949852579079213,0.01875740823323163,0,25,88,0,6,1,14223,838.4501911975012,64.8519868100303,62376.79311815836,314,True,46,2026-03-01T00:00:00+00:00,2026-06-30T23:59:00+00:00,175680,,,,,,,,,,,,,,,,,,,,,,
121,100.0,10.0,0.9,100.0,1.75,2,0.008,0.008,0.12,0.025,120.0,180.0,0.35,0.3,5.0,5.0,0.01,0.015,0.0002,0.0005,2.0,0.004,0.0125,0.001,0.001,100.0,50.0,1776162600000,0.1,64.85879534116889,-35.141204658831114,-35.141204658831114,35.27634109835663,31.759622916099993,0.013768297267930189,0,78,36,18,5,54,25,820.044,64.85879534116889,72619.51579219996,416,True,36,2026-03-01T00:00:00+00:00,2026-06-30T23:59:00+00:00,175680,,,,,,,,,,,,,,,,,,,,,,
122,100.0,7.0,0.9,75.0,1.15,4,0.018,0.013499999999999998,0.25,0.025,2880.0,60.0,0.35,0.3,15.0,5.0,0.01,0.015,0.0002,0.0005,2.0,0.004,0.0125,0.001,0.001,100.0,50.0,1776162600000,0.1,66.79862638186408,-33.20137361813592,-33.20137361813592,35.4147829401989,29.22890124843997,0.02798555030266101,0,82,46,51,24,1,1228,513.0293975434599,66.79862638186408,64659.73357688001,423,True,19,2026-03-01T00:00:00+00:00,2026-06-30T23:59:00+00:00,175680,,,,,,,,,,,,,,,,,,,,,,
123,100.0,10.0,0.75,100.0,1.15,2,0.005,0.0025,0.08,0.025,360.0,15.0,0.35,0.65,5.0,5.0,0.01,0.06,0.0002,0.0005,2.0,0.004,0.0125,0.001,0.001,100.0,50.0,1776162600000,0.1,65.38550417660957,-34.61449582339043,-34.61449582339042,35.29376314467151,16.04239600031132,-0.014366765702999999,0,16,99,0,11,5,1902,735.826409358754,65.38550417660957,46635.9036206226,276,True,34,2026-03-01T00:00:00+00:00,2026-06-30T23:59:00+00:00,175680,,,,,,,,,,,,,,,,,,,,,,
124,100.0,10.0,0.9,75.0,1.75,1,0.008,0.012,0.25,0.05,1440.0,15.0,0.35,0.3,60.0,5.0,0.01,0.03,0.0002,0.0005,2.0,0.004,0.0125,0.001,0.001,100.0,50.0,1776162600000,0.1,68.39420095787501,-31.605799042124985,-31.605799042124982,35.355671923030044,21.104562671533273,0.03653463728646644,0,36,42,20,12,1,612,823.06904535,68.39420095787501,54862.26182306651,266,True,44,2026-03-01T00:00:00+00:00,2026-06-30T23:59:00+00:00,175680,,,,,,,,,,,,,,,,,,,,,,
125,100.0,10.0,0.9,50.0,1.15,1,0.018,0.026999999999999996,0.25,0.01,120.0,360.0,0.35,0.4,30.0,5.0,0.01,0.06,0.0002,0.0005,2.0,0.004,0.0125,0.001,0.001,100.0,50.0,1776162600000,0.1,64.58175533023086,-35.41824466976914,-35.41824466976914,35.41824466976914,25.81143808977,0.0,0,90,0,0,9,81,0,506.88635078263,64.58175533023086,52242.70005954,365,True,5,2026-03-01T00:00:00+00:00,2026-06-30T23:59:00+00:00,175680,,,,,,,,,,,,,,,,,,,,,,
126,100.0,10.0,0.9,50.0,1.35,1,0.005,0.005,0.18,0.05,1440.0,15.0,0.35,0.65,30.0,5.0,0.04,0.06,0.0002,0.0005,2.0,0.004,0.0125,0.001,0.001,100.0,50.0,1776162600000,0.1,64.87717556889974,-35.122824431100256,-35.122824431100256,35.38501840907324,28.66150190407202,0.06601892430688674,0,16,156,0,1,14,1547,738.3234755797,64.87717556889974,89248.31752814383,465,True,89,2026-03-01T00:00:00+00:00,2026-06-30T23:59:00+00:00,175680,,,,,,,,,,,,,,,,,,,,,,
127,100.0,7.0,0.9,50.0,1.15,2,0.008,0.004,0.18,0.025,1440.0,180.0,0.35,0.3,60.0,5.0,0.01,0.015,0.0002,0.0005,2.0,0.004,0.0125,0.001,0.001,100.0,50.0,1776162600000,0.1,70.49822847253125,-29.501771527468748,-29.501771527468744,35.25866518553764,27.85529124124003,0.02186831376978313,0,34,147,15,12,3,6193,666.878,70.49822847253125,77173.93302247995,458,True,48,2026-03-01T00:00:00+00:00,2026-06-30T23:59:00+00:00,175680,,,,,,,,,,,,,,,,,,,,,,
128,100.0,10.0,0.75,100.0,1.5,1,0.003,0.0015,0.08,0.05,1440.0,360.0,0.35,0.5,30.0,5.0,0.02,0.06,0.0002,0.0005,2.0,0.004,0.0125,0.001,0.001,100.0,50.0,1776162600000,0.1,64.72308072198147,-35.276919278018525,-35.276919278018525,35.276919278018525,13.85700753940219,-0.00671691869290811,0,5,105,0,5,0,1203,681.3392919367637,64.72308072198147,42880.78717880441,258,True,30,2026-03-01T00:00:00+00:00,2026-06-30T23:59:00+00:00,175680,,,,,,,,,,,,,,,,,,,,,,
129,100.0,10.0,0.75,125.0,1.5,3,0.005,0.00375,0.18,0.05,2880.0,15.0,0.35,0.5,15.0,5.0,0.01,0.03,0.0002,0.0005,2.0,0.004,0.0125,0.001,0.001,100.0,50.0,1776162600000,0.1,68.16776944748375,-31.83223055251625,-31.83223055251625,35.36364494945418,13.78062866255924,0.016400957302203555,0,13,78,0,13,0,6015,680.881707380191,68.16776944748375,40446.76234511852,229,True,33,2026-03-01T00:00:00+00:00,2026-06-30T23:59:00+00:00,175680,,,,,,,,,,,,,,,,,,,,,,
130,100.0,10.0,0.75,50.0,1.35,2,0.008,0.006,0.18,0.01,360.0,180.0,0.35,0.8,5.0,5.0,0.04,0.015,0.0002,0.0005,2.0,0.004,0.0125,0.001,0.001,100.0,50.0,1776162600000,0.1,68.24816902427193,-31.75183097572807,-31.75183097572807,35.535615992384514,50.19548887098639,-0.009256037531351166,0,87,153,0,15,35,1353,728.3335153494448,68.24816902427193,126358.33616197293,715,True,93,2026-03-01T00:00:00+00:00,2026-06-30T23:59:00+00:00,175680,,,,,,,,,,,,,,,,,,,,,,
131,100.0,10.0,0.9,100.0,1.15,4,0.018,0.009,0.25,0.01,2880.0,360.0,0.35,0.4,15.0,5.0,0.02,0.015,0.0002,0.0005,2.0,0.004,0.0125,0.001,0.001,100.0,50.0,1776162600000,0.1,66.92133126880235,-33.07866873119765,-33.078668731197645,35.11140424325131,29.590764904827378,0.024706748402225816,0,52,101,1,26,2,69,791.8537,66.92133126880235,73350.24234965481,434,True,44,2026-03-01T00:00:00+00:00,2026-06-30T23:59:00+00:00,175680,,,,,,,,,,,,,,,,,,,,,,
132,100.0,10.0,0.9,100.0,1.15,4,0.008,0.006,0.25,0.01,720.0,60.0,0.35,0.2,60.0,5.0,0.02,0.06,0.0002,0.0005,2.0,0.004,0.0125,0.001,0.001,100.0,50.0,1776162600000,0.1,69.70814474531463,-30.291855254685373,-30.291855254685373,35.40079864828027,28.92786494623984,-0.005194621000907205,0,47,89,18,1,4,1818,937.567785268866,69.70814474531463,73349.11223247972,414,True,56,2026-03-01T00:00:00+00:00,2026-06-30T23:59:00+00:00,175680,,,,,,,,,,,,,,,,,,,,,,
133,100.0,7.0,0.9,50.0,1.35,2,0.012,0.006,0.25,0.05,360.0,180.0,0.35,0.65,15.0,5.0,0.02,0.015,0.0002,0.0005,2.0,0.004,0.0125,0.001,0.001,100.0,50.0,1776162600000,0.1,70.55784672549518,-29.44215327450482,-29.442153274504822,35.17638084039124,32.32595279364086,0.005299600854931743,0,56,130,0,17,38,797,671.692,70.55784672549518,82611.88804728167,504,True,44,2026-03-01T00:00:00+00:00,2026-06-30T23:59:00+00:00,175680,,,,,,,,,,,,,,,,,,,,,,
134,100.0,10.0,0.75,50.0,1.15,4,0.018,0.013499999999999998,0.08,0.05,720.0,180.0,0.35,0.8,5.0,5.0,0.02,0.03,0.0002,0.0005,2.0,0.004,0.0125,0.001,0.001,100.0,50.0,1776162600000,0.1,72.01568512158627,-27.984314878413727,-27.98431487841373,35.32086126903115,24.55194098464053,0.06277825811594388,0,50,59,0,2,45,465,760.7557359171461,72.01568512158627,59485.0859892811,352,True,38,2026-03-01T00:00:00+00:00,2026-06-30T23:59:00+00:00,175680,66.38275661163956,-33.617243388360436,-33.61724338836044,35.118325778878045,15.51775228155105,0.1183209521687369,0.0,86.0,46.0,0.0,4.0,82.0,0.0,570.2985000000001,66.38275661163956,34931.37362310209,457.0,True,25.0,2026-07-01T00:00:00+00:00,2026-08-31T23:59:00+00:00,89280.0
135,100.0,10.0,0.75,125.0,1.15,1,0.018,0.026999999999999996,0.12,0.025,2880.0,60.0,0.35,0.4,5.0,5.0,0.04,0.03,0.0002,0.0005,2.0,0.004,0.0125,0.001,0.001,100.0,50.0,1776162600000,0.1,73.42114975051702,-26.578850249482983,-26.57885024948299,35.335464619618826,16.96002014546381,0.12566090513689682,0,33,27,2,3,12,914,714.52,73.42114975051702,41054.921210927605,221,True,37,2026-03-01T00:00:00+00:00,2026-06-30T23:59:00+00:00,175680,62.64080628443862,-37.35919371556138,-37.359193715561375,37.83150584426067,11.99156211186979,0.2025070831356217,0.0,30.0,13.0,3.0,3.0,18.0,189.0,638.9321675075681,62.64080628443862,27411.11310373958,163.0,True,19.0,2026-07-01T00:00:00+00:00,2026-08-31T23:59:00+00:00,89280.0
136,100.0,10.0,0.9,75.0,1.35,1,0.025,0.037500000000000006,0.25,0.05,360.0,60.0,0.35,0.3,15.0,5.0,0.01,0.015,0.0002,0.0005,2.0,0.004,0.0125,0.001,0.001,100.0,50.0,1776162600000,0.1,64.6587412573725,-35.3412587426275,-35.3412587426275,35.3412587426275,23.85723974015998,0.005251877531295444,0,84,1,30,20,34,0,513.0293975434599,64.6587412573725,48175.805740320015,339,True,3,2026-03-01T00:00:00+00:00,2026-06-30T23:59:00+00:00,175680,,,,,,,,,,,,,,,,,,,,,,
137,100.0,10.0,0.75,75.0,1.35,4,0.025,0.0125,0.25,0.01,120.0,360.0,0.35,0.8,60.0,5.0,0.02,0.015,0.0002,0.0005,2.0,0.004,0.0125,0.001,0.001,100.0,50.0,1776162600000,0.1,64.8169496929009,-35.183050307099094,-35.183050307099094,35.36345042847757,25.690158987099977,0.0,0,88,16,0,10,78,0,299.0704,64.8169496929009,52706.01713420002,378,True,0,2026-03-01T00:00:00+00:00,2026-06-30T23:59:00+00:00,175680,,,,,,,,,,,,,,,,,,,,,,
138,100.0,10.0,0.75,125.0,1.15,4,0.018,0.013499999999999998,0.18,0.01,2880.0,180.0,0.35,0.65,5.0,5.0,0.01,0.06,0.0002,0.0005,2.0,0.004,0.0125,0.001,0.001,100.0,50.0,1776162600000,0.1,67.71260433545359,-32.28739566454641,-32.287395664546416,35.13631616036399,26.094031317931254,0.12877375585370646,0,49,73,0,19,3,3047,739.52160983954,67.71260433545359,63663.689275862496,374,True,42,2026-03-01T00:00:00+00:00,2026-06-30T23:59:00+00:00,175680,,,,,,,,,,,,,,,,,,,,,,
139,100.0,7.0,0.9,75.0,1.35,3,0.003,0.0015,0.25,0.05,2880.0,180.0,0.35,0.2,60.0,5.0,0.04,0.015,0.0002,0.0005,2.0,0.004,0.0125,0.001,0.001,100.0,50.0,1776162600000,0.1,64.67981155762689,-35.32018844237311,-35.320188442373116,35.320188442373116,28.602951825560012,-0.002686736813999998,0,19,225,11,7,1,13472,487.30040329500525,64.67981155762689,80834.00079112001,542,True,24,2026-03-01T00:00:00+00:00,2026-06-30T23:59:00+00:00,175680,,,,,,,,,,,,,,,,,,,,,,
140,100.0,10.0,0.75,50.0,1.15,2,0.025,0.037500000000000006,0.08,0.025,2880.0,60.0,0.35,0.3,60.0,5.0,0.01,0.015,0.0002,0.0005,2.0,0.004,0.0125,0.001,0.001,100.0,50.0,1776162600000,0.1,66.16861517805604,-33.831384821943956,-33.831384821943956,35.515105470110065,24.938524166349996,0.005577084405,0,85,1,55,27,2,0,520.9365742609,66.16861517805604,50827.437172699996,349,True,7,2026-03-01T00:00:00+00:00,2026-06-30T23:59:00+00:00,175680,,,,,,,,,,,,,,,,,,,,,,
141,100.0,10.0,0.9,100.0,1.5,4,0.005,0.0075,0.25,0.01,360.0,15.0,0.35,0.8,15.0,5.0,0.02,0.015,0.0002,0.0005,2.0,0.004,0.0125,0.001,0.001,100.0,50.0,1776162600000,0.1,66.27515285154058,-33.72484714845942,-33.72484714845941,35.35032007350648,41.90196357979955,0.021573148312907072,0,70,80,0,18,8,2177,836.7516,66.27515285154058,106389.80881959895,520,True,102,2026-03-01T00:00:00+00:00,2026-06-30T23:59:00+00:00,175680,,,,,,,,,,,,,,,,,,,,,,
142,100.0,10.0,0.75,50.0,1.75,1,0.008,0.006,0.12,0.01,2880.0,360.0,0.35,0.65,30.0,5.0,0.04,0.06,0.0002,0.0005,2.0,0.004,0.0125,0.001,0.001,100.0,50.0,1776162600000,0.1,69.53208657556686,-30.467913424433135,-30.467913424433135,35.12070701155131,11.265394526821028,0.009447353069065368,0,15,51,0,4,1,1696,587.7040000000001,69.53208657556686,29213.889773642037,170,True,14,2026-03-01T00:00:00+00:00,2026-06-30T23:59:00+00:00,175680,,,,,,,,,,,,,,,,,,,,,,
143,100.0,7.0,0.9,100.0,1.35,3,0.018,0.026999999999999996,0.12,0.025,2880.0,15.0,0.35,0.65,15.0,5.0,0.01,0.06,0.0002,0.0005,2.0,0.004,0.0125,0.001,0.001,100.0,50.0,1776162600000,0.1,67.40992654984464,-32.59007345015536,-32.59007345015535,35.33121764361764,28.33123380788538,0.12465225638975042,0,71,31,0,36,17,11384,531.8509,67.40992654984464,63939.25909577074,379,True,37,2026-03-01T00:00:00+00:00,2026-06-30T23:59:00+00:00,175680,,,,,,,,,,,,,,,,,,,,,,
144,100.0,10.0,0.9,50.0,1.35,3,0.025,0.0125,0.12,0.01,1440.0,180.0,0.35,0.3,15.0,5.0,0.04,0.015,0.0002,0.0005,2.0,0.004,0.0125,0.001,0.001,100.0,50.0,1776162600000,0.1,65.00285903075145,-34.99714096924855,-34.997140969248555,35.22246483604125,21.080362429250002,0.0,0,58,41,36,15,4,0,513.0293975434599,65.00285903075145,46708.70943849998,315,True,9,2026-03-01T00:00:00+00:00,2026-06-30T23:59:00+00:00,175680,,,,,,,,,,,,,,,,,,,,,,
145,100.0,10.0,0.9,50.0,1.15,2,0.008,0.006,0.08,0.025,360.0,60.0,0.35,0.4,15.0,5.0,0.04,0.015,0.0002,0.0005,2.0,0.004,0.0125,0.001,0.001,100.0,50.0,1776162600000,0.1,65.98365463354125,-34.01634536645875,-34.01634536645876,35.348916984546705,37.1351658629705,-0.020806268023120748,0,54,126,0,18,18,637,748.0352713406102,65.98365463354125,98925.18606594104,533,True,87,2026-03-01T00:00:00+00:00,2026-06-30T23:59:00+00:00,175680,,,,,,,,,,,,,,,,,,,,,,
146,100.0,7.0,0.9,75.0,1.5,4,0.018,0.009,0.18,0.01,120.0,360.0,0.35,0.2,60.0,5.0,0.02,0.06,0.0002,0.0005,2.0,0.004,0.0125,0.001,0.001,100.0,50.0,1776162600000,0.1,65.19468280123073,-34.80531719876927,-34.80531719876927,35.21570874209628,24.129585538769973,0.0,0,73,29,17,1,52,5,502.7498,65.19468280123073,51398.30687754003,356,True,6,2026-03-01T00:00:00+00:00,2026-06-30T23:59:00+00:00,175680,,,,,,,,,,,,,,,,,,,,,,
147,100.0,10.0,0.6,100.0,1.5,2,0.025,0.025,0.12,0.025,2880.0,360.0,0.35,0.4,15.0,5.0,0.01,0.03,0.0002,0.0005,2.0,0.004,0.0125,0.001,0.001,100.0,50.0,1776162600000,0.1,66.74657695754034,-33.25342304245966,-33.25342304245966,35.186350985545864,27.604618476850003,0.04732801438896329,0,73,42,12,31,22,10091,531.8509,66.74657695754034,61106.60521370005,392,True,18,2026-03-01T00:00:00+00:00,2026-06-30T23:59:00+00:00,175680,,,,,,,,,,,,,,,,,,,,,,
148,100.0,10.0,0.9,100.0,1.35,2,0.025,0.018750000000000003,0.18,0.05,720.0,60.0,0.35,0.3,15.0,5.0,0.01,0.015,0.0002,0.0005,2.0,0.004,0.0125,0.001,0.001,100.0,50.0,1776162600000,0.1,66.35154312537958,-33.64845687462042,-33.64845687462042,35.2124656748008,27.138857227631384,0.011915615797246721,0,90,17,46,22,22,0,520.9365742609,66.35154312537958,56318.84743526277,391,True,5,2026-03-01T00:00:00+00:00,2026-06-30T23:59:00+00:00,175680,,,,,,,,,,,,,,,,,,,,,,
149,100.0,10.0,0.9,75.0,1.5,3,0.025,0.018750000000000003,0.25,0.025,120.0,180.0,0.35,0.5,60.0,5.0,0.02,0.015,0.0002,0.0005,2.0,0.004,0.0125,0.001,0.001,100.0,50.0,1776162600000,0.1,64.78439228504111,-35.21560771495889,-35.2156077149589,35.2156077149589,25.19059755495999,0.0,0,90,1,0,9,81,0,302.9828,64.78439228504111,50466.86874992005,360,True,0,2026-03-01T00:00:00+00:00,2026-06-30T23:59:00+00:00,175680,,,,,,,,,,,,,,,,,,,,,,
150,100.0,7.0,0.9,100.0,1.15,1,0.003,0.0015,0.25,0.05,1440.0,360.0,0.35,0.65,5.0,5.0,0.04,0.06,0.0002,0.0005,2.0,0.004,0.0125,0.001,0.001,100.0,50.0,1776162600000,0.1,64.70924869068716,-35.29075130931284,-35.29075130931284,35.29075130931284,9.574495930368379,0.012289357804645556,0,3,85,0,1,2,3443,484.83446339911046,64.70924869068716,27802.919300736765,189,True,9,2026-03-01T00:00:00+00:00,2026-06-30T23:59:00+00:00,175680,,,,,,,,,,,,,,,,,,,,,,
151,100.0,10.0,0.75,125.0,1.35,4,0.005,0.0075,0.25,0.05,360.0,360.0,0.35,0.8,30.0,5.0,0.04,0.015,0.0002,0.0005,2.0,0.004,0.0125,0.001,0.001,100.0,50.0,1776162600000,0.1,64.73604687068776,-35.26395312931224,-35.26395312931224,35.26395312931224,18.7593788655586,0.027214773426888432,0,32,54,0,13,19,2321,698.6922251686876,64.73604687068776,49784.4533911172,262,True,48,2026-03-01T00:00:00+00:00,2026-06-30T23:59:00+00:00,175680,,,,,,,,,,,,,,,,,,,,,,
152,100.0,10.0,0.75,50.0,1.15,2,0.003,0.0022500000000000003,0.25,0.01,360.0,180.0,0.35,0.4,15.0,5.0,0.01,0.03,0.0002,0.0005,2.0,0.004,0.0125,0.001,0.001,100.0,50.0,1776162600000,0.1,65.1487196047457,-34.85128039525431,-34.8512803952543,35.42847154484012,24.944946882572257,-0.011045177168328462,0,23,138,0,7,7,4060,734.7378556064186,65.1487196047457,72769.67906514445,399,True,59,2026-03-01T00:00:00+00:00,2026-06-30T23:59:00+00:00,175680,,,,,,,,,,,,,,,,,,,,,,
153,100.0,7.0,0.9,100.0,1.35,3,0.018,0.018,0.08,0.025,120.0,60.0,0.35,0.2,30.0,5.0,0.01,0.015,0.0002,0.0005,2.0,0.004,0.0125,0.001,0.001,100.0,50.0,1776162600000,0.1,66.15833586345121,-33.841664136548786,-33.841664136548786,35.232352701793545,24.79034115655001,0.0,0,86,6,21,12,53,7,511.3584,66.15833586345121,50689.678633100026,359,True,5,2026-03-01T00:00:00+00:00,2026-06-30T23:59:00+00:00,175680,,,,,,,,,,,,,,,,,,,,,,
154,100.0,10.0,0.75,50.0,1.75,4,0.003,0.0015,0.18,0.025,720.0,360.0,0.35,0.4,5.0,5.0,0.02,0.03,0.0002,0.0005,2.0,0.004,0.0125,0.001,0.001,100.0,50.0,1776162600000,0.1,64.68812369384227,-35.31187630615773,-35.31187630615773,35.31187630615773,13.026752210070097,0.013035997832,0,6,108,0,2,4,4785,550.2399779316081,64.68812369384227,37297.31050014022,248,True,10,2026-03-01T00:00:00+00:00,2026-06-30T23:59:00+00:00,175680,,,,,,,,,,,,,,,,,,,,,,
155,100.0,10.0,0.9,125.0,1.35,4,0.018,0.013499999999999998,0.18,0.05,360.0,60.0,0.35,0.5,15.0,5.0,0.04,0.015,0.0002,0.0005,2.0,0.004,0.0125,0.001,0.001,100.0,50.0,1776162600000,0.1,66.14277660299226,-33.85722339700774,-33.85722339700774,35.31822268247217,35.05789437959997,-0.00626613740993516,0,100,49,0,24,75,0,679.3353429969001,66.14277660299226,77109.87265920002,505,True,23,2026-03-01T00:00:00+00:00,2026-06-30T23:59:00+00:00,175680,,,,,,,,,,,,,,,,,,,,,,
156,100.0,10.0,0.75,75.0,1.75,3,0.012,0.009000000000000001,0.25,0.025,720.0,360.0,0.35,0.4,15.0,5.0,0.01,0.06,0.0002,0.0005,2.0,0.004,0.0125,0.001,0.001,100.0,50.0,1776162600000,0.1,72.30346240759582,-27.696537592404184,-27.69653759240418,35.37976794200627,21.950389509171906,-0.02760840903999053,0,35,66,0,6,17,1176,607.8296,72.30346240759582,55606.39921834378,296,True,34,2026-03-01T00:00:00+00:00,2026-06-30T23:59:00+00:00,175680,67.32954188717642,-32.67045811282358,-32.67045811282359,35.35846142238053,17.500695964459414,-0.017726507580601694,0.0,39.0,41.0,2.0,3.0,31.0,523.0,724.3032,67.32954188717642,42018.85188891878,260.0,True,24.0,2026-07-01T00:00:00+00:00,2026-08-31T23:59:00+00:00,89280.0
157,100.0,10.0,0.9,75.0,1.35,3,0.025,0.025,0.12,0.05,120.0,15.0,0.35,0.8,5.0,5.0,0.04,0.03,0.0002,0.0005,2.0,0.004,0.0125,0.001,0.001,100.0,50.0,1776162600000,0.1,64.69931484328158,-35.300685156718416,-35.300685156718416,35.300685156718416,20.776736131860005,-0.002244704859,0,72,5,0,1,71,56,497.64821336174,64.69931484328158,42458.39832372,300,True,4,2026-03-01T00:00:00+00:00,2026-06-30T23:59:00+00:00,175680,,,,,,,,,,,,,,,,,,,,,,
158,100.0,10.0,0.75,50.0,1.15,2,0.018,0.009,0.12,0.025,1440.0,15.0,0.35,0.8,30.0,5.0,0.01,0.03,0.0002,0.0005,2.0,0.004,0.0125,0.001,0.001,100.0,50.0,1776162600000,0.1,70.65340862670217,-29.346591373297827,-29.346591373297827,35.35864391993378,33.05845687721243,0.08275005037102569,0,55,127,0,25,13,1587,776.0052018427501,70.65340862670217,83423.6368544249,502,True,48,2026-03-01T00:00:00+00:00,2026-06-30T23:59:00+00:00,175680,,,,,,,,,,,,,,,,,,,,,,
159,100.0,7.0,0.9,50.0,1.35,4,0.003,0.0022500000000000003,0.18,0.025,360.0,180.0,0.35,0.5,5.0,5.0,0.01,0.06,0.0002,0.0005,2.0,0.004,0.0125,0.001,0.001,100.0,50.0,1776162600000,0.1,64.71535362408181,-35.284646375918186,-35.284646375918186,35.347590281484166,14.791891603756842,-0.017424658485821497,0,12,95,0,6,5,3465,486.458,64.71535362408181,43700.93570751368,260,True,32,2026-03-01T00:00:00+00:00,2026-06-30T23:59:00+00:00,175680,,,,,,,,,,,,,,,,,,,,,,
160,100.0,10.0,0.9,50.0,1.5,2,0.012,0.018000000000000002,0.12,0.05,120.0,60.0,0.35,0.2,60.0,5.0,0.02,0.015,0.0002,0.0005,2.0,0.004,0.0125,0.001,0.001,100.0,50.0,1776162600000,0.1,65.41187610860068,-34.58812389139932,-34.58812389139933,35.339095263414286,28.771719827155174,0.0,0,92,3,21,11,60,0,518.0784,65.41187610860068,60610.219474310295,395,True,23,2026-03-01T00:00:00+00:00,2026-06-30T23:59:00+00:00,175680,,,,,,,,,,,,,,,,,,,,,,
161,100.0,10.0,0.75,100.0,1.75,4,0.025,0.037500000000000006,0.12,0.025,120.0,180.0,0.35,0.5,5.0,5.0,0.02,0.06,0.0002,0.0005,2.0,0.004,0.0125,0.001,0.001,100.0,50.0,1776162600000,0.1,64.70553348608546,-35.29446651391454,-35.29446651391454,35.29446651391454,24.721727617360003,0.004957023444349777,0,86,0,0,1,85,0,575.0136,64.70553348608546,49954.832594720014,347,True,3,2026-03-01T00:00:00+00:00,2026-06-30T23:59:00+00:00,175680,,,,,,,,,,,,,,,,,,,,,,
162,100.0,10.0,0.6,50.0,1.5,3,0.018,0.013499999999999998,0.08,0.025,1440.0,60.0,0.35,0.2,15.0,5.0,0.04,0.03,0.0002,0.0005,2.0,0.004,0.0125,0.001,0.001,100.0,50.0,1776162600000,0.1,71.67375295802263,-28.326247041977368,-28.32624704197737,35.36040547274318,30.592222382330363,0.04230982806073099,0,84,44,70,2,4,1008,520.806741,71.67375295802263,67377.69438466078,440,True,20,2026-03-01T00:00:00+00:00,2026-06-30T23:59:00+00:00,175680,67.09484884036313,-32.90515115963687,-32.90515115963687,35.22294458029026,25.177372772864082,-0.0008360571438720075,0.0,174.0,33.0,158.0,1.0,14.0,0.0,356.77006908782494,67.09484884036313,53252.37054572814,779.0,True,19.0,2026-07-01T00:00:00+00:00,2026-08-31T23:59:00+00:00,89280.0
163,100.0,10.0,0.6,75.0,1.15,2,0.008,0.004,0.08,0.05,360.0,360.0,0.35,0.5,15.0,5.0,0.02,0.015,0.0002,0.0005,2.0,0.004,0.0125,0.001,0.001,100.0,50.0,1776162600000,0.1,64.7702429048112,-35.2297570951888,-35.22975709518881,35.28374664946824,22.32781452654564,-0.005947197366124061,0,34,114,0,13,21,1672,518.0784,64.7702429048112,58462.840393091275,370,True,26,2026-03-01T00:00:00+00:00,2026-06-30T23:59:00+00:00,175680,,,,,,,,,,,,,,,,,,,,,,
164,100.0,10.0,0.75,75.0,1.15,3,0.003,0.003,0.18,0.01,360.0,15.0,0.35,0.4,60.0,5.0,0.01,0.03,0.0002,0.0005,2.0,0.004,0.0125,0.001,0.001,100.0,50.0,1776162600000,0.1,66.09697343364228,-33.903026566357724,-33.90302656635772,35.54262922894631,17.358072167731205,-0.022363301043,0,20,90,0,10,5,2780,747.1266000000002,66.09697343364228,49222.48863546241,281,True,41,2026-03-01T00:00:00+00:00,2026-06-30T23:59:00+00:00,175680,,,,,,,,,,,,,,,,,,,,,,
165,100.0,10.0,0.75,125.0,1.5,1,0.018,0.009,0.18,0.025,1440.0,15.0,0.35,0.3,5.0,5.0,0.04,0.015,0.0002,0.0005,2.0,0.004,0.0125,0.001,0.001,100.0,50.0,1776162600000,0.1,66.6921568861142,-33.307843113885795,-33.307843113885795,35.197530303583946,47.15331568092994,0.034436027042101844,0,113,117,65,30,4,6,679.3353429969001,66.6921568861142,109632.03680185994,698,True,42,2026-03-01T00:00:00+00:00,2026-06-30T23:59:00+00:00,175680,,,,,,,,,,,,,,,,,,,,,,
166,100.0,10.0,0.75,100.0,1.75,4,0.018,0.013499999999999998,0.18,0.05,120.0,15.0,0.35,0.4,5.0,5.0,0.01,0.06,0.0002,0.0005,2.0,0.004,0.0125,0.001,0.001,100.0,50.0,1776162600000,0.1,66.59967953317626,-33.40032046682374,-33.40032046682374,35.33997473927244,24.158052755600018,0.02074148877506059,0,76,24,0,12,64,3,587.56070968112,66.59967953317626,51434.01631120003,353,True,7,2026-03-01T00:00:00+00:00,2026-06-30T23:59:00+00:00,175680,,,,,,,,,,,,,,,,,,,,,,
167,100.0,10.0,0.6,100.0,1.15,2,0.025,0.0125,0.12,0.025,120.0,15.0,0.35,0.8,15.0,5.0,0.01,0.06,0.0002,0.0005,2.0,0.004,0.0125,0.001,0.001,100.0,50.0,1776162600000,0.1,64.99162237708134,-35.00837762291866,-35.008377622918665,35.189263897588475,27.13131594292001,0.0,0,90,28,0,12,77,16,482.80299930436007,64.99162237708134,56688.45948584001,411,True,1,2026-03-01T00:00:00+00:00,2026-06-30T23:59:00+00:00,175680,,,,,,,,,,,,,,,,,,,,,,
168,100.0,7.0,0.9,100.0,1.35,4,0.008,0.012,0.25,0.01,360.0,360.0,0.35,0.8,5.0,5.0,0.04,0.015,0.0002,0.0005,2.0,0.004,0.0125,0.001,0.001,100.0,50.0,1776162600000,0.1,66.89659803436275,-33.10340196563725,-33.10340196563725,35.34210998113956,22.15057755222001,0.0028044265816447537,0,58,34,0,12,37,2860,518.0784,66.89659803436275,50227.71594444002,312,True,24,2026-03-01T00:00:00+00:00,2026-06-30T23:59:00+00:00,175680,,,,,,,,,,,,,,,,,,,,,,
169,100.0,7.0,0.9,50.0,1.15,4,0.012,0.009000000000000001,0.12,0.01,720.0,60.0,0.35,0.4,5.0,5.0,0.04,0.03,0.0002,0.0005,2.0,0.004,0.0125,0.001,0.001,100.0,50.0,1776162600000,0.1,66.6510248665605,-33.348975133439495,-33.348975133439495,35.09241992216948,11.459183973006574,0.0018591744491301332,0,22,39,0,4,9,1611,505.72691298582646,66.6510248665605,27823.19694601314,176,True,14,2026-03-01T00:00:00+00:00,2026-06-30T23:59:00+00:00,175680,,,,,,,,,,,,,,,,,,,,,,
170,100.0,10.0,0.75,125.0,1.15,4,0.005,0.005,0.25,0.01,120.0,180.0,0.35,0.4,30.0,5.0,0.02,0.06,0.0002,0.0005,2.0,0.004,0.0125,0.001,0.001,100.0,50.0,1776162600000,0.1,65.99890821908424,-34.00109178091576,-34.00109178091576,35.40994194002772,14.604241762119996,-0.004382258796704557,0,25,45,0,1,18,611,734.1389,65.99890821908424,35937.71872424001,212,True,24,2026-03-01T00:00:00+00:00,2026-06-30T23:59:00+00:00,175680,,,,,,,,,,,,,,,,,,,,,,
171,100.0,7.0,0.9,50.0,1.15,2,0.018,0.013499999999999998,0.08,0.025,360.0,180.0,0.35,0.3,60.0,5.0,0.02,0.015,0.0002,0.0005,2.0,0.004,0.0125,0.001,0.001,100.0,50.0,1776162600000,0.1,66.08984679583136,-33.91015320416864,-33.91015320416864,35.36966850475969,29.47733838417,0.0,0,90,30,30,13,45,10,514.6068343043601,66.08984679583136,63081.24084833999,425,True,13,2026-03-01T00:00:00+00:00,2026-06-30T23:59:00+00:00,175680,,,,,,,,,,,,,,,,,,,,,,
172,100.0,7.0,0.9,75.0,1.5,4,0.008,0.004,0.18,0.01,2880.0,180.0,0.35,0.65,60.0,5.0,0.02,0.03,0.0002,0.0005,2.0,0.004,0.0125,0.001,0.001,100.0,50.0,1776162600000,0.1,67.09065319707163,-32.90934680292837,-32.90934680292836,35.231046132773045,12.737372230050743,0.03808268860804543,0,12,85,0,2,1,13904,509.78670186817413,67.09065319707163,35403.83264010148,225,True,17,2026-03-01T00:00:00+00:00,2026-06-30T23:59:00+00:00,175680,,,,,,,,,,,,,,,,,,,,,,
173,100.0,10.0,0.6,50.0,1.15,1,0.003,0.0045000000000000005,0.18,0.01,720.0,60.0,0.35,0.4,30.0,5.0,0.01,0.015,0.0002,0.0005,2.0,0.004,0.0125,0.001,0.001,100.0,50.0,1776162600000,0.1,65.04575943125374,-34.95424056874626,-34.95424056874625,35.11646013716412,18.934870753045573,-0.004251964557451932,0,29,93,0,14,8,9296,489.5527000000001,65.04575943125374,50267.71922609112,312,True,28,2026-03-01T00:00:00+00:00,2026-06-30T23:59:00+00:00,175680,,,,,,,,,,,,,,,,,,,,,,
174,100.0,7.0,0.9,75.0,1.5,2,0.025,0.025,0.08,0.025,2880.0,360.0,0.35,0.4,30.0,5.0,0.04,0.015,0.0002,0.0005,2.0,0.004,0.0125,0.001,0.001,100.0,50.0,1776162600000,0.1,65.9355987970321,-34.0644012029679,-34.0644012029679,35.288819277554126,32.10880785605453,-0.0020051873115483412,0,98,44,11,54,20,4,531.8509,65.9355987970321,72052.58059210902,512,True,42,2026-03-01T00:00:00+00:00,2026-06-30T23:59:00+00:00,175680,,,,,,,,,,,,,,,,,,,,,,
175,100.0,10.0,0.75,50.0,1.75,2,0.025,0.0125,0.08,0.025,1440.0,360.0,0.35,0.2,15.0,5.0,0.04,0.06,0.0002,0.0005,2.0,0.004,0.0125,0.001,0.001,100.0,50.0,1776162600000,0.1,71.18154850066033,-28.818451499339673,-28.81845149933967,35.38367236665885,23.148919057062056,0.02027279000411212,0,53,51,38,3,6,6,815.2024115962801,71.18154850066033,53819.133794124115,331,True,19,2026-03-01T00:00:00+00:00,2026-06-30T23:59:00+00:00,175680,72.98092040524759,-27.019079594752412,-27.019079594752416,29.510804008664415,16.305873834116,-0.04360992864088972,0.0,98.0,41.0,78.0,1.0,17.0,3.0,553.192373252941,71.69107303998271,35504.880708232005,483.0,False,13.0,2026-07-01T00:00:00+00:00,2026-08-31T23:59:00+00:00,89280.0
176,100.0,10.0,0.75,125.0,1.15,3,0.012,0.006,0.18,0.025,2880.0,180.0,0.35,0.8,5.0,5.0,0.02,0.03,0.0002,0.0005,2.0,0.004,0.0125,0.001,0.001,100.0,50.0,1776162600000,0.1,74.59652554924652,-25.403474450753478,-25.40347445075348,35.30226997858645,11.14679476219105,0.037308761191306834,0,10,63,0,2,2,5218,777.2844284901703,74.59652554924652,31593.401904382114,183,True,23,2026-03-01T00:00:00+00:00,2026-06-30T23:59:00+00:00,175680,66.08954621009579,-33.91045378990421,-33.9104537899042,35.34641338336096,9.122188725864245,0.3591519044511946,0.0,8.0,50.0,0.0,1.0,5.0,7377.0,642.268,66.08954621009579,25247.699371728497,143.0,True,15.0,2026-07-01T00:00:00+00:00,2026-08-31T23:59:00+00:00,89280.0
177,100.0,10.0,0.6,50.0,1.35,4,0.005,0.005,0.08,0.05,360.0,60.0,0.35,0.65,30.0,5.0,0.02,0.03,0.0002,0.0005,2.0,0.004,0.0125,0.001,0.001,100.0,50.0,1776162600000,0.1,65.41530663327781,-34.58469336672219,-34.5846933667222,35.43058007251412,15.359922386010009,0.0044615592870000005,0,20,89,0,2,18,6170,480.5735201173318,65.41530663327781,40097.56331201997,268,True,12,2026-03-01T00:00:00+00:00,2026-06-30T23:59:00+00:00,175680,,,,,,,,,,,,,,,,,,,,,,
178,100.0,7.0,0.9,100.0,1.35,1,0.012,0.018000000000000002,0.08,0.01,360.0,180.0,0.35,0.4,30.0,5.0,0.01,0.03,0.0002,0.0005,2.0,0.004,0.0125,0.001,0.001,100.0,50.0,1776162600000,0.1,70.79909555534879,-29.200904444651215,-29.20090444465121,35.34640857459094,34.06541120650998,-0.014061418142747143,0,92,22,1,13,54,848,688.533,70.79909555534879,75970.61423301998,451,True,47,2026-03-01T00:00:00+00:00,2026-06-30T23:59:00+00:00,175680,,,,,,,,,,,,,,,,,,,,,,
179,100.0,10.0,0.9,50.0,1.35,4,0.018,0.026999999999999996,0.12,0.05,720.0,180.0,0.35,0.4,5.0,5.0,0.04,0.015,0.0002,0.0005,2.0,0.004,0.0125,0.001,0.001,100.0,50.0,1776162600000,0.1,72.93946303593141,-27.06053696406859,-27.060536964068593,35.193925696397045,32.68362967330311,0.039607559602498114,0,95,11,3,30,62,69,886.3726284348,72.93946303593141,71794.98314660622,447,True,45,2026-03-01T00:00:00+00:00,2026-06-30T23:59:00+00:00,175680,80.69379354987696,-19.306206450123042,-19.306206450123042,21.718634285377536,17.194330588150006,0.022908838026472006,0.0,107.0,5.0,4.0,9.0,93.0,0.0,362.8026,79.5189400624121,36984.6683963,463.0,False,29.0,2026-07-01T00:00:00+00:00,2026-08-31T23:59:00+00:00,89280.0
180,100.0,7.0,0.9,50.0,1.35,3,0.003,0.003,0.25,0.05,360.0,60.0,0.35,0.65,60.0,5.0,0.02,0.03,0.0002,0.0005,2.0,0.004,0.0125,0.001,0.001,100.0,50.0,1776162600000,0.1,65.16515685874977,-34.83484314125023,-34.834843141250225,35.10567321933051,13.714829915207142,0.015815628236999998,0,12,96,0,1,11,5319,481.42691383632587,65.16515685874977,38528.65393041425,253,True,17,2026-03-01T00:00:00+00:00,2026-06-30T23:59:00+00:00,175680,,,,,,,,,,,,,,,,,,,,,,
181,100.0,10.0,0.9,125.0,1.15,1,0.025,0.0125,0.18,0.01,720.0,60.0,0.35,0.65,60.0,5.0,0.04,0.06,0.0002,0.0005,2.0,0.004,0.0125,0.001,0.001,100.0,50.0,1776162600000,0.1,68.48543365453105,-31.51456634546895,-31.514566345468953,35.24120168232805,20.714129592010007,-0.005415613460404671,0,44,57,0,1,33,0,679.3353429969001,68.48543365453105,48721.58162402002,308,True,20,2026-03-01T00:00:00+00:00,2026-06-30T23:59:00+00:00,175680,,,,,,,,,,,,,,,,,,,,,,
182,100.0,7.0,0.9,75.0,1.15,3,0.008,0.004,0.12,0.05,720.0,15.0,0.35,0.8,30.0,5.0,0.04,0.015,0.0002,0.0005,2.0,0.004,0.0125,0.001,0.001,100.0,50.0,1776162600000,0.1,64.69527109417876,-35.304728905821236,-35.304728905821236,35.35865596697948,13.024005551869998,-0.007833093952174259,0,19,69,0,16,3,2491,490.44434839834,64.69527109417876,34904.21510374002,217,True,21,2026-03-01T00:00:00+00:00,2026-06-30T23:59:00+00:00,175680,,,,,,,,,,,,,,,,,,,,,,
183,100.0,10.0,0.75,50.0,1.5,1,0.018,0.009,0.08,0.05,120.0,60.0,0.35,0.2,30.0,5.0,0.02,0.03,0.0002,0.0005,2.0,0.004,0.0125,0.001,0.001,100.0,50.0,1776162600000,0.1,65.17231086966117,-34.827689130338825,-34.827689130338825,35.23793984543984,26.358079930340004,0.0,0,75,47,19,1,55,0,511.3584,65.17231086966117,57804.33482067998,403,True,9,2026-03-01T00:00:00+00:00,2026-06-30T23:59:00+00:00,175680,,,,,,,,,,,,,,,,,,,,,,
184,100.0,10.0,0.6,75.0,1.35,1,0.025,0.025,0.25,0.01,720.0,60.0,0.35,0.3,15.0,5.0,0.02,0.06,0.0002,0.0005,2.0,0.004,0.0125,0.001,0.001,100.0,50.0,1776162600000,0.1,64.67810120476064,-35.32189879523936,-35.321898795239356,35.321898795239356,20.874154035239982,0.0,0,69,8,44,1,23,225,503.13689999999997,64.67810120476064,42916.80645048001,296,True,4,2026-03-01T00:00:00+00:00,2026-06-30T23:59:00+00:00,175680,,,,,,,,,,,,,,,,,,,,,,
185,100.0,10.0,0.9,100.0,1.75,1,0.003,0.003,0.08,0.01,120.0,15.0,0.35,0.8,30.0,5.0,0.04,0.015,0.0002,0.0005,2.0,0.004,0.0125,0.001,0.001,100.0,50.0,1776162600000,0.1,64.86293710313655,-35.137062896863455,-35.137062896863455,35.35900186911347,11.081251523741074,0.012249629028000001,0,16,44,0,7,6,153,544.5110431884,64.86293710313655,29842.610687482127,161,True,21,2026-03-01T00:00:00+00:00,2026-06-30T23:59:00+00:00,175680,,,,,,,,,,,,,,,,,,,,,,
186,100.0,10.0,0.75,75.0,1.5,4,0.003,0.0045000000000000005,0.25,0.025,1440.0,15.0,0.35,0.5,60.0,5.0,0.01,0.015,0.0002,0.0005,2.0,0.004,0.0125,0.001,0.001,100.0,50.0,1776162600000,0.1,64.72832646865992,-35.271673531340085,-35.271673531340085,35.43310144418126,13.355308008400934,-0.010706254872000002,0,19,51,0,16,0,4199,680.3469121930495,64.72832646865992,36810.81471680186,200,True,36,2026-03-01T00:00:00+00:00,2026-06-30T23:59:00+00:00,175680,,,,,,,,,,,,,,,,,,,,,,
187,100.0,10.0,0.75,125.0,1.35,3,0.008,0.004,0.12,0.025,1440.0,15.0,0.35,0.5,15.0,5.0,0.01,0.06,0.0002,0.0005,2.0,0.004,0.0125,0.001,0.001,100.0,50.0,1776162600000,0.1,64.85170849422288,-35.148291505777124,-35.14829150577712,35.44191637679511,23.202124570858125,-0.00890963166249848,0,24,131,0,14,4,8608,696.1536385911179,64.85170849422288,65382.92264171625,387,True,45,2026-03-01T00:00:00+00:00,2026-06-30T23:59:00+00:00,175680,,,,,,,,,,,,,,,,,,,,,,
188,100.0,10.0,0.75,75.0,1.35,3,0.008,0.004,0.25,0.05,720.0,60.0,0.35,0.8,60.0,5.0,0.02,0.03,0.0002,0.0005,2.0,0.004,0.0125,0.001,0.001,100.0,50.0,1776162600000,0.1,65.61382106266554,-34.38617893733446,-34.38617893733446,35.26879559360665,44.145972180534564,0.07072273406220267,0,34,250,0,1,27,8569,719.757,65.61382106266554,129897.45750106913,723,True,99,2026-03-01T00:00:00+00:00,2026-06-30T23:59:00+00:00,175680,,,,,,,,,,,,,,,,,,,,,,
189,100.0,10.0,0.9,50.0,1.75,4,0.012,0.009000000000000001,0.18,0.05,720.0,15.0,0.35,0.5,5.0,5.0,0.02,0.03,0.0002,0.0005,2.0,0.004,0.0125,0.001,0.001,100.0,50.0,1776162600000,0.1,70.14604277113064,-29.853957228869362,-29.853957228869366,35.35489551399078,9.247248963431442,0.02687169898306059,0,9,39,0,2,5,1258,833.5044,70.14604277113064,26032.971246862893,132,True,20,2026-03-01T00:00:00+00:00,2026-06-30T23:59:00+00:00,175680,,,,,,,,,,,,,,,,,,,,,,
190,100.0,7.0,0.9,50.0,1.15,2,0.012,0.012,0.12,0.01,720.0,360.0,0.35,0.65,60.0,5.0,0.01,0.03,0.0002,0.0005,2.0,0.004,0.0125,0.001,0.001,100.0,50.0,1776162600000,0.1,69.32074297373671,-30.679257026263286,-30.679257026263286,35.2620691621342,30.8945918454499,-0.003634841048453895,0,69,59,0,9,32,1884,524.0935000000001,69.32074297373671,72571.75711089982,429,True,47,2026-03-01T00:00:00+00:00,2026-06-30T23:59:00+00:00,175680,,,,,,,,,,,,,,,,,,,,,,
191,100.0,10.0,0.75,75.0,1.5,3,0.018,0.018,0.25,0.05,1440.0,360.0,0.35,0.3,60.0,5.0,0.01,0.03,0.0002,0.0005,2.0,0.004,0.0125,0.001,0.001,100.0,50.0,1776162600000,0.1,66.73253470655018,-33.26746529344982,-33.26746529344982,35.24925548420611,20.435410891481997,0.04172948199967387,0,52,28,31,13,7,244,685.890871125,66.73253470655018,46550.64294296397,284,True,26,2026-03-01T00:00:00+00:00,2026-06-30T23:59:00+00:00,175680,,,,,,,,,,,,,,,,,,,,,,
192,100.0,10.0,0.9,100.0,1.75,2,0.018,0.018,0.08,0.05,360.0,60.0,0.35,0.5,60.0,5.0,0.01,0.03,0.0002,0.0005,2.0,0.004,0.0125,0.001,0.001,100.0,50.0,1776162600000,0.1,65.98807734393642,-34.011922656063575,-34.011922656063575,35.4826281864104,17.840905486370417,-0.015282659513126337,0,50,15,0,14,35,5,826.2396,65.98807734393642,39254.76405274084,242,True,14,2026-03-01T00:00:00+00:00,2026-06-30T23:59:00+00:00,175680,,,,,,,,,,,,,,,,,,,,,,
193,100.0,10.0,0.9,125.0,1.35,3,0.012,0.006,0.12,0.025,1440.0,15.0,0.35,0.65,60.0,5.0,0.02,0.03,0.0002,0.0005,2.0,0.004,0.0125,0.001,0.001,100.0,50.0,1776162600000,0.1,75.5427229871484,-24.457277012851605,-24.45727701285161,35.32206430563579,15.014494320551096,-0.009638242968698352,0,14,77,0,4,1,1274,993.0,75.5427229871484,42567.79086110218,234,True,32,2026-03-01T00:00:00+00:00,2026-06-30T23:59:00+00:00,175680,68.80187238670987,-31.198127613290126,-31.198127613290126,35.43961196835848,28.044135250536073,0.25377896441709813,0.0,34.0,108.0,0.0,2.0,19.0,1281.0,817.0240000000001,68.80187238670987,73291.50794107212,399.0,True,49.0,2026-07-01T00:00:00+00:00,2026-08-31T23:59:00+00:00,89280.0
194,100.0,7.0,0.9,50.0,1.15,1,0.008,0.004,0.12,0.05,720.0,360.0,0.35,0.65,30.0,5.0,0.01,0.015,0.0002,0.0005,2.0,0.004,0.0125,0.001,0.001,100.0,50.0,1776162600000,0.1,67.12047030284343,-32.87952969715657,-32.87952969715657,35.09588342660106,23.40757137344468,-0.01197303438587877,0,27,127,0,14,12,1449,512.58748424639,67.12047030284343,65979.98742688932,384,True,46,2026-03-01T00:00:00+00:00,2026-06-30T23:59:00+00:00,175680,,,,,,,,,,,,,,,,,,,,,,
195,100.0,10.0,0.6,100.0,1.15,1,0.005,0.005,0.18,0.05,2880.0,15.0,0.35,0.5,30.0,5.0,0.04,0.015,0.0002,0.0005,2.0,0.004,0.0125,0.001,0.001,100.0,50.0,1776162600000,0.1,64.53666567831237,-35.463334321687626,-35.463334321687626,35.463334321687626,19.711690680799997,-0.016619360889,0,29,117,0,28,1,20172,489.7237609167673,64.53666567831237,51364.41270159996,345,True,15,2026-03-01T00:00:00+00:00,2026-06-30T23:59:00+00:00,175680,,,,,,,,,,,,,,,,,,,,,,
196,100.0,10.0,0.6,75.0,1.15,2,0.025,0.018750000000000003,0.08,0.05,720.0,15.0,0.35,0.5,30.0,5.0,0.01,0.06,0.0002,0.0005,2.0,0.004,0.0125,0.001,0.001,100.0,50.0,1776162600000,0.1,67.10277966140455,-32.897220338595446,-32.897220338595446,35.33684403337376,30.19014426511998,0.024162806523297605,0,88,42,0,28,59,856,518.0784,67.10277966140455,65744.46757024004,445,True,15,2026-03-01T00:00:00+00:00,2026-06-30T23:59:00+00:00,175680,,,,,,,,,,,,,,,,,,,,,,
197,100.0,10.0,0.9,50.0,1.35,4,0.008,0.012,0.12,0.05,720.0,60.0,0.35,0.5,5.0,5.0,0.04,0.03,0.0002,0.0005,2.0,0.004,0.0125,0.001,0.001,100.0,50.0,1776162600000,0.1,88.6717494111655,-11.328250588834507,-11.32825058883451,35.24584846117755,40.8967916989629,0.20984174162271635,0,51,78,0,5,30,2304,1131.4454999999998,88.6717494111655,111718.2349179258,474,True,126,2026-03-01T00:00:00+00:00,2026-06-30T23:59:00+00:00,175680,77.30798978717259,-22.692010212827412,-22.692010212827405,35.30715695703809,27.3878687512846,0.09277539039556172,0.0,95.0,64.0,0.0,2.0,89.0,61.0,875.6440957681199,77.30798978717259,70165.84166256916,634.0,True,126.0,2026-07-01T00:00:00+00:00,2026-08-31T23:59:00+00:00,89280.0
198,100.0,10.0,0.6,75.0,1.5,1,0.005,0.0025,0.25,0.025,2880.0,360.0,0.35,0.8,30.0,5.0,0.04,0.06,0.0002,0.0005,2.0,0.004,0.0125,0.001,0.001,100.0,50.0,1776162600000,0.1,64.87645343999961,-35.12354656000039,-35.1235465600004,35.1235465600004,5.71304644243353,0.011628189497178499,0,3,47,0,2,1,3637,490.44434839834,64.87645343999961,16702.552404867063,109,True,7,2026-03-01T00:00:00+00:00,2026-06-30T23:59:00+00:00,175680,,,,,,,,,,,,,,,,,,,,,,
199,100.0,10.0,0.75,75.0,1.5,3,0.025,0.037500000000000006,0.12,0.05,120.0,15.0,0.35,0.5,15.0,5.0,0.02,0.03,0.0002,0.0005,2.0,0.004,0.0125,0.001,0.001,100.0,50.0,1776162600000,0.1,64.79066153760158,-35.20933846239842,-35.20933846239842,35.20933846239842,20.627458077540005,-0.002244704859,0,72,2,0,1,71,56,497.56682198048,64.79066153760158,41915.06345508,296,True,4,2026-03-01T00:00:00+00:00,2026-06-30T23:59:00+00:00,175680,,,,,,,,,,,,,,,,,,,,,,
200,100.0,10.0,0.75,50.0,1.5,3,0.008,0.004,0.12,0.01,720.0,180.0,0.35,0.65,30.0,5.0,0.04,0.03,0.0002,0.0005,2.0,0.004,0.0125,0.001,0.001,100.0,50.0,1776162600000,0.1,64.99905073262802,-35.00094926737198,-35.000949267371986,35.2952412502788,11.301985245310172,0.0039415132432954435,0,10,74,0,3,2,1740,680.9048176239753,64.99905073262802,32014.154250620362,200,True,18,2026-03-01T00:00:00+00:00,2026-06-30T23:59:00+00:00,175680,,,,,,,,,,,,,,,,,,,,,,
201,100.0,10.0,0.9,50.0,1.15,3,0.018,0.013499999999999998,0.08,0.025,360.0,15.0,0.35,0.2,60.0,5.0,0.01,0.015,0.0002,0.0005,2.0,0.004,0.0125,0.001,0.001,100.0,50.0,1776162600000,0.1,65.07630221879256,-34.92369778120744,-34.923697781207444,35.27843082200809,22.934991458739997,0.005251877531295444,0,68,26,29,15,24,0,775.02540914491,65.07630221879256,49767.77389748001,332,True,14,2026-03-01T00:00:00+00:00,2026-06-30T23:59:00+00:00,175680,,,,,,,,,,,,,,,,,,,,,,
202,100.0,10.0,0.9,50.0,1.75,4,0.025,0.025,0.18,0.01,120.0,60.0,0.35,0.2,5.0,5.0,0.02,0.015,0.0002,0.0005,2.0,0.004,0.0125,0.001,0.001,100.0,50.0,1776162600000,0.1,64.441797360501,-35.558202639499,-35.558202639499,35.558202639499,25.190360759499985,0.0,0,91,1,19,14,58,0,561.1432523500147,64.441797360501,50633.363279000005,365,True,1,2026-03-01T00:00:00+00:00,2026-06-30T23:59:00+00:00,175680,,,,,,,,,,,,,,,,,,,,,,
203,100.0,10.0,0.75,100.0,1.35,3,0.018,0.009,0.12,0.01,120.0,15.0,0.35,0.8,30.0,5.0,0.01,0.06,0.0002,0.0005,2.0,0.004,0.0125,0.001,0.001,100.0,50.0,1776162600000,0.1,64.75130925783245,-35.248690742167554,-35.248690742167554,35.26997284342179,24.296784118750004,0.015556116581295442,0,69,47,0,12,57,4,514.3719,64.75130925783245,53458.520037500006,372,True,8,2026-03-01T00:00:00+00:00,2026-06-30T23:59:00+00:00,175680,,,,,,,,,,,,,,,,,,,,,,
204,100.0,10.0,0.75,75.0,1.75,1,0.018,0.018,0.18,0.01,720.0,15.0,0.35,0.2,60.0,5.0,0.04,0.03,0.0002,0.0005,2.0,0.004,0.0125,0.001,0.001,100.0,50.0,1776162600000,0.1,67.05900078172822,-32.940999218271784,-32.940999218271784,35.49466881678826,33.83282861711999,0.0093901188471304,0,98,24,58,1,23,284,597.2182168116001,67.05900078172822,73183.82615423993,459,True,21,2026-03-01T00:00:00+00:00,2026-06-30T23:59:00+00:00,175680,,,,,,,,,,,,,,,,,,,,,,
205,100.0,10.0,0.6,100.0,1.5,2,0.008,0.004,0.18,0.05,360.0,15.0,0.35,0.5,60.0,5.0,0.01,0.03,0.0002,0.0005,2.0,0.004,0.0125,0.001,0.001,100.0,50.0,1776162600000,0.1,65.27922832514749,-34.720771674852514,-34.720771674852514,35.21688316723649,26.322400514420018,-0.0028962404336304354,0,37,149,0,14,22,4498,489.5527000000001,65.27922832514749,69421.10990884002,453,True,27,2026-03-01T00:00:00+00:00,2026-06-30T23:59:00+00:00,175680,,,,,,,,,,,,,,,,,,,,,,
206,100.0,7.0,0.9,50.0,1.5,1,0.003,0.003,0.08,0.01,120.0,360.0,0.35,0.3,30.0,5.0,0.04,0.06,0.0002,0.0005,2.0,0.004,0.0125,0.001,0.001,100.0,50.0,1776162600000,0.1,64.71058143980278,-35.28941856019722,-35.28941856019722,35.558359397122544,14.007916505019015,-0.004713817150908111,0,20,67,4,2,13,1015,487.9380864236736,64.71058143980278,36780.38869003802,231,True,19,2026-03-01T00:00:00+00:00,2026-06-30T23:59:00+00:00,175680,,,,,,,,,,,,,,,,,,,,,,
207,100.0,7.0,0.9,100.0,1.15,3,0.018,0.018,0.12,0.01,120.0,360.0,0.35,0.4,30.0,5.0,0.04,0.06,0.0002,0.0005,2.0,0.004,0.0125,0.001,0.001,100.0,50.0,1776162600000,0.1,67.480830547157,-32.519169452843,-32.519169452843,35.2782271527428,28.341646978279996,0.02064816543558161,0,89,15,1,1,80,6,514.241,67.480830547157,59822.383976560006,399,True,15,2026-03-01T00:00:00+00:00,2026-06-30T23:59:00+00:00,175680,,,,,,,,,,,,,,,,,,,,,,
208,100.0,10.0,0.6,75.0,1.15,1,0.005,0.00375,0.08,0.025,2880.0,60.0,0.35,0.2,15.0,5.0,0.04,0.06,0.0002,0.0005,2.0,0.004,0.0125,0.001,0.001,100.0,50.0,1776162600000,0.1,65.23093942724704,-34.76906057275296,-34.76906057275296,35.141496798496895,22.74849966200222,0.027229213687103414,0,30,124,24,3,1,11298,490.44434839834,65.23093942724704,60659.0488240044,388,True,26,2026-03-01T00:00:00+00:00,2026-06-30T23:59:00+00:00,175680,,,,,,,,,,,,,,,,,,,,,,
209,100.0,7.0,0.9,100.0,1.5,1,0.012,0.009000000000000001,0.18,0.05,2880.0,60.0,0.35,0.8,60.0,5.0,0.04,0.06,0.0002,0.0005,2.0,0.004,0.0125,0.001,0.001,100.0,50.0,1776162600000,0.1,69.17335323525415,-30.826646764745846,-30.826646764745846,35.49124767280924,4.6339121196285245,0.014148057834268715,0,5,28,0,2,2,4570,514.6068343043601,69.17335323525415,12812.397499257053,79,True,7,2026-03-01T00:00:00+00:00,2026-06-30T23:59:00+00:00,175680,,,,,,,,,,,,,,,,,,,,,,
210,100.0,10.0,0.9,75.0,1.15,1,0.003,0.0045000000000000005,0.25,0.05,2880.0,360.0,0.35,0.3,15.0,5.0,0.02,0.015,0.0002,0.0005,2.0,0.004,0.0125,0.001,0.001,100.0,50.0,1776162600000,0.1,64.82340883943426,-35.176591160565735,-35.17659116056574,35.33825620218034,15.033169632988358,0.0026951980394490584,0,17,66,7,9,1,921,725.6939369422013,64.82340883943426,43950.675925976684,235,True,43,2026-03-01T00:00:00+00:00,2026-06-30T23:59:00+00:00,175680,,,,,,,,,,,,,,,,,,,,,,
211,100.0,10.0,0.9,125.0,1.15,3,0.008,0.008,0.18,0.05,360.0,15.0,0.35,0.5,15.0,5.0,0.04,0.03,0.0002,0.0005,2.0,0.004,0.0125,0.001,0.001,100.0,50.0,1776162600000,0.1,71.2271237098521,-28.772876290147906,-28.77287629014791,35.52519665151282,30.651681018171058,0.011928630086934965,0,40,88,0,3,32,1310,953.7858072226784,71.2271237098521,83539.99623634202,416,True,88,2026-03-01T00:00:00+00:00,2026-06-30T23:59:00+00:00,175680,66.20764824265245,-33.79235175734755,-33.79235175734755,35.263254530742515,16.968569808510015,0.02048019116176262,0.0,29.0,39.0,0.0,1.0,28.0,1165.0,891.4840761956999,66.20764824265245,42194.097337019986,222.0,True,28.0,2026-07-01T00:00:00+00:00,2026-08-31T23:59:00+00:00,89280.0
212,100.0,10.0,0.75,50.0,1.75,3,0.025,0.037500000000000006,0.25,0.05,1440.0,360.0,0.35,0.4,5.0,5.0,0.04,0.015,0.0002,0.0005,2.0,0.004,0.0125,0.001,0.001,100.0,50.0,1776162600000,0.1,66.86170525739726,-33.13829474260274,-33.13829474260274,35.23814164804523,25.960909530784374,0.014449279301225828,0,95,7,10,35,45,5,607.8296,66.86170525739726,56274.64560156872,423,True,29,2026-03-01T00:00:00+00:00,2026-06-30T23:59:00+00:00,175680,,,,,,,,,,,,,,,,,,,,,,
213,100.0,10.0,0.75,125.0,1.5,1,0.018,0.009,0.18,0.01,2880.0,15.0,0.35,0.4,30.0,5.0,0.02,0.03,0.0002,0.0005,2.0,0.004,0.0125,0.001,0.001,100.0,50.0,1776162600000,0.1,69.7863560327138,-30.213643967286202,-30.21364396728621,35.467038502991144,18.1742409192224,0.041749476740095784,0,25,78,1,1,7,3105,689.7185704348001,69.7863560327138,46577.97699844481,280,True,28,2026-03-01T00:00:00+00:00,2026-06-30T23:59:00+00:00,175680,,,,,,,,,,,,,,,,,,,,,,
214,100.0,10.0,0.75,100.0,1.5,1,0.012,0.006,0.08,0.05,360.0,15.0,0.35,0.2,30.0,5.0,0.04,0.015,0.0002,0.0005,2.0,0.004,0.0125,0.001,0.001,100.0,50.0,1776162600000,0.1,68.08333263718335,-31.916667362816654,-31.916667362816654,35.33952755250519,44.10052234646233,-0.013806576635811304,0,87,143,42,21,24,64,683.0594003713022,68.08333263718335,109436.34447292457,676,True,58,2026-03-01T00:00:00+00:00,2026-06-30T23:59:00+00:00,175680,,,,,,,,,,,,,,,,,,,,,,
215,100.0,10.0,0.75,75.0,1.75,4,0.025,0.018750000000000003,0.18,0.05,360.0,360.0,0.35,0.5,60.0,5.0,0.01,0.03,0.0002,0.0005,2.0,0.004,0.0125,0.001,0.001,100.0,50.0,1776162600000,0.1,66.6020568906615,-33.3979431093385,-33.3979431093385,35.306856773782194,28.28993534933998,0.0,0,95,15,0,12,82,1,556.51161066664,66.6020568906615,58282.20293868003,411,True,3,2026-03-01T00:00:00+00:00,2026-06-30T23:59:00+00:00,175680,,,,,,,,,,,,,,,,,,,,,,
216,100.0,10.0,0.6,75.0,1.5,4,0.018,0.018,0.08,0.025,1440.0,360.0,0.35,0.3,30.0,5.0,0.02,0.06,0.0002,0.0005,2.0,0.004,0.0125,0.001,0.001,100.0,50.0,1776162600000,0.1,70.79248255865781,-29.20751744134219,-29.20751744134219,35.17776271351431,17.59390065994,0.03948253859696658,0,45,28,32,1,8,2307,520.9365742609,70.79248255865781,39511.52551988002,252,True,16,2026-03-01T00:00:00+00:00,2026-06-30T23:59:00+00:00,175680,,,,,,,,,,,,,,,,,,,,,,
217,100.0,10.0,0.9,125.0,1.15,1,0.005,0.00375,0.25,0.01,2880.0,180.0,0.35,0.3,15.0,5.0,0.01,0.06,0.0002,0.0005,2.0,0.004,0.0125,0.001,0.001,100.0,50.0,1776162600000,0.1,64.88527837524067,-35.114721624759326,-35.114721624759326,35.36078112353922,37.72008448886869,0.04686948148865463,0,41,173,14,8,1,1252,736.3440191469888,64.88527837524067,108033.69237773739,588,True,96,2026-03-01T00:00:00+00:00,2026-06-30T23:59:00+00:00,175680,,,,,,,,,,,,,,,,,,,,,,
218,100.0,10.0,0.9,125.0,1.5,1,0.005,0.00375,0.08,0.025,120.0,60.0,0.35,0.65,5.0,5.0,0.02,0.03,0.0002,0.0005,2.0,0.004,0.0125,0.001,0.001,100.0,50.0,1776162600000,0.1,64.43777507753852,-35.56222492246148,-35.56222492246148,35.56222492246148,19.77612963080448,0.012196197027369564,0,24,83,0,2,22,23,696.0383122464,64.43777507753852,53393.48790160894,307,True,45,2026-03-01T00:00:00+00:00,2026-06-30T23:59:00+00:00,175680,,,,,,,,,,,,,,,,,,,,,,
219,100.0,7.0,0.9,50.0,1.35,3,0.012,0.009000000000000001,0.18,0.01,120.0,180.0,0.35,0.4,60.0,5.0,0.02,0.015,0.0002,0.0005,2.0,0.004,0.0125,0.001,0.001,100.0,50.0,1776162600000,0.1,64.97039234476235,-35.029607655237655,-35.02960765523766,35.340747634442174,28.67911579276998,0.005251877531295444,0,84,38,0,8,72,47,509.4397000000001,64.97039234476235,62386.33934554006,417,True,15,2026-03-01T00:00:00+00:00,2026-06-30T23:59:00+00:00,175680,,,,,,,,,,,,,,,,,,,,,,
220,100.0,10.0,0.75,100.0,1.75,4,0.005,0.0075,0.12,0.01,720.0,180.0,0.35,0.8,30.0,5.0,0.04,0.03,0.0002,0.0005,2.0,0.004,0.0125,0.001,0.001,100.0,50.0,1776162600000,0.1,67.02889202121982,-32.97110797878018,-32.97110797878018,35.115564483795616,14.588840502736101,-0.014021300735976315,0,25,49,0,3,9,6072,588.48,67.02889202121982,36359.09996547221,210,True,18,2026-03-01T00:00:00+00:00,2026-06-30T23:59:00+00:00,175680,,,,,,,,,,,,,,,,,,,,,,
221,100.0,10.0,0.9,75.0,1.75,1,0.008,0.004,0.12,0.01,720.0,15.0,0.35,0.5,5.0,5.0,0.02,0.015,0.0002,0.0005,2.0,0.004,0.0125,0.001,0.001,100.0,50.0,1776162600000,0.1,64.68627520367957,-35.31372479632043,-35.313724796320436,35.41145164633933,13.04818705910387,-0.017686489352000002,0,18,59,0,13,2,579,806.85880238256,64.68627520367957,34390.019678207755,196,True,20,2026-03-01T00:00:00+00:00,2026-06-30T23:59:00+00:00,175680,,,,,,,,,,,,,,,,,,,,,,
222,100.0,10.0,0.75,100.0,1.75,1,0.003,0.003,0.08,0.01,360.0,60.0,0.35,0.8,60.0,5.0,0.01,0.06,0.0002,0.0005,2.0,0.004,0.0125,0.001,0.001,100.0,50.0,1776162600000,0.1,65.10131324227558,-34.89868675772442,-34.89868675772442,35.28106369839473,16.945419547940126,0.0007901104760000008,0,20,93,0,7,7,2772,559.4888000000001,65.10131324227558,47243.09401588025,275,True,25,2026-03-01T00:00:00+00:00,2026-06-30T23:59:00+00:00,175680,,,,,,,,,,,,,,,,,,,,,,
223,100.0,10.0,0.75,125.0,1.15,4,0.012,0.006,0.18,0.01,1440.0,15.0,0.35,0.5,5.0,5.0,0.01,0.015,0.0002,0.0005,2.0,0.004,0.0125,0.001,0.001,100.0,50.0,1776162600000,0.1,68.84880225138005,-31.15119774861995,-31.151197748619953,35.274325166379825,42.31075027599852,0.10374680433215522,0,69,162,0,29,3,2070,747.2688772965901,68.84880225138005,106452.1134919968,635,True,65,2026-03-01T00:00:00+00:00,2026-06-30T23:59:00+00:00,175680,,,,,,,,,,,,,,,,,,,,,,
224,100.0,10.0,0.6,75.0,1.5,4,0.008,0.006,0.08,0.025,360.0,15.0,0.35,0.65,60.0,5.0,0.02,0.06,0.0002,0.0005,2.0,0.004,0.0125,0.001,0.001,100.0,50.0,1776162600000,0.1,66.58947155482245,-33.41052844517755,-33.41052844517755,35.27563645823416,20.641743974345808,0.031306814096295446,0,31,91,0,5,19,3160,510.83382681279005,66.58947155482245,53917.68104869158,331,True,31,2026-03-01T00:00:00+00:00,2026-06-30T23:59:00+00:00,175680,,,,,,,,,,,,,,,,,,,,,,
225,100.0,10.0,0.6,100.0,1.15,2,0.003,0.003,0.12,0.01,720.0,180.0,0.35,0.4,60.0,5.0,0.02,0.015,0.0002,0.0005,2.0,0.004,0.0125,0.001,0.001,100.0,50.0,1776162600000,0.1,64.82483775917953,-35.17516224082047,-35.17516224082047,35.30298893945739,16.5252716780653,0.003779447845825741,0,20,105,0,10,6,8051,490.03327068757545,64.82483775917953,46247.560216130616,291,True,23,2026-03-01T00:00:00+00:00,2026-06-30T23:59:00+00:00,175680,,,,,,,,,,,,,,,,,,,,,,
226,100.0,10.0,0.75,50.0,1.35,2,0.003,0.0045000000000000005,0.12,0.025,720.0,60.0,0.35,0.3,15.0,5.0,0.02,0.015,0.0002,0.0005,2.0,0.004,0.0125,0.001,0.001,100.0,50.0,1776162600000,0.1,67.36421739722968,-32.63578260277032,-32.63578260277033,35.34121474054738,25.835161656886488,-0.015618868711620727,0,32,104,12,11,3,7520,694.94,67.36421739722968,74055.85027377296,389,True,73,2026-03-01T00:00:00+00:00,2026-06-30T23:59:00+00:00,175680,,,,,,,,,,,,,,,,,,,,,,
227,100.0,7.0,0.9,75.0,1.5,3,0.008,0.012,0.25,0.05,120.0,180.0,0.35,0.2,15.0,5.0,0.01,0.015,0.0002,0.0005,2.0,0.004,0.0125,0.001,0.001,100.0,50.0,1776162600000,0.1,64.49043241299387,-35.50956758700613,-35.50956758700613,35.54065595560654,25.930822989610004,0.001883742602947643,0,76,19,20,7,49,290,518.0784,64.49043241299387,56771.55025921996,358,True,26,2026-03-01T00:00:00+00:00,2026-06-30T23:59:00+00:00,175680,,,,,,,,,,,,,,,,,,,,,,
228,100.0,10.0,0.6,50.0,1.15,1,0.008,0.008,0.25,0.01,360.0,15.0,0.35,0.3,30.0,5.0,0.02,0.015,0.0002,0.0005,2.0,0.004,0.0125,0.001,0.001,100.0,50.0,1776162600000,0.1,65.0028297679981,-34.997170232001906,-34.997170232001906,35.09272248977854,23.44430294104212,-0.011697486722982233,0,54,63,14,16,16,1562,490.44434839834,65.0028297679981,55454.95258208422,351,True,27,2026-03-01T00:00:00+00:00,2026-06-30T23:59:00+00:00,175680,,,,,,,,,,,,,,,,,,,,,,
229,100.0,10.0,0.9,75.0,1.35,1,0.025,0.0125,0.25,0.025,360.0,360.0,0.35,0.4,15.0,5.0,0.04,0.06,0.0002,0.0005,2.0,0.004,0.0125,0.001,0.001,100.0,50.0,1776162600000,0.1,66.36829236367693,-33.63170763632307,-33.63170763632307,35.34033459027369,27.666099734539976,0.001939458215711389,0,70,59,2,1,65,0,519.9911905026299,66.36829236367693,62405.592809080015,415,True,17,2026-03-01T00:00:00+00:00,2026-06-30T23:59:00+00:00,175680,,,,,,,,,,,,,,,,,,,,,,
230,100.0,10.0,0.6,100.0,1.5,3,0.012,0.006,0.25,0.05,1440.0,15.0,0.35,0.4,15.0,5.0,0.01,0.06,0.0002,0.0005,2.0,0.004,0.0125,0.001,0.001,100.0,50.0,1776162600000,0.1,68.95637708442248,-31.043622915577515,-31.04362291557752,35.29244255100104,26.36763996170736,0.010056660884709313,0,34,147,0,20,13,12818,518.0784,68.95637708442248,70352.20764341476,446,True,30,2026-03-01T00:00:00+00:00,2026-06-30T23:59:00+00:00,175680,,,,,,,,,,,,,,,,,,,,,,
231,100.0,10.0,0.75,50.0,1.75,1,0.008,0.004,0.18,0.01,2880.0,180.0,0.35,0.3,30.0,5.0,0.01,0.06,0.0002,0.0005,2.0,0.004,0.0125,0.001,0.001,100.0,50.0,1776162600000,0.1,65.3165388508358,-34.6834611491642,-34.68346114916421,35.46712645475443,19.385107907200016,0.008343078034768355,0,28,100,13,6,1,7997,564.1774538890452,65.3165388508358,50145.478894399945,316,True,16,2026-03-01T00:00:00+00:00,2026-06-30T23:59:00+00:00,175680,,,,,,,,,,,,,,,,,,,,,,
232,100.0,10.0,0.75,125.0,1.75,4,0.018,0.013499999999999998,0.18,0.01,120.0,180.0,0.35,0.2,30.0,5.0,0.04,0.03,0.0002,0.0005,2.0,0.004,0.0125,0.001,0.001,100.0,50.0,1776162600000,0.1,65.1467278688811,-34.8532721311189,-34.85327213111889,35.5332521085496,30.543085651120002,0.0,0,102,10,32,1,64,0,575.8056,65.1467278688811,62721.345902240035,433,True,5,2026-03-01T00:00:00+00:00,2026-06-30T23:59:00+00:00,175680,,,,,,,,,,,,,,,,,,,,,,
233,100.0,10.0,0.9,125.0,1.15,4,0.025,0.037500000000000006,0.25,0.025,120.0,15.0,0.35,0.2,15.0,5.0,0.02,0.015,0.0002,0.0005,2.0,0.004,0.0125,0.001,0.001,100.0,50.0,1776162600000,0.1,64.75703104025108,-35.24296895974892,-35.24296895974892,35.24296895974892,24.998508739750015,0.0,0,90,0,28,14,48,0,493.19798763767,64.75703104025108,50123.278839500024,361,True,1,2026-03-01T00:00:00+00:00,2026-06-30T23:59:00+00:00,175680,,,,,,,,,,,,,,,,,,,,,,
234,100.0,7.0,0.9,50.0,1.15,3,0.005,0.0075,0.18,0.025,2880.0,60.0,0.35,0.65,30.0,5.0,0.01,0.06,0.0002,0.0005,2.0,0.004,0.0125,0.001,0.001,100.0,50.0,1776162600000,0.1,71.33452761336147,-28.665472386638527,-28.665472386638523,35.23303257301521,18.216688150600003,-0.02130455603948498,0,25,75,0,14,3,20108,669.477,71.33452761336147,49791.57608120002,278,True,40,2026-03-01T00:00:00+00:00,2026-06-30T23:59:00+00:00,175680,66.13733424717607,-33.86266575282393,-33.86266575282393,35.28163027129793,21.61663466090513,0.6403305284396225,0.0,39.0,131.0,0.0,6.0,16.0,37617.0,584.9175280876495,66.13733424717607,65157.39418181029,540.0,True,132.0,2026-07-01T00:00:00+00:00,2026-08-31T23:59:00+00:00,89280.0
235,100.0,10.0,0.75,100.0,1.15,3,0.018,0.018,0.25,0.01,120.0,180.0,0.35,0.65,60.0,5.0,0.02,0.03,0.0002,0.0005,2.0,0.004,0.0125,0.001,0.001,100.0,50.0,1776162600000,0.1,67.34691656856091,-32.653083431439086,-32.653083431439086,35.38288295905508,25.882156120338806,0.0,0,85,9,0,1,81,0,513.9393,67.34691656856091,53637.49838067761,365,True,9,2026-03-01T00:00:00+00:00,2026-06-30T23:59:00+00:00,175680,,,,,,,,,,,,,,,,,,,,,,
236,100.0,10.0,0.6,100.0,1.5,2,0.003,0.003,0.18,0.025,1440.0,60.0,0.35,0.3,60.0,5.0,0.02,0.03,0.0002,0.0005,2.0,0.004,0.0125,0.001,0.001,100.0,50.0,1776162600000,0.1,65.09023764173364,-34.90976235826636,-34.90976235826636,35.18028106784279,16.763788421330474,0.02197553357173385,0,17,102,13,2,1,8852,490.44434839834,65.09023764173364,46508.069722660955,291,True,23,2026-03-01T00:00:00+00:00,2026-06-30T23:59:00+00:00,175680,,,,,,,,,,,,,,,,,,,,,,
237,100.0,10.0,0.75,75.0,1.5,3,0.003,0.0045000000000000005,0.12,0.01,1440.0,15.0,0.35,0.4,60.0,5.0,0.01,0.06,0.0002,0.0005,2.0,0.004,0.0125,0.001,0.001,100.0,50.0,1776162600000,0.1,64.70677817536807,-35.29322182463193,-35.29322182463193,35.45459599753881,12.807832806176629,0.004617035227203553,0,16,61,0,12,0,5241,681.39,64.70677817536807,36341.201712353286,206,True,32,2026-03-01T00:00:00+00:00,2026-06-30T23:59:00+00:00,175680,,,,,,,,,,,,,,,,,,,,,,
238,100.0,10.0,0.6,75.0,1.35,2,0.008,0.006,0.08,0.01,720.0,60.0,0.35,0.2,15.0,5.0,0.01,0.015,0.0002,0.0005,2.0,0.004,0.0125,0.001,0.001,100.0,50.0,1776162600000,0.1,64.54992463905013,-35.45007536094987,-35.45007536094986,35.45007536094986,20.071175434364875,-0.0029876206211742577,0,43,62,18,12,6,2842,489.5527000000001,64.54992463905013,47786.59308872973,307,True,21,2026-03-01T00:00:00+00:00,2026-06-30T23:59:00+00:00,175680,,,,,,,,,,,,,,,,,,,,,,
239,100.0,10.0,0.75,100.0,1.5,1,0.008,0.012,0.12,0.05,2880.0,180.0,0.35,0.8,5.0,5.0,0.04,0.03,0.0002,0.0005,2.0,0.004,0.0125,0.001,0.001,100.0,50.0,1776162600000,0.1,68.10580213988655,-31.89419786011345,-31.89419786011345,35.34166985687821,5.259025047758532,0.013818072804110966,0,5,26,0,3,2,600,700.6347834262,68.10580213988655,15338.816635517065,84,True,14,2026-03-01T00:00:00+00:00,2026-06-30T23:59:00+00:00,175680,,,,,,,,,,,,,,,,,,,,,,
240,100.0,7.0,0.9,125.0,1.15,1,0.025,0.037500000000000006,0.25,0.05,1440.0,180.0,0.35,0.5,5.0,5.0,0.01,0.015,0.0002,0.0005,2.0,0.004,0.0125,0.001,0.001,100.0,50.0,1776162600000,0.1,65.90096501464261,-34.09903498535739,-34.09903498535739,35.46326562404919,19.3223347212,0.06531877584111487,0,58,8,0,32,24,243,531.8509,65.90096501464261,41445.102182399976,263,True,17,2026-03-01T00:00:00+00:00,2026-06-30T23:59:00+00:00,175680,,,,,,,,,,,,,,,,,,,,,,
241,100.0,10.0,0.9,125.0,1.5,1,0.012,0.018000000000000002,0.18,0.05,120.0,15.0,0.35,0.2,60.0,5.0,0.02,0.015,0.0002,0.0005,2.0,0.004,0.0125,0.001,0.001,100.0,50.0,1776162600000,0.1,64.84278488688852,-35.15721511311148,-35.15721511311148,35.440460497549495,28.84857175650999,-0.0005897766030000001,0,93,5,16,11,66,0,518.0784,64.84278488688852,60795.689733020015,400,True,22,2026-03-01T00:00:00+00:00,2026-06-30T23:59:00+00:00,175680,,,,,,,,,,,,,,,,,,,,,,
242,100.0,10.0,0.9,75.0,1.35,3,0.012,0.006,0.08,0.05,360.0,60.0,0.35,0.2,5.0,5.0,0.04,0.03,0.0002,0.0005,2.0,0.004,0.0125,0.001,0.001,100.0,50.0,1776162600000,0.1,72.11887716260891,-27.88112283739109,-27.881122837391093,35.43198516856295,62.722642609050325,0.041532307917734934,0,117,192,67,2,45,62,852.65408629236,72.11887716260891,155146.54815810054,928,True,82,2026-03-01T00:00:00+00:00,2026-06-30T23:59:00+00:00,175680,66.03282263764766,-33.967177362352345,-33.96717736235234,35.216133699021945,31.79254779715001,0.02255173479643572,0.0,89.0,75.0,49.0,1.0,39.0,7.0,906.6245191296139,66.03282263764766,72519.07537429998,529.0,True,23.0,2026-07-01T00:00:00+00:00,2026-08-31T23:59:00+00:00,89280.0
243,100.0,10.0,0.75,75.0,1.75,2,0.018,0.009,0.08,0.01,720.0,60.0,0.35,0.2,60.0,5.0,0.01,0.015,0.0002,0.0005,2.0,0.004,0.0125,0.001,0.001,100.0,50.0,1776162600000,0.1,65.85940954917608,-34.14059045082392,-34.14059045082393,35.21523078477825,31.262591114200003,0.007002503375060591,0,82,64,44,15,15,588,583.1024,65.85940954917608,70518.91226839999,456,True,16,2026-03-01T00:00:00+00:00,2026-06-30T23:59:00+00:00,175680,,,,,,,,,,,,,,,,,,,,,,
244,100.0,10.0,0.9,100.0,1.35,1,0.003,0.0045000000000000005,0.18,0.01,1440.0,60.0,0.35,0.8,5.0,5.0,0.04,0.015,0.0002,0.0005,2.0,0.004,0.0125,0.001,0.001,100.0,50.0,1776162600000,0.1,64.91750361191623,-35.08249638808377,-35.082496388083776,35.24439609547084,20.523632828628088,-0.015204575638135043,0,25,86,0,13,0,1207,695.777682250794,64.91750361191623,59297.112017256164,311,True,59,2026-03-01T00:00:00+00:00,2026-06-30T23:59:00+00:00,175680,,,,,,,,,,,,,,,,,,,,,,
245,100.0,10.0,0.75,125.0,1.15,2,0.012,0.006,0.18,0.01,1440.0,360.0,0.35,0.4,15.0,5.0,0.04,0.03,0.0002,0.0005,2.0,0.004,0.0125,0.001,0.001,100.0,50.0,1776162600000,0.1,69.17818664520442,-30.82181335479558,-30.82181335479558,35.42710801396236,11.547419637178244,0.008056372036832966,0,14,59,0,2,2,2355,777.2844284901703,69.17818664520442,30819.184014356488,185,True,19,2026-03-01T00:00:00+00:00,2026-06-30T23:59:00+00:00,175680,,,,,,,,,,,,,,,,,,,,,,
246,100.0,7.0,0.9,100.0,1.35,2,0.003,0.003,0.25,0.05,1440.0,15.0,0.35,0.4,60.0,5.0,0.02,0.03,0.0002,0.0005,2.0,0.004,0.0125,0.001,0.001,100.0,50.0,1776162600000,0.1,65.04361842737697,-34.95638157262303,-34.95638157262303,35.2267065301075,19.243030864030004,0.01020987140590811,0,11,158,0,1,10,24032,490.44434839834,65.04361842737697,53603.115248060036,370,True,10,2026-03-01T00:00:00+00:00,2026-06-30T23:59:00+00:00,175680,,,,,,,,,,,,,,,,,,,,,,
247,100.0,7.0,0.9,75.0,1.15,3,0.008,0.008,0.18,0.05,120.0,360.0,0.35,0.5,60.0,5.0,0.01,0.03,0.0002,0.0005,2.0,0.004,0.0125,0.001,0.001,100.0,50.0,1776162600000,0.1,65.62769349121133,-34.37230650878867,-34.37230650878866,35.53702141105949,26.00801317487001,0.003282006081,0,70,41,0,7,63,455,507.65453600722003,65.62769349121133,58481.997509740024,376,True,22,2026-03-01T00:00:00+00:00,2026-06-30T23:59:00+00:00,175680,,,,,,,,,,,,,,,,,,,,,,
248,100.0,10.0,0.75,125.0,1.75,3,0.008,0.012,0.18,0.025,120.0,180.0,0.35,0.8,15.0,5.0,0.04,0.015,0.0002,0.0005,2.0,0.004,0.0125,0.001,0.001,100.0,50.0,1776162600000,0.1,64.62827939468141,-35.371720605318586,-35.37172060531859,35.42612614740764,27.030394765320004,0.0,0,74,17,0,9,65,174,584.44,64.62827939468141,60102.969770640004,350,True,28,2026-03-01T00:00:00+00:00,2026-06-30T23:59:00+00:00,175680,,,,,,,,,,,,,,,,,,,,,,
249,100.0,10.0,0.6,50.0,1.35,1,0.003,0.0022500000000000003,0.12,0.05,360.0,15.0,0.35,0.65,30.0,5.0,0.02,0.06,0.0002,0.0005,2.0,0.004,0.0125,0.001,0.001,100.0,50.0,1776162600000,0.1,64.7722176836874,-35.2277823163126,-35.22778231631259,35.29078152940295,21.311844166822002,0.016708974488999998,0,15,153,0,2,13,5309,477.1197593659,64.7722176836874,61585.44195364401,393,True,31,2026-03-01T00:00:00+00:00,2026-06-30T23:59:00+00:00,175680,,,,,,,,,,,,,,,,,,,,,,
250,100.0,7.0,0.9,50.0,1.15,3,0.005,0.00375,0.18,0.025,1440.0,360.0,0.35,0.8,5.0,5.0,0.01,0.06,0.0002,0.0005,2.0,0.004,0.0125,0.001,0.001,100.0,50.0,1776162600000,0.1,66.73390771410057,-33.26609228589943,-33.26609228589943,35.272472037606576,17.301597986701985,0.01557282476626,0,16,113,0,9,6,15837,600.5271704046241,66.73390771410057,49322.45513340397,303,True,27,2026-03-01T00:00:00+00:00,2026-06-30T23:59:00+00:00,175680,,,,,,,,,,,,,,,,,,,,,,
251,100.0,10.0,0.75,75.0,1.75,1,0.003,0.003,0.08,0.025,1440.0,180.0,0.35,0.5,60.0,5.0,0.01,0.03,0.0002,0.0005,2.0,0.004,0.0125,0.001,0.001,100.0,50.0,1776162600000,0.1,65.30141957327268,-34.69858042672732,-34.69858042672732,35.08213270538768,17.886622176979156,-0.030253225419529656,0,14,123,0,9,4,13413,575.8671999999999,65.30141957327268,51888.65455395829,314,True,22,2026-03-01T00:00:00+00:00,2026-06-30T23:59:00+00:00,175680,,,,,,,,,,,,,,,,,,,,,,
252,100.0,10.0,0.75,100.0,1.5,4,0.008,0.006,0.25,0.05,360.0,60.0,0.35,0.3,5.0,5.0,0.02,0.015,0.0002,0.0005,2.0,0.004,0.0125,0.001,0.001,100.0,50.0,1776162600000,0.1,66.77939470703659,-33.22060529296341,-33.22060529296341,35.36536597558894,31.093739485300393,-0.007328823467864003,0,51,110,16,15,19,913,683.7512713768,66.77939470703659,81817.12973060072,463,True,65,2026-03-01T00:00:00+00:00,2026-06-30T23:59:00+00:00,175680,,,,,,,,,,,,,,,,,,,,,,
253,100.0,10.0,0.9,50.0,1.75,3,0.025,0.018750000000000003,0.18,0.05,1440.0,360.0,0.35,0.65,15.0,5.0,0.01,0.03,0.0002,0.0005,2.0,0.004,0.0125,0.001,0.001,100.0,50.0,1776162600000,0.1,67.40642119656555,-32.593578803434454,-32.593578803434454,35.817946487136766,18.628883601877533,0.06124510532069517,0,44,31,0,18,22,3,815.2024115962801,67.40642119656555,43062.90904375506,254,True,18,2026-03-01T00:00:00+00:00,2026-06-30T23:59:00+00:00,175680,,,,,,,,,,,,,,,,,,,,,,
254,100.0,7.0,0.9,50.0,1.5,3,0.008,0.008,0.08,0.01,360.0,360.0,0.35,0.2,15.0,5.0,0.02,0.06,0.0002,0.0005,2.0,0.004,0.0125,0.001,0.001,100.0,50.0,1776162600000,0.1,66.63004195808965,-33.36995804191035,-33.36995804191035,35.19656581192001,28.132026278693246,0.01846262329302347,0,65,56,26,2,25,1178,518.1197000000001,66.63004195808965,65437.042577386535,400,True,34,2026-03-01T00:00:00+00:00,2026-06-30T23:59:00+00:00,175680,,,,,,,,,,,,,,,,,,,,,,
255,100.0,7.0,0.9,50.0,1.15,1,0.012,0.006,0.18,0.05,360.0,360.0,0.35,0.5,60.0,5.0,0.04,0.06,0.0002,0.0005,2.0,0.004,0.0125,0.001,0.001,100.0,50.0,1776162600000,0.1,69.64839530066463,-30.35160469933537,-30.351604699335365,35.4277598616615,21.610062026639987,0.013986407303760617,0,32,102,0,1,31,1533,515.93504088406,69.64839530066463,55603.99013328,354,True,24,2026-03-01T00:00:00+00:00,2026-06-30T23:59:00+00:00,175680,,,,,,,,,,,,,,,,,,,,,,
256,100.0,10.0,0.9,125.0,1.5,3,0.018,0.013499999999999998,0.12,0.025,720.0,360.0,0.35,0.8,5.0,5.0,0.04,0.03,0.0002,0.0005,2.0,0.004,0.0125,0.001,0.001,100.0,50.0,1776162600000,0.1,78.48123074412804,-21.51876925587196,-21.518769255871963,35.091280232707724,39.46823179310141,-0.014499899996686062,0,84,77,0,2,67,454,911.7443999999999,78.48123074412804,92947.41350620273,537,True,53,2026-03-01T00:00:00+00:00,2026-06-30T23:59:00+00:00,175680,69.98795839866658,-30.012041601333422,-30.012041601333415,35.440341588710766,24.557682465541113,0.07680317330495712,0.0,70.0,33.0,0.0,1.0,65.0,354.0,683.91367613767,69.98795839866658,54000.82071108232,360.0,True,14.0,2026-07-01T00:00:00+00:00,2026-08-31T23:59:00+00:00,89280.0
257,100.0,10.0,0.6,100.0,1.5,4,0.003,0.0022500000000000003,0.08,0.01,720.0,60.0,0.35,0.5,30.0,5.0,0.04,0.03,0.0002,0.0005,2.0,0.004,0.0125,0.001,0.001,100.0,50.0,1776162600000,0.1,64.76712292239105,-35.23287707760895,-35.23287707760895,35.29587133539648,21.773906370777393,0.0147436830951785,0,17,156,0,3,10,13590,490.44434839834,64.76712292239105,61110.74934155481,396,True,24,2026-03-01T00:00:00+00:00,2026-06-30T23:59:00+00:00,175680,,,,,,,,,,,,,,,,,,,,,,
258,100.0,10.0,0.9,100.0,1.75,3,0.012,0.012,0.25,0.05,2880.0,60.0,0.35,0.8,30.0,5.0,0.02,0.06,0.0002,0.0005,2.0,0.004,0.0125,0.001,0.001,100.0,50.0,1776162600000,0.1,67.75847519977575,-32.241524800224255,-32.241524800224255,35.45141520290026,5.189003724622166,0.019263435835803075,0,4,25,0,1,2,5494,833.928,67.75847519977575,15254.227369244327,77,True,11,2026-03-01T00:00:00+00:00,2026-06-30T23:59:00+00:00,175680,,,,,,,,,,,,,,,,,,,,,,
259,100.0,10.0,0.6,50.0,1.15,3,0.025,0.0125,0.12,0.01,1440.0,180.0,0.35,0.5,30.0,5.0,0.01,0.015,0.0002,0.0005,2.0,0.004,0.0125,0.001,0.001,100.0,50.0,1776162600000,0.1,64.98841833774021,-35.011581662259786,-35.011581662259786,35.236855472288255,34.164637699979984,0.0122807577181816,0,96,117,0,36,43,798,520.6959314565399,64.98841833774021,79810.6236999599,620,True,28,2026-03-01T00:00:00+00:00,2026-06-30T23:59:00+00:00,175680,,,,,,,,,,,,,,,,,,,,,,
260,100.0,7.0,0.9,75.0,1.35,1,0.018,0.013499999999999998,0.12,0.05,2880.0,360.0,0.35,0.8,15.0,5.0,0.04,0.03,0.0002,0.0005,2.0,0.004,0.0125,0.001,0.001,100.0,50.0,1776162600000,0.1,70.35331964230214,-29.64668035769786,-29.646680357697864,35.462326751717285,16.37537560927683,0.00033442945443801133,0,23,63,0,5,11,3230,531.8509,70.35331964230214,43667.63325855365,247,True,33,2026-03-01T00:00:00+00:00,2026-06-30T23:59:00+00:00,175680,,,,,,,,,,,,,,,,,,,,,,
261,100.0,10.0,0.9,50.0,1.75,4,0.012,0.006,0.18,0.025,360.0,15.0,0.35,0.4,5.0,5.0,0.01,0.03,0.0002,0.0005,2.0,0.004,0.0125,0.001,0.001,100.0,50.0,1776162600000,0.1,73.93036122854394,-26.069638771456056,-26.06963877145606,35.38062522770269,43.30741490103732,0.012030699474505564,0,64,170,0,17,32,574,896.6341415652402,73.93036122854394,115864.69804207477,635,True,67,2026-03-01T00:00:00+00:00,2026-06-30T23:59:00+00:00,175680,65.20597639657319,-34.79402360342681,-34.79402360342681,35.55450809476173,24.117795618802482,0.06036819029775855,0.0,107.0,141.0,3.0,3.0,99.0,36.0,511.54790253216,65.20597639657319,58077.1398376049,753.0,True,47.0,2026-07-01T00:00:00+00:00,2026-08-31T23:59:00+00:00,89280.0
262,100.0,10.0,0.9,100.0,1.5,1,0.025,0.018750000000000003,0.18,0.01,1440.0,60.0,0.35,0.3,30.0,5.0,0.01,0.015,0.0002,0.0005,2.0,0.004,0.0125,0.001,0.001,100.0,50.0,1776162600000,0.1,65.00082196693104,-34.99917803306896,-34.99917803306896,35.52692728767143,24.195928293069983,0.0,0,78,21,45,24,6,0,519.9548367391,65.00082196693104,51027.078486140024,349,True,7,2026-03-01T00:00:00+00:00,2026-06-30T23:59:00+00:00,175680,,,,,,,,,,,,,,,,,,,,,,
263,100.0,10.0,0.6,50.0,1.5,1,0.025,0.037500000000000006,0.25,0.025,1440.0,360.0,0.35,0.4,60.0,5.0,0.01,0.03,0.0002,0.0005,2.0,0.004,0.0125,0.001,0.001,100.0,50.0,1776162600000,0.1,66.61945872327358,-33.38054127672642,-33.38054127672642,35.1898575744593,25.629913455129987,-0.011908841597921584,0,100,10,12,32,50,175,531.8509,66.61945872327358,55069.45347025994,449,True,29,2026-03-01T00:00:00+00:00,2026-06-30T23:59:00+00:00,175680,,,,,,,,,,,,,,,,,,,,,,
264,100.0,7.0,0.9,75.0,1.35,1,0.018,0.013499999999999998,0.25,0.01,360.0,15.0,0.35,0.2,5.0,5.0,0.02,0.03,0.0002,0.0005,2.0,0.004,0.0125,0.001,0.001,100.0,50.0,1776162600000,0.1,67.99273154291282,-32.00726845708718,-32.00726845708718,35.494348230108685,26.53574733461999,0.005251877531295444,0,80,31,48,1,23,65,511.3584,67.99273154291282,56954.498529239965,391,True,11,2026-03-01T00:00:00+00:00,2026-06-30T23:59:00+00:00,175680,,,,,,,,,,,,,,,,,,,,,,
265,100.0,10.0,0.9,50.0,1.15,3,0.005,0.0075,0.18,0.01,720.0,60.0,0.35,0.8,15.0,5.0,0.04,0.015,0.0002,0.0005,2.0,0.004,0.0125,0.001,0.001,100.0,50.0,1776162600000,0.1,64.668542357071,-35.331457642928996,-35.331457642928996,35.331457642928996,42.45991538414506,0.07818973765057091,0,65,90,0,16,5,4215,804.9888000000001,64.668542357071,110122.26784828995,539,True,115,2026-03-01T00:00:00+00:00,2026-06-30T23:59:00+00:00,175680,,,,,,,,,,,,,,,,,,,,,,
266,100.0,7.0,0.9,100.0,1.35,4,0.008,0.006,0.25,0.025,2880.0,180.0,0.35,0.8,5.0,5.0,0.01,0.03,0.0002,0.0005,2.0,0.004,0.0125,0.001,0.001,100.0,50.0,1776162600000,0.1,69.80071014940808,-30.199289850591924,-30.199289850591924,35.18686517819391,11.868244846048764,-0.018310107025160633,0,14,59,0,9,0,6432,663.065,69.80071014940808,32533.96119209754,191,True,23,2026-03-01T00:00:00+00:00,2026-06-30T23:59:00+00:00,175680,,,,,,,,,,,,,,,,,,,,,,
267,100.0,10.0,0.75,125.0,1.5,4,0.018,0.018,0.25,0.025,120.0,15.0,0.35,0.2,15.0,5.0,0.01,0.06,0.0002,0.0005,2.0,0.004,0.0125,0.001,0.001,100.0,50.0,1776162600000,0.1,65.9732955399024,-34.026704460097605,-34.0267044600976,35.44398731889369,25.26143691763,0.005251877531295444,0,85,8,31,10,44,0,511.3584,65.9732955399024,52152.62167526002,362,True,8,2026-03-01T00:00:00+00:00,2026-06-30T23:59:00+00:00,175680,,,,,,,,,,,,,,,,,,,,,,
268,100.0,10.0,0.75,125.0,1.5,4,0.005,0.0025,0.12,0.05,120.0,180.0,0.35,0.3,5.0,5.0,0.01,0.03,0.0002,0.0005,2.0,0.004,0.0125,0.001,0.001,100.0,50.0,1776162600000,0.1,65.9956763681378,-34.004323631862206,-34.004323631862206,35.426703790868295,25.683753380729982,-0.0003915111330000023,0,25,132,4,4,17,617,670.230254058,65.9956763681378,73121.59882146001,410,True,56,2026-03-01T00:00:00+00:00,2026-06-30T23:59:00+00:00,175680,,,,,,,,,,,,,,,,,,,,,,
269,100.0,7.0,0.9,50.0,1.35,2,0.008,0.008,0.18,0.025,120.0,60.0,0.35,0.3,60.0,5.0,0.04,0.06,0.0002,0.0005,2.0,0.004,0.0125,0.001,0.001,100.0,50.0,1776162600000,0.1,65.89282631208269,-34.10717368791731,-34.10717368791731,35.27659398407176,21.47333366339,0.012132635471665008,0,52,44,13,1,38,500,495.5898844212557,65.89282631208269,49828.531426780006,317,True,23,2026-03-01T00:00:00+00:00,2026-06-30T23:59:00+00:00,175680,,,,,,,,,,,,,,,,,,,,,,
270,100.0,10.0,0.75,100.0,1.75,2,0.005,0.00375,0.25,0.01,720.0,15.0,0.35,0.8,30.0,5.0,0.01,0.015,0.0002,0.0005,2.0,0.004,0.0125,0.001,0.001,100.0,50.0,1776162600000,0.1,64.62298930890763,-35.377010691092366,-35.37701069109237,35.37701069109237,11.993653041914827,-0.021603078836000003,0,18,53,0,11,1,2490,559.4888000000001,64.62298930890763,31948.54240382967,181,True,19,2026-03-01T00:00:00+00:00,2026-06-30T23:59:00+00:00,175680,,,,,,,,,,,,,,,,,,,,,,
271,100.0,7.0,0.9,100.0,1.5,3,0.012,0.018000000000000002,0.12,0.025,2880.0,180.0,0.35,0.2,30.0,5.0,0.04,0.06,0.0002,0.0005,2.0,0.004,0.0125,0.001,0.001,100.0,50.0,1776162600000,0.1,67.46970081834425,-32.53029918165575,-32.53029918165575,35.219168540293154,20.76983166436999,0.0857597027136457,0,56,24,47,1,1,5548,518.1197000000001,67.46970081834425,45802.173908740035,290,True,18,2026-03-01T00:00:00+00:00,2026-06-30T23:59:00+00:00,175680,,,,,,,,,,,,,,,,,,,,,,
272,100.0,10.0,0.9,75.0,1.75,3,0.005,0.0025,0.08,0.025,720.0,180.0,0.35,0.8,60.0,5.0,0.04,0.06,0.0002,0.0005,2.0,0.004,0.0125,0.001,0.001,100.0,50.0,1776162600000,0.1,66.25752089711335,-33.74247910288665,-33.74247910288665,35.46163490159693,18.60013620713351,0.022183674653048102,0,10,118,0,5,2,2736,865.6593339884395,66.25752089711335,58024.41649426704,309,True,39,2026-03-01T00:00:00+00:00,2026-06-30T23:59:00+00:00,175680,,,,,,,,,,,,,,,,,,,,,,
273,100.0,7.0,0.9,75.0,1.5,3,0.003,0.0015,0.18,0.05,2880.0,60.0,0.35,0.2,30.0,5.0,0.02,0.03,0.0002,0.0005,2.0,0.004,0.0125,0.001,0.001,100.0,50.0,1776162600000,0.1,64.75863008012509,-35.24136991987491,-35.24136991987491,35.24136991987491,16.778617354224487,0.021253963296246375,0,11,130,10,1,0,7465,490.44434839834,64.75863008012509,47631.71562844896,315,True,17,2026-03-01T00:00:00+00:00,2026-06-30T23:59:00+00:00,175680,,,,,,,,,,,,,,,,,,,,,,
274,100.0,10.0,0.75,100.0,1.15,2,0.012,0.006,0.12,0.025,120.0,15.0,0.35,0.3,60.0,5.0,0.01,0.015,0.0002,0.0005,2.0,0.004,0.0125,0.001,0.001,100.0,50.0,1776162600000,0.1,65.26922676389738,-34.73077323610262,-34.73077323610262,35.161084253520045,23.6447822824127,0.004662100928295444,0,56,68,8,11,37,33,511.3584,65.26922676389738,55168.588044825374,365,True,19,2026-03-01T00:00:00+00:00,2026-06-30T23:59:00+00:00,175680,,,,,,,,,,,,,,,,,,,,,,
275,100.0,10.0,0.9,125.0,1.75,3,0.018,0.009,0.18,0.05,2880.0,60.0,0.35,0.4,30.0,5.0,0.01,0.015,0.0002,0.0005,2.0,0.004,0.0125,0.001,0.001,100.0,50.0,1776162600000,0.1,71.42875538761199,-28.571244612388014,-28.571244612388014,35.41162269942433,43.327052852754655,0.3026194510457211,0,62,172,4,41,6,1434,895.8273252174,71.42875538761199,116681.48610550932,624,True,70,2026-03-01T00:00:00+00:00,2026-06-30T23:59:00+00:00,175680,65.78774093606353,-34.21225906393647,-34.212259063936465,35.72124428702942,22.436177442503208,0.13921980932264796,0.0,33.0,81.0,4.0,6.0,18.0,2116.0,808.1489000000001,65.78774093606353,58045.11380500639,319.0,True,31.0,2026-07-01T00:00:00+00:00,2026-08-31T23:59:00+00:00,89280.0
276,100.0,10.0,0.6,100.0,1.15,3,0.008,0.008,0.25,0.025,720.0,360.0,0.35,0.5,60.0,5.0,0.01,0.03,0.0002,0.0005,2.0,0.004,0.0125,0.001,0.001,100.0,50.0,1776162600000,0.1,68.31607319349216,-31.68392680650784,-31.683926806507845,35.153127813234484,33.85007639004493,0.03537899343424975,0,60,125,0,15,35,11221,531.8509,68.31607319349216,86639.81968008996,524,True,50,2026-03-01T00:00:00+00:00,2026-06-30T23:59:00+00:00,175680,,,,,,,,,,,,,,,,,,,,,,
277,100.0,10.0,0.9,100.0,1.35,3,0.005,0.0025,0.25,0.05,2880.0,60.0,0.35,0.8,60.0,5.0,0.04,0.06,0.0002,0.0005,2.0,0.004,0.0125,0.001,0.001,100.0,50.0,1776162600000,0.1,67.67245480060593,-32.327545199394066,-32.327545199394066,35.35545162745542,6.681408004387199,0.010850550594,0,3,47,0,2,1,5453,824.0687999999999,67.67245480060593,20419.6941087744,117,True,13,2026-03-01T00:00:00+00:00,2026-06-30T23:59:00+00:00,175680,,,,,,,,,,,,,,,,,,,,,,
278,100.0,10.0,0.75,75.0,1.75,1,0.003,0.0022500000000000003,0.08,0.025,360.0,15.0,0.35,0.8,30.0,5.0,0.02,0.015,0.0002,0.0005,2.0,0.004,0.0125,0.001,0.001,100.0,50.0,1776162600000,0.1,64.82005655682867,-35.179943443171325,-35.179943443171325,35.337152302089194,16.117609445331603,-0.006655105146,0,16,95,0,13,2,1181,545.112,64.82005655682867,47869.10593066315,265,True,31,2026-03-01T00:00:00+00:00,2026-06-30T23:59:00+00:00,175680,,,,,,,,,,,,,,,,,,,,,,
279,100.0,10.0,0.75,125.0,1.15,3,0.008,0.004,0.18,0.05,360.0,180.0,0.35,0.65,60.0,5.0,0.04,0.06,0.0002,0.0005,2.0,0.004,0.0125,0.001,0.001,100.0,50.0,1776162600000,0.1,68.14749056062519,-31.852509439374813,-31.85250943937481,35.35881497249681,15.702677756016913,0.013617660756387333,0,13,88,0,2,10,1282,743.3256507859459,68.14749056062519,44764.47245203379,258,True,32,2026-03-01T00:00:00+00:00,2026-06-30T23:59:00+00:00,175680,,,,,,,,,,,,,,,,,,,,,,
280,100.0,10.0,0.75,75.0,1.15,4,0.008,0.012,0.18,0.05,360.0,15.0,0.35,0.65,60.0,5.0,0.01,0.06,0.0002,0.0005,2.0,0.004,0.0125,0.001,0.001,100.0,50.0,1776162600000,0.1,66.20790202480389,-33.792097975196114,-33.792097975196114,35.30960770132824,23.762994412590004,-0.01749642260690073,0,44,42,0,15,25,1524,739.1989,66.20790202480389,59138.816265180016,313,True,59,2026-03-01T00:00:00+00:00,2026-06-30T23:59:00+00:00,175680,,,,,,,,,,,,,,,,,,,,,,
281,100.0,10.0,0.75,125.0,1.75,1,0.025,0.018750000000000003,0.18,0.05,1440.0,15.0,0.35,0.4,30.0,5.0,0.02,0.06,0.0002,0.0005,2.0,0.004,0.0125,0.001,0.001,100.0,50.0,1776162600000,0.1,66.63918043948189,-33.36081956051811,-33.36081956051811,35.299032307323486,5.322420017631371,-0.0007694001480458915,0,9,17,0,1,7,88,587.7040000000001,66.63918043948189,13192.06095526274,75,True,7,2026-03-01T00:00:00+00:00,2026-06-30T23:59:00+00:00,175680,,,,,,,,,,,,,,,,,,,,,,
282,100.0,10.0,0.9,75.0,1.75,2,0.003,0.0045000000000000005,0.12,0.01,720.0,60.0,0.35,0.4,15.0,5.0,0.01,0.015,0.0002,0.0005,2.0,0.004,0.0125,0.001,0.001,100.0,50.0,1776162600000,0.1,64.74154886484644,-35.258451135153564,-35.25845113515357,35.51367508610327,19.27326398265414,0.03006107433809749,0,28,63,0,11,1,3042,811.7980277974799,64.74154886484644,52759.94212530828,262,True,42,2026-03-01T00:00:00+00:00,2026-06-30T23:59:00+00:00,175680,,,,,,,,,,,,,,,,,,,,,,
283,100.0,10.0,0.9,125.0,1.5,3,0.018,0.013499999999999998,0.12,0.025,720.0,60.0,0.35,0.2,15.0,5.0,0.01,0.03,0.0002,0.0005,2.0,0.004,0.0125,0.001,0.001,100.0,50.0,1776162600000,0.1,67.03897147098836,-32.96102852901164,-32.961028529011635,35.56482414018386,25.200857156479984,-0.012151972532706591,0,73,32,44,13,15,0,846.551129283,67.03897147098836,54885.62999295997,364,True,14,2026-03-01T00:00:00+00:00,2026-06-30T23:59:00+00:00,175680,,,,,,,,,,,,,,,,,,,,,,
284,100.0,10.0,0.9,100.0,1.15,3,0.018,0.018,0.08,0.05,120.0,15.0,0.35,0.3,15.0,5.0,0.02,0.015,0.0002,0.0005,2.0,0.004,0.0125,0.001,0.001,100.0,50.0,1776162600000,0.1,65.4052733058527,-34.5947266941473,-34.59472669414729,35.36216804527675,27.73832457168001,0.005251877531295444,0,96,6,18,14,64,0,511.3584,65.4052733058527,56823.86406336002,399,True,7,2026-03-01T00:00:00+00:00,2026-06-30T23:59:00+00:00,175680,,,,,,,,,,,,,,,,,,,,,,
285,100.0,10.0,0.75,125.0,1.15,4,0.012,0.006,0.18,0.05,1440.0,60.0,0.35,0.3,5.0,5.0,0.02,0.06,0.0002,0.0005,2.0,0.004,0.0125,0.001,0.001,100.0,50.0,1776162600000,0.1,81.71111543801898,-18.28888456198102,-18.28888456198102,35.18613638500177,36.763247273459974,0.1434848714776061,0,53,145,42,1,4,2513,790.6437000000001,81.71111543801898,96882.13960691997,561,True,61,2026-03-01T00:00:00+00:00,2026-06-30T23:59:00+00:00,175680,65.67056410914937,-34.32943589085063,-34.32943589085063,35.75629205718703,12.777085364359994,0.046596233508887606,0.0,21.0,41.0,18.0,1.0,2.0,1223.0,632.264,65.67056410914937,31583.978788719993,175.0,True,13.0,2026-07-01T00:00:00+00:00,2026-08-31T23:59:00+00:00,89280.0
286,100.0,10.0,0.6,50.0,1.5,3,0.008,0.004,0.12,0.05,360.0,60.0,0.35,0.2,15.0,5.0,0.02,0.015,0.0002,0.0005,2.0,0.004,0.0125,0.001,0.001,100.0,50.0,1776162600000,0.1,64.57689153253773,-35.42310846746227,-35.42310846746227,35.476936852755145,19.114631221781043,0.0005002480188257413,0,30,92,11,11,8,1165,490.44434839834,64.57689153253773,50189.56362356203,310,True,28,2026-03-01T00:00:00+00:00,2026-06-30T23:59:00+00:00,175680,,,,,,,,,,,,,,,,,,,,,,
287,100.0,10.0,0.75,50.0,1.5,3,0.025,0.0125,0.18,0.05,360.0,360.0,0.35,0.65,15.0,5.0,0.04,0.03,0.0002,0.0005,2.0,0.004,0.0125,0.001,0.001,100.0,50.0,1776162600000,0.1,66.50670085480145,-33.49329914519855,-33.49329914519855,35.20548937417356,33.611071884520015,0.025835019320276955,0,89,63,0,1,86,199,515.93504088406,66.50670085480145,74961.70294904,501,True,19,2026-03-01T00:00:00+00:00,2026-06-30T23:59:00+00:00,175680,,,,,,,,,,,,,,,,,,,,,,
288,100.0,10.0,0.75,75.0,1.75,2,0.018,0.026999999999999996,0.12,0.01,360.0,360.0,0.35,0.4,5.0,5.0,0.02,0.015,0.0002,0.0005,2.0,0.004,0.0125,0.001,0.001,100.0,50.0,1776162600000,0.1,65.10519161387633,-34.89480838612367,-34.894808386123664,35.55400124463828,28.00651671490001,0.02074148877506059,0,86,5,0,16,61,260,587.676813864818,65.10519161387633,59573.6795498,373,True,19,2026-03-01T00:00:00+00:00,2026-06-30T23:59:00+00:00,175680,,,,,,,,,,,,,,,,,,,,,,
289,100.0,7.0,0.9,75.0,1.15,1,0.003,0.0015,0.08,0.01,2880.0,360.0,0.35,0.3,15.0,5.0,0.04,0.06,0.0002,0.0005,2.0,0.004,0.0125,0.001,0.001,100.0,50.0,1776162600000,0.1,64.4096099244434,-35.5903900755566,-35.5903900755566,35.5903900755566,16.453848361845736,0.010825028418369565,0,9,132,5,4,0,4555,486.37536760925445,64.4096099244434,47167.88436369148,312,True,16,2026-03-01T00:00:00+00:00,2026-06-30T23:59:00+00:00,175680,,,,,,,,,,,,,,,,,,,,,,
290,100.0,10.0,0.75,125.0,1.15,2,0.025,0.025,0.18,0.01,2880.0,180.0,0.35,0.65,15.0,5.0,0.02,0.03,0.0002,0.0005,2.0,0.004,0.0125,0.001,0.001,100.0,50.0,1776162600000,0.1,66.63495677679003,-33.365043223209966,-33.365043223209966,35.38716144976218,28.410880441779543,0.06765438303159893,0,58,48,0,2,28,2955,713.821,66.63495677679003,66662.21946355906,372,True,44,2026-03-01T00:00:00+00:00,2026-06-30T23:59:00+00:00,175680,,,,,,,,,,,,,,,,,,,,,,
291,100.0,10.0,0.75,125.0,1.35,4,0.018,0.013499999999999998,0.08,0.01,720.0,180.0,0.35,0.5,60.0,5.0,0.04,0.03,0.0002,0.0005,2.0,0.004,0.0125,0.001,0.001,100.0,50.0,1776162600000,0.1,65.72415879115832,-34.27584120884168,-34.27584120884168,35.35398913480757,33.74923948323468,0.034077648624725225,0,72,69,0,4,34,523,520.806741,65.72415879115832,79458.03134646938,474,True,50,2026-03-01T00:00:00+00:00,2026-06-30T23:59:00+00:00,175680,,,,,,,,,,,,,,,,,,,,,,
292,100.0,10.0,0.9,75.0,1.75,2,0.025,0.025,0.25,0.025,360.0,15.0,0.35,0.5,30.0,5.0,0.02,0.015,0.0002,0.0005,2.0,0.004,0.0125,0.001,0.001,100.0,50.0,1776162600000,0.1,64.54177765949734,-35.45822234050266,-35.45822234050265,35.468714509120225,30.675726483579993,0.013831943075613144,0,104,6,0,34,67,0,587.7040000000001,64.54177765949734,62844.92508715998,432,True,6,2026-03-01T00:00:00+00:00,2026-06-30T23:59:00+00:00,175680,,,,,,,,,,,,,,,,,,,,,,
293,100.0,10.0,0.9,125.0,1.35,4,0.025,0.037500000000000006,0.08,0.025,360.0,360.0,0.35,0.65,5.0,5.0,0.01,0.015,0.0002,0.0005,2.0,0.004,0.0125,0.001,0.001,100.0,50.0,1776162600000,0.1,64.63193967462637,-35.368060325373634,-35.36806032537363,35.36806032537363,22.98818659772754,0.024944797355999998,0,81,1,0,17,64,0,518.0784,64.63193967462637,46443.96813545503,329,True,3,2026-03-01T00:00:00+00:00,2026-06-30T23:59:00+00:00,175680,,,,,,,,,,,,,,,,,,,,,,
294,100.0,10.0,0.75,100.0,1.5,4,0.005,0.00375,0.25,0.05,1440.0,180.0,0.35,0.5,5.0,5.0,0.01,0.06,0.0002,0.0005,2.0,0.004,0.0125,0.001,0.001,100.0,50.0,1776162600000,0.1,68.71829886741892,-31.281701132581077,-31.281701132581073,35.330415424708164,17.625205431386817,-0.028869112620814808,0,13,103,0,7,5,9953,711.7614097425455,68.71829886741892,53172.24052277357,293,True,45,2026-03-01T00:00:00+00:00,2026-06-30T23:59:00+00:00,175680,,,,,,,,,,,,,,,,,,,,,,
295,100.0,10.0,0.9,100.0,1.35,2,0.018,0.009,0.25,0.025,120.0,180.0,0.35,0.4,5.0,5.0,0.04,0.03,0.0002,0.0005,2.0,0.004,0.0125,0.001,0.001,100.0,50.0,1776162600000,0.1,65.15318999037082,-34.84681000962918,-34.84681000962918,35.25694036143023,25.341780149629994,0.0,0,72,43,0,1,70,0,514.3719,65.15318999037082,55506.34619925996,380,True,10,2026-03-01T00:00:00+00:00,2026-06-30T23:59:00+00:00,175680,,,,,,,,,,,,,,,,,,,,,,
296,100.0,10.0,0.75,125.0,1.35,1,0.012,0.009000000000000001,0.25,0.01,120.0,15.0,0.35,0.2,15.0,5.0,0.01,0.015,0.0002,0.0005,2.0,0.004,0.0125,0.001,0.001,100.0,50.0,1776162600000,0.1,64.79846632292669,-35.201533677073314,-35.201533677073314,35.51185031110585,26.808215812490023,-0.0031112445847045573,0,74,39,23,13,34,0,514.3719,64.79846632292669,59794.96852498001,386,True,24,2026-03-01T00:00:00+00:00,2026-06-30T23:59:00+00:00,175680,,,,,,,,,,,,,,,,,,,,,,
297,100.0,10.0,0.75,50.0,1.5,4,0.005,0.0025,0.18,0.01,360.0,15.0,0.35,0.4,30.0,5.0,0.02,0.03,0.0002,0.0005,2.0,0.004,0.0125,0.001,0.001,100.0,50.0,1776162600000,0.1,66.52733569401487,-33.472664305985134,-33.472664305985134,35.32444693458795,16.371629840567042,0.0011821562460000003,0,15,93,0,1,9,2615,681.0560518537781,66.52733569401487,47056.65898113411,274,True,36,2026-03-01T00:00:00+00:00,2026-06-30T23:59:00+00:00,175680,,,,,,,,,,,,,,,,,,,,,,
298,100.0,7.0,0.9,125.0,1.15,1,0.018,0.018,0.08,0.025,120.0,15.0,0.35,0.3,5.0,5.0,0.02,0.03,0.0002,0.0005,2.0,0.004,0.0125,0.001,0.001,100.0,50.0,1776162600000,0.1,65.26486323384341,-34.735136766156586,-34.735136766156586,35.313141661491265,26.334985758829998,0.0030071726722954435,0,90,7,21,1,68,0,503.13689999999997,65.26486323384341,54102.97719766001,379,True,7,2026-03-01T00:00:00+00:00,2026-06-30T23:59:00+00:00,175680,,,,,,,,,,,,,,,,,,,,,,
299,100.0,10.0,0.6,100.0,1.15,2,0.005,0.0075,0.08,0.01,720.0,60.0,0.35,0.3,15.0,5.0,0.04,0.03,0.0002,0.0005,2.0,0.004,0.0125,0.001,0.001,100.0,50.0,1776162600000,0.1,65.6873408118344,-34.3126591881656,-34.3126591881656,35.21922262311505,21.17055970104684,-0.007935334965704553,0,46,63,24,3,11,9921,598.9549563418501,65.6873408118344,49667.889562093675,325,True,17,2026-03-01T00:00:00+00:00,2026-06-30T23:59:00+00:00,175680,,,,,,,,,,,,,,,,,,,,,,
