date,timestamp,equity,long_qty,short_qty,net_qty,gross_qty,max_long_qty,max_short_qty,max_abs_net_qty,drawdown_pct,fills,return_pct,jev_signals,forced_leg_closes,event_rows
2023-09-25,1695686399000.0,999.8164063239999,0.083,0.083,0.0,0.166,0.083,0.083,0.0,1.1102230246251565e-14,2.0,-0.018359367600007115,0,0,0
2023-09-26,1695772799000.0,999.816406324,0.083,0.083,0.0,0.166,0.083,0.083,0.0,1.1102230246251565e-14,0.0,2.220446049250313e-14,0,0,0
2023-09-27,1695859199000.0,999.891228633574,0.081,0.083,-0.0020000000000000018,0.164,0.083,0.083,0.0020000000000000018,0.00516839328837948,2.0,0.007483604899927165,0,0,0
2023-09-28,1695945599000.0,1000.0776424171287,0.08,0.083,-0.0030000000000000027,0.163,0.081,0.083,0.0030000000000000027,0.019922985162224016,2.0,0.0186434062242391,0,0,0
2023-09-29,1696031999000.0,999.2747527723649,0.078,0.083,-0.0050000000000000044,0.161,0.08,0.083,0.0050000000000000044,0.10632435271920038,2.0,-0.08028273113108719,0,0,0
2023-09-30,1696118399000.0,999.2570749298495,0.078,0.083,-0.0050000000000000044,0.161,0.078,0.083,0.0050000000000000044,0.10842917330630142,0.0,-0.0017690672626580195,0,0,0
2023-10-01,1696204799000.0,996.0981841666481,0.075,0.083,-0.008000000000000007,0.158,0.078,0.083,0.083,0.5862746165934296,2.0,-0.3161239327150289,0,0,0
2023-10-02,1696291199000.0,996.6764778111112,0.075,0.083,-0.008000000000000007,0.158,0.075,0.083,0.008000000000000007,0.42071491203387046,0.0,0.05805588782865634,0,0,0
2023-10-03,1696377599000.0,996.7207822424011,0.075,0.083,-0.008000000000000007,0.158,0.075,0.083,0.008000000000000007,0.3629933671528418,0.0,0.004445216906012739,0,0,0
2023-10-04,1696463999000.0,996.8067094171577,0.075,0.083,-0.008000000000000007,0.158,0.075,0.083,0.008000000000000007,0.3522522738845346,0.0,0.008620987571195116,0,0,0
2023-10-05,1696550399000.0,997.0820275703059,0.075,0.083,-0.008000000000000007,0.158,0.075,0.083,0.008000000000000007,0.3495494611968186,0.0,0.027620014045570684,0,0,0
2023-10-06,1696636799000.0,996.8203780567579,0.075,0.083,-0.008000000000000007,0.158,0.075,0.083,0.008000000000000007,0.3540325554996726,0.0,-0.02624152339657515,0,0,0
2023-10-07,1696723199000.0,996.9133141606198,0.075,0.083,-0.008000000000000007,0.158,0.075,0.083,0.008000000000000007,0.34387785129769144,0.0,0.009323254811777204,0,0,0
2023-10-08,1696809599000.0,996.9262578578847,0.075,0.083,-0.008000000000000007,0.158,0.075,0.083,0.008000000000000007,0.337856825693017,0.0,0.0012983774096531064,0,0,0
2023-10-09,1696895999000.0,997.7880430746848,0.075,0.084,-0.009000000000000008,0.159,0.075,0.084,0.075,0.3335122582494021,2.0,0.08644422894947823,0,0,0
2023-10-10,1696982399000.0,997.9040427604365,0.075,0.084,-0.009000000000000008,0.159,0.075,0.084,0.009000000000000008,0.2578252495076372,0.0,0.011625684087590571,0,0,0
2023-10-11,1697068799000.0,997.9140120460711,0.075,0.084,-0.009000000000000008,0.159,0.075,0.084,0.009000000000000008,0.2433859969794283,0.0,0.00099902247183703,0,0,0
2023-10-12,1697155199000.0,998.1555703229699,0.075,0.08600000000000001,-0.01100000000000001,0.161,0.075,0.08600000000000001,0.01100000000000001,0.23363698022962343,2.0,0.024206321785524842,0,0,0
2023-10-13,1697241599000.0,998.3200742959374,0.075,0.08600000000000001,-0.01100000000000001,0.161,0.075,0.08600000000000001,0.01100000000000001,0.21574170059928122,0.0,0.016480794964079948,0,0,0
2023-10-14,1697327999000.0,998.2926229509493,0.075,0.08600000000000001,-0.01100000000000001,0.161,0.075,0.08600000000000001,0.01100000000000001,0.20036645849420553,0.0,-0.0027497538810372646,0,0,0
2023-10-15,1697414399000.0,998.2616317278045,0.075,0.08600000000000001,-0.01100000000000001,0.161,0.075,0.08600000000000001,0.01100000000000001,0.20672246055031263,0.0,-0.0031044227346122,0,0,0
2023-10-16,1697500799000.0,997.8099425714397,0.075,0.08600000000000001,-0.01100000000000001,0.161,0.075,0.08600000000000001,0.01100000000000001,0.27739208973496243,0.0,-0.04524757258104195,0,0,0
2023-10-17,1697587199000.0,998.191719087007,0.075,0.08600000000000001,-0.01100000000000001,0.161,0.075,0.08600000000000001,0.01100000000000001,0.24399543790906142,0.0,0.038261446321463666,0,0,0
2023-10-18,1697673599000.0,998.2087914174274,0.075,0.08600000000000001,-0.01100000000000001,0.161,0.075,0.08600000000000001,0.01100000000000001,0.22565968636798495,0.0,0.0017103257915263015,0,0,0
2023-10-19,1697759999000.0,998.1764666847092,0.075,0.08600000000000001,-0.01100000000000001,0.161,0.075,0.08600000000000001,0.01100000000000001,0.21283033480098412,0.0,-0.0032382736954494895,0,0,0
2023-10-20,1697846399000.0,997.7695507398628,0.075,0.08600000000000001,-0.01100000000000001,0.161,0.075,0.08600000000000001,0.01100000000000001,0.27356491203142097,0.0,-0.04076593252072547,0,0,0
2023-10-21,1697932799000.0,997.4947367976346,0.075,0.08600000000000001,-0.01100000000000001,0.161,0.075,0.08600000000000001,0.01100000000000001,0.2880693312832583,0.0,-0.02754282710114575,0,0,0
2023-10-22,1698019199000.0,997.1167321545728,0.075,0.08600000000000001,-0.01100000000000001,0.161,0.075,0.08600000000000001,0.01100000000000001,0.31718326320773205,0.0,-0.03789540226301069,0,0,0
2023-10-23,1698105599000.0,997.5911574496293,0.073,0.08600000000000001,-0.013000000000000012,0.159,0.075,0.08600000000000001,0.08600000000000001,0.4283339471136349,4.0,0.047579714566770015,0,0,0
2023-10-24,1698191999000.0,997.1969673966059,0.07100000000000001,0.08600000000000001,-0.015,0.15700000000000003,0.073,0.08600000000000001,0.08600000000000001,0.40762456268210734,2.0,-0.03951418876156909,0,0,0
2023-10-25,1698278399000.0,997.1697240311682,0.07100000000000001,0.08600000000000001,-0.015,0.15700000000000003,0.07100000000000001,0.08600000000000001,0.015,0.35102164213153264,0.0,-0.00273199441318539,0,0,0
2023-10-26,1698364799000.0,997.4454215076275,0.07,0.08600000000000001,-0.016,0.15600000000000003,0.07100000000000001,0.08600000000000001,0.08600000000000001,0.4089286133424408,2.0,0.027647999113411537,0,0,0
2023-10-27,1698451199000.0,997.8263549404071,0.07,0.08600000000000001,-0.016,0.15600000000000003,0.07,0.08600000000000001,0.016,0.28051015359048526,0.0,0.03819090494232569,0,0,0
2023-10-28,1698537599000.0,997.8870768989029,0.07,0.08600000000000001,-0.016,0.15600000000000003,0.07,0.08600000000000001,0.016,0.276222048679331,0.0,0.00608542340008178,0,0,0
2023-10-29,1698623999000.0,997.5961213334215,0.07,0.08600000000000001,-0.016,0.15600000000000003,0.07,0.08600000000000001,0.016,0.2896315703853958,0.0,-0.029157163392234953,0,0,0
2023-10-30,1698710399000.0,997.3775266700782,0.07,0.08600000000000001,-0.016,0.15600000000000003,0.07,0.08600000000000001,0.016,0.3181409273629754,0.0,-0.02191214046132206,0,0,0
2023-10-31,1698796799000.0,997.2914348908815,0.07,0.08600000000000001,-0.016,0.15600000000000003,0.07,0.08600000000000001,0.016,0.3038481784885305,0.0,-0.008631814623305534,0,0,0
2023-11-01,1698883199000.0,996.7823118789624,0.07,0.08600000000000001,-0.016,0.15600000000000003,0.07,0.08600000000000001,0.016,0.36518571079701134,0.0,-0.051050574998146026,0,0,0
2023-11-02,1698969599000.0,997.5572474166215,0.07,0.08600000000000001,-0.016,0.15600000000000003,0.07,0.08600000000000001,0.016,0.38734601898136045,0.0,0.07774370877411396,0,0,0
2023-11-03,1699055999000.0,997.0553971925654,0.07,0.08600000000000001,-0.016,0.15600000000000003,0.07,0.08600000000000001,0.016,0.32137921074100184,0.0,-0.05030791218807451,0,0,0
2023-11-04,1699142399000.0,997.0641936481647,0.07,0.08600000000000001,-0.016,0.15600000000000003,0.07,0.08600000000000001,0.016,0.3752369438258185,0.0,0.0008822434163890946,0,0,0
2023-11-05,1699228799000.0,996.2023569395059,0.069,0.08600000000000001,-0.017,0.15500000000000003,0.07,0.08600000000000001,0.08600000000000001,0.4360103754595168,2.0,-0.08643743443493834,0,0,0
2023-11-06,1699315199000.0,996.0506185337368,0.069,0.08600000000000001,-0.017,0.15500000000000003,0.069,0.08600000000000001,0.017,0.4397368429227222,0.0,-0.015231685080052682,0,0,0
2023-11-07,1699401599000.0,996.3308762580093,0.069,0.08600000000000001,-0.017,0.15500000000000003,0.069,0.08600000000000001,0.017,0.4285441571086457,0.0,0.028136895761887715,0,0,0
2023-11-08,1699487999000.0,996.3023929540575,0.069,0.08600000000000001,-0.017,0.15500000000000003,0.069,0.08600000000000001,0.017,0.4217523621324437,0.0,-0.0028588197586332242,0,0,0
2023-11-09,1699574399000.0,990.8814703999968,0.062,0.08600000000000001,-0.024000000000000007,0.14800000000000002,0.069,0.08600000000000001,0.08600000000000001,0.960459928129942,10.0,-0.544104138703061,0,0,0
2023-11-10,1699660799000.0,991.986969617688,0.062,0.08600000000000001,-0.024000000000000007,0.14800000000000002,0.062,0.08600000000000001,0.024000000000000007,0.9705769847810908,0.0,0.11156725105021525,0,0,0
2023-11-11,1699747199000.0,992.5912034237898,0.062,0.08600000000000001,-0.024000000000000007,0.14800000000000002,0.062,0.08600000000000001,0.024000000000000007,0.8532395119482894,0.0,0.06091146603817155,0,0,0
2023-11-12,1699833599000.0,992.8137038547766,0.062,0.08600000000000001,-0.024000000000000007,0.14800000000000002,0.062,0.08600000000000001,0.024000000000000007,0.7964292575142862,0.0,0.022416119568591242,0,0,0
2023-11-13,1699919999000.0,992.6593850469176,0.062,0.08600000000000001,-0.024000000000000007,0.14800000000000002,0.062,0.08600000000000001,0.024000000000000007,0.9091518360534678,0.0,-0.015543581566190845,0,0,0
2023-11-14,1700006399000.0,994.4568628212519,0.062,0.08600000000000001,-0.024000000000000007,0.14800000000000002,0.062,0.08600000000000001,0.024000000000000007,0.7845377131596165,0.0,0.18107699392266863,0,0,0
2023-11-15,1700092799000.0,992.5827826704849,0.062,0.08600000000000001,-0.024000000000000007,0.14800000000000002,0.062,0.08600000000000001,0.024000000000000007,0.77678349131165,0.0,-0.18845263387797795,0,0,0
2023-11-16,1700179199000.0,994.9240302903281,0.062,0.08600000000000001,-0.024000000000000007,0.14800000000000002,0.062,0.08600000000000001,0.024000000000000007,0.8356400350437942,0.0,0.23587429287703632,0,0,0
2023-11-17,1700265599000.0,994.9537656291689,0.062,0.08600000000000001,-0.024000000000000007,0.14800000000000002,0.062,0.08600000000000001,0.024000000000000007,0.6002879981398923,0.0,0.0029887044573628785,0,0,0
2023-11-18,1700351999000.0,994.9738455516277,0.062,0.08600000000000001,-0.024000000000000007,0.14800000000000002,0.062,0.08600000000000001,0.024000000000000007,0.5504133518936083,0.0,0.0020181764371907107,0,0,0
2023-11-19,1700438399000.0,993.7515264150403,0.062,0.08600000000000001,-0.024000000000000007,0.14800000000000002,0.062,0.08600000000000001,0.024000000000000007,0.6574046398849731,0.0,-0.12284937358426617,0,0,0
2023-11-20,1700524799000.0,993.5275470904393,0.062,0.08600000000000001,-0.024000000000000007,0.14800000000000002,0.062,0.08600000000000001,0.024000000000000007,0.7789287694201952,0.0,-0.02253876533996335,0,0,0
2023-11-21,1700611199000.0,995.6732585787641,0.062,0.08600000000000001,-0.024000000000000007,0.14800000000000002,0.062,0.08600000000000001,0.024000000000000007,0.7028744220687,0.0,0.21596899800198077,0,0,0
2023-11-22,1700697599000.0,992.5603357962192,0.062,0.08600000000000001,-0.024000000000000007,0.14800000000000002,0.062,0.08600000000000001,0.024000000000000007,0.8288982854135818,0.0,-0.31264501237969755,0,0,0
2023-11-23,1700783999000.0,992.6066649245056,0.062,0.08600000000000001,-0.024000000000000007,0.14800000000000002,0.062,0.08600000000000001,0.024000000000000007,0.8264195733209578,0.0,0.004667638491651083,0,0,0
2023-11-24,1700870399000.0,992.1785680958718,0.062,0.08600000000000001,-0.024000000000000007,0.14800000000000002,0.062,0.08600000000000001,0.024000000000000007,0.9276551648728537,0.0,-0.043128546660153866,0,0,0
2023-11-25,1700956799000.0,992.1524948060746,0.062,0.08600000000000001,-0.024000000000000007,0.14800000000000002,0.062,0.08600000000000001,0.024000000000000007,0.8272770881197045,0.0,-0.0026278827859771425,0,0,0
2023-11-26,1701043199000.0,992.6641537634765,0.062,0.08600000000000001,-0.024000000000000007,0.14800000000000002,0.062,0.08600000000000001,0.024000000000000007,0.835510939722206,0.0,0.05157059626221816,0,0,0
2023-11-27,1701129599000.0,993.5030409499722,0.062,0.08600000000000001,-0.024000000000000007,0.14800000000000002,0.062,0.08600000000000001,0.024000000000000007,0.7765710875001886,0.0,0.08450866119373845,0,0,0
2023-11-28,1701215999000.0,993.0264147418227,0.062,0.08600000000000001,-0.024000000000000007,0.14800000000000002,0.062,0.08600000000000001,0.024000000000000007,0.7844750788013943,0.0,-0.047974307929010696,0,0,0
2023-11-29,1701302399000.0,993.5163429077472,0.062,0.08600000000000001,-0.024000000000000007,0.14800000000000002,0.062,0.08600000000000001,0.024000000000000007,0.7763424901153337,0.0,0.0493368714720388,0,0,0
2023-11-30,1701388799000.0,992.9686487050421,0.062,0.08600000000000001,-0.024000000000000007,0.14800000000000002,0.062,0.08600000000000001,0.024000000000000007,0.7329532666420779,0.0,-0.055126843822428384,0,0,0
2023-12-01,1701475199000.0,992.1363868188528,0.062,0.08600000000000001,-0.024000000000000007,0.14800000000000002,0.062,0.08600000000000001,0.024000000000000007,0.8629680835570808,0.0,-0.0838155250193151,0,0,0
2023-12-02,1701561599000.0,990.5934716452981,0.06,0.08600000000000001,-0.02600000000000001,0.14600000000000002,0.062,0.08600000000000001,0.08600000000000001,1.0474383996339043,4.0,-0.1555144226190297,0,0,0
2023-12-03,1701647999000.0,989.883906755671,0.06,0.08600000000000001,-0.02600000000000001,0.14600000000000002,0.06,0.08600000000000001,0.02600000000000001,1.0832833704199185,0.0,-0.0716302812342029,0,0,0
2023-12-04,1701734399000.0,988.4027135537611,0.058,0.08600000000000001,-0.028000000000000004,0.14400000000000002,0.06,0.08600000000000001,0.028000000000000004,1.2662925234170563,4.0,-0.14963302179186178,0,0,0
2023-12-05,1701820799000.0,987.5482728684528,0.057,0.08600000000000001,-0.029000000000000005,0.14300000000000002,0.058,0.08600000000000001,0.08600000000000001,1.3529189075207393,2.0,-0.0864466146836218,0,0,0
2023-12-06,1701907199000.0,989.3507805697207,0.057,0.08600000000000001,-0.029000000000000005,0.14300000000000002,0.057,0.08600000000000001,0.029000000000000005,1.3207121803445188,0.0,0.1825235029810024,0,0,0
2023-12-07,1701993599000.0,985.8647432031887,0.056,0.08600000000000001,-0.030000000000000006,0.14200000000000002,0.057,0.08600000000000001,0.08600000000000001,1.516458300981527,2.0,-0.352356053585412,0,0,0
2023-12-08,1702079999000.0,985.9283358113835,0.055,0.08600000000000001,-0.031000000000000007,0.14100000000000001,0.056,0.08600000000000001,0.08600000000000001,1.5177660751545918,2.0,0.006450439437366562,0,0,0
2023-12-09,1702166399000.0,986.5744848520894,0.055,0.08600000000000001,-0.031000000000000007,0.14100000000000001,0.055,0.08600000000000001,0.031000000000000007,1.5641272730405165,0.0,0.0655371204210553,0,0,0
2023-12-10,1702252799000.0,986.2438784423122,0.055,0.08600000000000001,-0.031000000000000007,0.14100000000000001,0.055,0.08600000000000001,0.031000000000000007,1.4777236532238613,0.0,-0.03351053720255237,0,0,0
2023-12-11,1702339199000.0,990.2554261396918,0.055,0.08600000000000001,-0.031000000000000007,0.14100000000000001,0.055,0.08600000000000001,0.031000000000000007,1.4060624988260328,0.0,0.40675007318835554,0,0,0
2023-12-12,1702425599000.0,990.9224227086514,0.055,0.08600000000000001,-0.031000000000000007,0.14100000000000001,0.055,0.08600000000000001,0.031000000000000007,1.0567341991859713,0.0,0.06735601253504697,0,0,0
2023-12-13,1702511999000.0,989.1901360782236,0.055,0.08600000000000001,-0.031000000000000007,0.14100000000000001,0.055,0.08600000000000001,0.031000000000000007,1.173431743200526,0.0,-0.17481556484438832,0,0,0
2023-12-14,1702598399000.0,987.502336850777,0.055,0.08600000000000001,-0.031000000000000007,0.14100000000000001,0.055,0.08600000000000001,0.031000000000000007,1.320653169144792,0.0,-0.17062434873623689,0,0,0
2023-12-15,1702684799000.0,990.4585393254499,0.055,0.08600000000000001,-0.031000000000000007,0.14100000000000001,0.055,0.08600000000000001,0.031000000000000007,1.2784644650966515,0.0,0.2993615674977024,0,0,0
2023-12-16,1702771199000.0,990.2486329227241,0.055,0.08600000000000001,-0.031000000000000007,0.14100000000000001,0.055,0.08600000000000001,0.031000000000000007,1.109031616168954,0.0,-0.021192851027240778,0,0,0
2023-12-17,1702857599000.0,991.2505893873386,0.055,0.08600000000000001,-0.031000000000000007,0.14100000000000001,0.055,0.08600000000000001,0.031000000000000007,1.05839198034271,0.0,0.1011823123306943,0,0,0
2023-12-18,1702943999000.0,990.5749059566201,0.055,0.08600000000000001,-0.031000000000000007,0.14100000000000001,0.055,0.08600000000000001,0.031000000000000007,0.9781733657403313,0.0,-0.0681647444099931,0,0,0
2023-12-19,1703030399000.0,991.8677920036216,0.055,0.08600000000000001,-0.031000000000000007,0.14100000000000001,0.055,0.08600000000000001,0.031000000000000007,1.0722812991340036,0.0,0.1305187562522514,0,0,0
2023-12-20,1703116799000.0,991.1301206388324,0.055,0.08600000000000001,-0.031000000000000007,0.14100000000000001,0.055,0.08600000000000001,0.031000000000000007,1.1040411923351812,0.0,-0.07437194460151453,0,0,0
2023-12-21,1703203199000.0,991.1974873850406,0.055,0.08600000000000001,-0.031000000000000007,0.14100000000000001,0.055,0.08600000000000001,0.031000000000000007,1.1471251223006185,0.0,0.0067969628614328315,0,0,0
2023-12-22,1703289599000.0,987.4997839059097,0.055,0.08600000000000001,-0.031000000000000007,0.14100000000000001,0.055,0.08600000000000001,0.031000000000000007,1.3300844599780315,0.0,-0.3730541618790939,1,0,1
2023-12-23,1703375999000.0,988.0565011635134,0.055,0.08600000000000001,-0.031000000000000007,0.14100000000000001,0.055,0.08600000000000001,0.031000000000000007,1.2917216090780892,0.0,0.056376443486572114,0,0,0
2023-12-24,1703462399000.0,989.468758384034,0.055,0.08600000000000001,-0.031000000000000007,0.14100000000000001,0.055,0.08600000000000001,0.031000000000000007,1.2735355141516913,0.0,0.14293284026343223,0,0,0
2023-12-25,1703548799000.0,989.2817036529465,0.055,0.08600000000000001,-0.031000000000000007,0.14100000000000001,0.055,0.08600000000000001,0.031000000000000007,1.2000859246912632,0.0,-0.01890456161476317,0,0,0
2023-12-26,1703635199000.0,990.6230044632491,0.055,0.08600000000000001,-0.031000000000000007,0.14100000000000001,0.055,0.08600000000000001,0.031000000000000007,1.104421716566717,0.0,0.1355833030520781,0,0,0
2023-12-27,1703721599000.0,986.1342307958458,0.055,0.08600000000000001,-0.031000000000000007,0.14100000000000001,0.055,0.08600000000000001,0.031000000000000007,1.4439426582104398,0.0,-0.45312633031729943,0,0,0
2023-12-28,1703807999000.0,987.6495494135062,0.054,0.08600000000000001,-0.03200000000000001,0.14,0.055,0.08600000000000001,0.03200000000000001,1.5953797507903267,2.0,0.1536625106743683,0,0,0
2023-12-29,1703894399000.0,989.2065750145929,0.054,0.08600000000000001,-0.03200000000000001,0.14,0.054,0.08600000000000001,0.03200000000000001,1.3861663690820203,0.0,0.15764960374975434,0,0,0
2023-12-30,1703980799000.0,989.5150027122893,0.054,0.08600000000000001,-0.03200000000000001,0.14,0.054,0.08600000000000001,0.03200000000000001,1.174618193865129,0.0,0.031179301218431377,0,0,0
2023-12-31,1704067199000.0,989.8671855537849,0.054,0.08600000000000001,-0.03200000000000001,0.14,0.054,0.08600000000000001,0.03200000000000001,1.162826003081896,0.0,0.0355914605165486,0,0,0
2024-01-01,1704153599000.0,987.6715304354699,0.054,0.08600000000000001,-0.03200000000000001,0.14,0.054,0.08600000000000001,0.03200000000000001,1.2566915322686056,0.0,-0.2218131028443593,0,0,0
2024-01-02,1704239999000.0,987.7284722395633,0.054,0.08600000000000001,-0.03200000000000001,0.14,0.054,0.08600000000000001,0.03200000000000001,1.5057109614587283,0.0,0.00576525720734633,0,0,0
2024-01-03,1704326399000.0,992.4689712481303,0.054,0.08600000000000001,-0.03200000000000001,0.14,0.054,0.08600000000000001,0.03200000000000001,1.3407191267886698,0.0,0.47993949165183736,0,0,0
2024-01-04,1704412799000.0,990.6482481668348,0.054,0.08600000000000001,-0.03200000000000001,0.14,0.054,0.08600000000000001,0.03200000000000001,1.037682568662035,0.0,-0.18345390476094403,0,0,0
2024-01-05,1704499199000.0,990.6354840030561,0.054,0.08600000000000001,-0.03200000000000001,0.14,0.054,0.08600000000000001,0.03200000000000001,0.9854406199737875,0.0,-0.0012884657901834906,0,0,0
2024-01-06,1704585599000.0,991.5622799303651,0.054,0.08600000000000001,-0.03200000000000001,0.14,0.054,0.08600000000000001,0.03200000000000001,0.9617638177208176,0.0,0.09355569654783125,0,0,0
2024-01-07,1704671999000.0,992.2162868108175,0.054,0.08600000000000001,-0.03200000000000001,0.14,0.054,0.08600000000000001,0.03200000000000001,0.9182746199567271,0.0,0.0659572165752742,1,0,1
2024-01-08,1704758399000.0,988.7105907800074,0.054,0.08600000000000001,-0.03200000000000001,0.14,0.054,0.08600000000000001,0.03200000000000001,1.234631649329898,0.0,-0.35331974262164945,0,0,0
2024-01-09,1704844799000.0,988.305913566281,0.054,0.08600000000000001,-0.03200000000000001,0.14,0.054,0.08600000000000001,0.03200000000000001,1.2722672062356222,0.0,-0.04092979457286372,0,0,0
2024-01-10,1704931199000.0,980.1543545159291,0.05,0.08600000000000001,-0.036000000000000004,0.136,0.054,0.08600000000000001,0.08600000000000001,2.164556384332672,8.0,-0.8248012015770745,1,0,1
2024-01-11,1705017599000.0,978.7655770121946,0.049,0.08600000000000001,-0.037000000000000005,0.135,0.05,0.08600000000000001,0.037000000000000005,2.411798612116245,2.0,-0.14168967340050242,0,0,0
2024-01-12,1705103999000.0,982.3205136092671,0.049,0.08600000000000001,-0.037000000000000005,0.135,0.049,0.08600000000000001,0.037000000000000005,2.498268536530701,0.0,0.3632061323534108,0,0,0
2024-01-13,1705190399000.0,980.3157265235151,0.049,0.08600000000000001,-0.037000000000000005,0.135,0.049,0.08600000000000001,0.037000000000000005,2.035646559967963,0.0,-0.20408685942900906,0,0,0
2024-01-14,1705276799000.0,984.1881216415691,0.049,0.08600000000000001,-0.037000000000000005,0.135,0.049,0.08600000000000001,0.037000000000000005,1.9929755678870897,0.0,0.3950150970021271,0,0,0
2024-01-15,1705363199000.0,982.8166861859712,0.049,0.08600000000000001,-0.037000000000000005,0.135,0.049,0.08600000000000001,0.037000000000000005,1.896568642896812,0.0,-0.1393468814996912,0,0,0
2024-01-16,1705449599000.0,980.0583333252209,0.049,0.08600000000000001,-0.037000000000000005,0.135,0.049,0.08600000000000001,0.037000000000000005,2.115010419856711,0.0,-0.28065791917459837,1,0,1
2024-01-17,1705535999000.0,982.1817429677205,0.049,0.08600000000000001,-0.037000000000000005,0.135,0.049,0.08600000000000001,0.037000000000000005,2.0365864554575563,0.0,0.21666155679684884,0,0,0
2024-01-18,1705622399000.0,984.4246571853403,0.049,0.08600000000000001,-0.037000000000000005,0.135,0.049,0.08600000000000001,0.037000000000000005,1.8729019043397632,0.0,0.2283604061751987,0,0,0
2024-01-19,1705708799000.0,983.6546400738794,0.049,0.08600000000000001,-0.037000000000000005,0.135,0.049,0.08600000000000001,0.037000000000000005,1.704382370487456,0.0,-0.07822001468985595,0,0,0
2024-01-20,1705795199000.0,984.4292841795481,0.049,0.08600000000000001,-0.037000000000000005,0.135,0.049,0.08600000000000001,0.037000000000000005,1.658564935401019,0.0,0.07875163437551791,0,0,0
2024-01-21,1705881599000.0,985.03445914296,0.049,0.08600000000000001,-0.037000000000000005,0.135,0.049,0.08600000000000001,0.037000000000000005,1.6124288658853292,0.0,0.061474701447594704,0,0,0
2024-01-22,1705967999000.0,990.3391799071816,0.049,0.08600000000000001,-0.037000000000000005,0.135,0.049,0.08600000000000001,0.037000000000000005,1.552005170410442,0.0,0.5385314914604145,0,0,0
2024-01-23,1706054399000.0,993.0181829890302,0.049,0.08600000000000001,-0.037000000000000005,0.135,0.049,0.08600000000000001,0.037000000000000005,1.1239295377739489,0.0,0.2705136922988016,1,0,1
2024-01-24,1706140799000.0,993.31459237774,0.049,0.08600000000000001,-0.037000000000000005,0.135,0.049,0.08600000000000001,0.037000000000000005,0.7944776791681374,0.0,0.029849341511312133,0,0,0
2024-01-25,1706227199000.0,993.9670790136219,0.049,0.08600000000000001,-0.037000000000000005,0.135,0.049,0.08600000000000001,0.037000000000000005,0.7130249800572197,0.0,0.06568781339655327,0,0,0
2024-01-26,1706313599000.0,992.1887923126261,0.049,0.08600000000000001,-0.037000000000000005,0.135,0.049,0.08600000000000001,0.037000000000000005,0.8548307213634643,0.0,-0.1789080079755201,0,0,0
2024-01-27,1706399999000.0,992.1981446479411,0.049,0.08600000000000001,-0.037000000000000005,0.135,0.049,0.08600000000000001,0.037000000000000005,0.8596130680598502,0.0,0.0009425963473308485,0,0,0
2024-01-28,1706486399000.0,992.2193109906478,0.049,0.08600000000000001,-0.037000000000000005,0.135,0.049,0.08600000000000001,0.037000000000000005,0.9510629010072047,0.0,0.0021332777954574667,0,0,0
2024-01-29,1706572799000.0,990.4084903777027,0.049,0.08600000000000001,-0.037000000000000005,0.135,0.049,0.08600000000000001,0.037000000000000005,0.9927903084623768,0.0,-0.1825020530125676,0,0,0
2024-01-30,1706659199000.0,989.4878873309116,0.049,0.08600000000000001,-0.037000000000000005,0.135,0.049,0.08600000000000001,0.037000000000000005,1.2474980601352104,0.0,-0.09295185327420352,0,0,0
2024-01-31,1706745599000.0,989.5110960354839,0.049,0.08600000000000001,-0.037000000000000005,0.135,0.049,0.08600000000000001,0.037000000000000005,1.1041596583236335,0.0,0.0023455269002825574,0,0,0
2024-02-01,1706831999000.0,990.9662616912233,0.049,0.08600000000000001,-0.037000000000000005,0.135,0.049,0.08600000000000001,0.037000000000000005,0.9547453445565957,0.0,0.1470590538670713,0,0,0
2024-02-02,1706918399000.0,990.8155502449247,0.049,0.08600000000000001,-0.037000000000000005,0.135,0.049,0.08600000000000001,0.037000000000000005,1.003961159520439,0.0,-0.015208534551058861,0,0,0
2024-02-03,1707004799000.0,991.299604202394,0.049,0.08600000000000001,-0.037000000000000005,0.135,0.049,0.08600000000000001,0.037000000000000005,1.0160988878066157,0.0,0.0488540937159998,1,0,1
2024-02-04,1707091199000.0,991.3207483129391,0.049,0.08600000000000001,-0.037000000000000005,0.135,0.049,0.08600000000000001,0.037000000000000005,0.9448683936682745,0.0,0.0021329687266646857,0,0,0
2024-02-05,1707177599000.0,991.1412757555336,0.049,0.08600000000000001,-0.037000000000000005,0.135,0.049,0.08600000000000001,0.037000000000000005,1.042707463990944,0.0,-0.018104388283102235,1,0,1
2024-02-06,1707263999000.0,988.5428116702635,0.049,0.08600000000000001,-0.037000000000000005,0.135,0.049,0.08600000000000001,0.037000000000000005,1.2358357905215112,0.0,-0.26216889043282343,0,0,0
2024-02-07,1707350399000.0,986.6110899606425,0.049,0.08600000000000001,-0.037000000000000005,0.135,0.049,0.08600000000000001,0.037000000000000005,1.4318131179078541,0.0,-0.19541103195693799,0,0,0
2024-02-08,1707436799000.0,986.8423355204446,0.049,0.08600000000000001,-0.037000000000000005,0.135,0.049,0.08600000000000001,0.037000000000000005,1.4937534019416,0.0,0.02343837021043793,0,0,0
2024-02-09,1707523199000.0,984.3964292626343,0.049,0.08600000000000001,-0.037000000000000005,0.135,0.049,0.08600000000000001,0.037000000000000005,1.7170748914193124,0.0,-0.24785177629417232,0,0,0
2024-02-10,1707609599000.0,983.9026834801414,0.049,0.08600000000000001,-0.037000000000000005,0.135,0.049,0.08600000000000001,0.037000000000000005,1.6910220963122113,0.0,-0.05015720982072258,0,0,0
2024-02-11,1707695999000.0,983.6843293087055,0.049,0.08600000000000001,-0.037000000000000005,0.135,0.049,0.08600000000000001,0.037000000000000005,1.769689605385727,0.0,-0.022192659406472526,0,0,0
2024-02-12,1707782399000.0,977.9627139837594,0.049,0.08600000000000001,-0.037000000000000005,0.135,0.049,0.08600000000000001,0.037000000000000005,2.238873192560753,0.0,-0.581651567934105,0,0,0
2024-02-13,1707868799000.0,978.7517325810602,0.049,0.08600000000000001,-0.037000000000000005,0.135,0.049,0.08600000000000001,0.037000000000000005,2.322289015312884,0.0,0.08067982408928032,0,0,0
2024-02-14,1707955199000.0,973.8200936074011,0.047,0.08600000000000001,-0.03900000000000001,0.133,0.049,0.08600000000000001,0.03900000000000001,2.6885633600751135,4.0,-0.5038702675553841,0,0,0
2024-02-15,1708041599000.0,971.5425361072554,0.046,0.08600000000000001,-0.04000000000000001,0.132,0.047,0.08600000000000001,0.08600000000000001,3.041723080141412,4.0,-0.23387867174816668,2,1,2
2024-02-16,1708127999000.0,972.397342563742,0.046,0.08600000000000001,-0.04000000000000001,0.132,0.046,0.08600000000000001,0.04000000000000001,3.002812746287098,0.0,0.08798446024933515,0,0,0
2024-02-17,1708214399000.0,973.0935692479586,0.046,0.08600000000000001,-0.04000000000000001,0.132,0.046,0.08600000000000001,0.04000000000000001,2.788819489631178,0.0,0.0715989908385728,0,0,0
2024-02-18,1708300799000.0,969.290391516511,0.046,0.08600000000000001,-0.04000000000000001,0.132,0.046,0.08600000000000001,0.04000000000000001,3.146004338280317,0.0,-0.3908337133896378,0,0,0
2024-02-19,1708387199000.0,966.5591394887838,0.044,0.08600000000000001,-0.04200000000000001,0.13,0.046,0.08600000000000001,0.04200000000000001,3.5319659229821165,4.0,-0.28177851050953384,0,0,0
2024-02-20,1708473599000.0,964.0898461202615,0.044,0.08600000000000001,-0.04200000000000001,0.13,0.044,0.08600000000000001,0.08600000000000001,3.6884472185634842,2.0,-0.2554725590643403,0,0,0
2024-02-21,1708559999000.0,966.1298506560472,0.044,0.08600000000000001,-0.04200000000000001,0.13,0.044,0.08600000000000001,0.04200000000000001,3.6232306773228085,0.0,0.21159900646139373,0,0,0
2024-02-22,1708646399000.0,966.0350690216649,0.044,0.08600000000000001,-0.04200000000000001,0.13,0.044,0.08600000000000001,0.04200000000000001,3.685144933340556,0.0,-0.00981044466413783,0,0,0
2024-02-23,1708732799000.0,968.149306110071,0.044,0.08600000000000001,-0.04200000000000001,0.13,0.044,0.08600000000000001,0.04200000000000001,3.5098982795351175,0.0,0.21885717777796465,0,0,0
2024-02-24,1708819199000.0,965.1926191361277,0.044,0.08600000000000001,-0.04200000000000001,0.13,0.044,0.08600000000000001,0.04200000000000001,3.5531456869616673,0.0,-0.30539576440156146,1,0,1
2024-02-25,1708905599000.0,960.3587448148498,0.043000000000000003,0.08600000000000001,-0.043000000000000003,0.129,0.044,0.08600000000000001,0.08600000000000001,4.0260533254104836,2.0,-0.5008196525170594,0,0,0
2024-02-26,1708991999000.0,957.4088979743801,0.041,0.08600000000000001,-0.045000000000000005,0.127,0.043000000000000003,0.08600000000000001,0.08600000000000001,4.375985011162308,4.0,-0.30716092880879176,0,0,0
2024-02-27,1709078399000.0,953.4354112668296,0.04,0.08600000000000001,-0.046000000000000006,0.126,0.041,0.08600000000000001,0.08600000000000001,4.898318715739891,6.0,-0.4150250447804815,2,2,2
2024-02-28,1709164799000.0,946.0216838232633,0.038,0.08600000000000001,-0.04800000000000001,0.124,0.04,0.08600000000000001,0.08600000000000001,5.945862094826815,6.0,-0.777580458619187,0,0,0
2024-02-29,1709251199000.0,948.5130744581617,0.038,0.08600000000000001,-0.04800000000000001,0.124,0.038,0.08600000000000001,0.04800000000000001,6.076307980231221,0.0,0.26335449572674197,0,0,0
2024-03-01,1709337599000.0,944.2819483379519,0.038,0.08600000000000001,-0.04800000000000001,0.124,0.038,0.08600000000000001,0.04800000000000001,5.685114196661578,0.0,-0.44607989432584594,0,0,0
2024-03-02,1709423999000.0,945.1052253248889,0.038,0.08600000000000001,-0.04800000000000001,0.124,0.038,0.08600000000000001,0.04800000000000001,5.720330048816313,0.0,0.08718550517523571,0,0,0
2024-03-03,1709510399000.0,942.0366813834335,0.038,0.08600000000000001,-0.04800000000000001,0.124,0.038,0.08600000000000001,0.04800000000000001,5.831762499259985,0.0,-0.3246774919057893,0,0,0
2024-03-04,1709596799000.0,935.7043543615935,0.037,0.08600000000000001,-0.04900000000000001,0.123,0.038,0.08600000000000001,0.04900000000000001,6.511282609237313,4.0,-0.6721953769932454,0,0,0
2024-03-05,1709683199000.0,937.9489137062742,0.035,0.08600000000000001,-0.051000000000000004,0.12100000000000001,0.037,0.08600000000000001,0.08600000000000001,7.604728177475528,6.0,0.23987911718248434,2,1,2
2024-03-06,1709769599000.0,924.510308814677,0.034,0.08600000000000001,-0.052000000000000005,0.12000000000000001,0.035,0.08600000000000001,0.052000000000000005,8.007458683634017,2.0,-1.4327651213427939,0,0,0
2024-03-07,1709855999000.0,922.2155598313735,0.034,0.08600000000000001,-0.052000000000000005,0.12000000000000001,0.034,0.08600000000000001,0.052000000000000005,8.132435526281778,0.0,-0.24821237377500305,0,0,0
2024-03-08,1709942399000.0,921.7652284532315,0.033,0.08600000000000001,-0.053000000000000005,0.11900000000000001,0.034,0.08600000000000001,0.08600000000000001,8.441696252619678,2.0,-0.04883146606464717,0,0,0
2024-03-09,1710028799000.0,920.8113439364688,0.033,0.08600000000000001,-0.053000000000000005,0.11900000000000001,0.033,0.08600000000000001,0.053000000000000005,8.158755794667682,0.0,-0.10348454110852279,0,0,0
2024-03-10,1710115199000.0,922.4836053785498,0.033,0.08600000000000001,-0.053000000000000005,0.11900000000000001,0.033,0.08600000000000001,0.053000000000000005,8.222563238047275,0.0,0.18160738929779985,0,0,0
2024-03-11,1710201599000.0,912.8457343072,0.033,0.08600000000000001,-0.053000000000000005,0.11900000000000001,0.033,0.08600000000000001,0.053000000000000005,8.852130919021285,2.0,-1.0447742393638326,0,0,0
2024-03-12,1710287999000.0,917.7516011382073,0.033,0.08600000000000001,-0.053000000000000005,0.11900000000000001,0.033,0.08600000000000001,0.053000000000000005,8.868170449673618,0.0,0.5374256182212989,0,0,0
2024-03-13,1710374399000.0,916.7704182702636,0.033,0.08600000000000001,-0.053000000000000005,0.11900000000000001,0.033,0.08600000000000001,0.053000000000000005,8.758190782238696,0.0,-0.10691159424041086,0,0,0
2024-03-14,1710460799000.0,923.5950402523079,0.033,0.08600000000000001,-0.053000000000000005,0.11900000000000001,0.033,0.08600000000000001,0.053000000000000005,8.359671019293202,0.0,0.7444199601161605,0,0,0
2024-03-15,1710547199000.0,931.2663440558367,0.033,0.08600000000000001,-0.053000000000000005,0.11900000000000001,0.033,0.08600000000000001,0.053000000000000005,7.922780292661235,0.0,0.8305917062344959,0,0,0
2024-03-16,1710633599000.0,942.9968627497562,0.033,0.08600000000000001,-0.053000000000000005,0.11900000000000001,0.033,0.08600000000000001,0.053000000000000005,7.086295200571991,0.0,1.2596309067533618,0,0,0
2024-03-17,1710719999000.0,936.6478148155959,0.033,0.08600000000000001,-0.053000000000000005,0.11900000000000001,0.033,0.08600000000000001,0.053000000000000005,6.538677287704198,0.0,-0.6732840993390665,0,0,0
2024-03-18,1710806399000.0,943.3752598605189,0.033,0.08600000000000001,-0.053000000000000005,0.11900000000000001,0.033,0.08600000000000001,0.053000000000000005,6.356104635522353,0.0,0.7182470228948912,0,0,0
2024-03-19,1710892799000.0,962.783483730642,0.033,0.08600000000000001,-0.053000000000000005,0.11900000000000001,0.033,0.08600000000000001,0.053000000000000005,5.821997898509768,0.0,2.0573174531832272,0,0,0
2024-03-20,1710979199000.0,943.868708375678,0.033,0.08600000000000001,-0.053000000000000005,0.11900000000000001,0.033,0.08600000000000001,0.053000000000000005,5.727098262795094,0.0,-1.9645928367686638,0,0,0
2024-03-21,1711065599000.0,945.1247906281362,0.033,0.08600000000000001,-0.053000000000000005,0.11900000000000001,0.033,0.08600000000000001,0.053000000000000005,5.997598306621499,0.0,0.1330780691543243,0,0,0
2024-03-22,1711151999000.0,953.5061075728635,0.033,0.08600000000000001,-0.053000000000000005,0.11900000000000001,0.033,0.08600000000000001,0.053000000000000005,5.77045914653781,0.0,0.8867947415871935,0,0,0
2024-03-23,1711238399000.0,954.0632471506948,0.033,0.08600000000000001,-0.053000000000000005,0.11900000000000001,0.033,0.08600000000000001,0.053000000000000005,5.16701691829089,0.0,0.05843062497516982,0,0,0
2024-03-24,1711324799000.0,947.3996828354843,0.033,0.08600000000000001,-0.053000000000000005,0.11900000000000001,0.033,0.08600000000000001,0.053000000000000005,5.351787867714764,0.0,-0.6984405211196587,0,0,0
2024-03-25,1711411199000.0,940.3166403439402,0.033,0.08600000000000001,-0.053000000000000005,0.11900000000000001,0.033,0.08600000000000001,0.053000000000000005,6.3141758838930695,0.0,-0.7476298145198013,1,0,1
2024-03-26,1711497599000.0,940.6310759501881,0.033,0.08600000000000001,-0.053000000000000005,0.11900000000000001,0.033,0.08600000000000001,0.053000000000000005,6.4290485584709955,0.0,0.03343933232244911,0,0,0
2024-03-27,1711583999000.0,945.3045473717494,0.033,0.08600000000000001,-0.053000000000000005,0.11900000000000001,0.033,0.08600000000000001,0.053000000000000005,6.3426607013641,0.0,0.49684425074307814,0,0,0
2024-03-28,1711670399000.0,942.3584479755389,0.033,0.08600000000000001,-0.053000000000000005,0.11900000000000001,0.033,0.08600000000000001,0.053000000000000005,6.050368226851576,0.0,-0.31165611171570795,0,0,0
2024-03-29,1711756799000.0,945.27962727021,0.033,0.08600000000000001,-0.053000000000000005,0.11900000000000001,0.033,0.08600000000000001,0.053000000000000005,5.89141920887738,0.0,0.3099860038339619,0,0,0
2024-03-30,1711843199000.0,945.6584138353904,0.033,0.08600000000000001,-0.053000000000000005,0.11900000000000001,0.033,0.08600000000000001,0.053000000000000005,5.775274138357522,0.0,0.04007137721504517,0,0,0
2024-03-31,1711929599000.0,938.516285566532,0.033,0.08600000000000001,-0.053000000000000005,0.11900000000000001,0.033,0.08600000000000001,0.053000000000000005,6.236862826898637,0.0,-0.7552545574983527,0,0,0
2024-04-01,1712015999000.0,946.277601746091,0.033,0.08600000000000001,-0.053000000000000005,0.11900000000000001,0.033,0.08600000000000001,0.053000000000000005,6.162955073864884,0.0,0.8269772511058759,0,0,0
2024-04-02,1712102399000.0,958.309845415741,0.033,0.08600000000000001,-0.053000000000000005,0.11900000000000001,0.033,0.08600000000000001,0.053000000000000005,5.401109284421535,0.0,1.2715342355613002,0,0,0
2024-04-03,1712188799000.0,956.6534319669474,0.033,0.08600000000000001,-0.053000000000000005,0.11900000000000001,0.033,0.08600000000000001,0.053000000000000005,4.650943784193173,0.0,-0.17284737882192758,0,0,0
2024-04-04,1712275199000.0,955.8427985096215,0.033,0.08600000000000001,-0.053000000000000005,0.11900000000000001,0.033,0.08600000000000001,0.053000000000000005,5.022642479040806,0.0,-0.08473637685689761,0,0,0
2024-04-05,1712361599000.0,956.4069777629833,0.033,0.08600000000000001,-0.053000000000000005,0.11900000000000001,0.033,0.08600000000000001,0.053000000000000005,4.525959297015902,0.0,0.05902427200805693,0,0,0
2024-04-06,1712447999000.0,954.7440673162462,0.033,0.08600000000000001,-0.053000000000000005,0.11900000000000001,0.033,0.08600000000000001,0.053000000000000005,4.79271668947251,0.0,-0.17387058913210796,0,0,0
2024-04-07,1712534399000.0,949.3123096594933,0.033,0.08600000000000001,-0.053000000000000005,0.11900000000000001,0.033,0.08600000000000001,0.053000000000000005,5.120051618092802,0.0,-0.5689229022413755,0,0,0
2024-04-08,1712620799000.0,937.3434350163373,0.036000000000000004,0.08600000000000001,-0.05,0.12200000000000001,0.038,0.08600000000000001,0.08600000000000001,6.460935560029735,10.0,-1.2607942108587178,1,1,1
2024-04-09,1712707199000.0,946.8917564582605,0.036000000000000004,0.08600000000000001,-0.05,0.12200000000000001,0.036000000000000004,0.08600000000000001,0.05,6.442205286534208,0.0,1.018657739012907,0,0,0
2024-04-10,1712793599000.0,946.9743751778472,0.036000000000000004,0.08600000000000001,-0.05,0.12200000000000001,0.036000000000000004,0.08600000000000001,0.05,5.586913955151063,0.0,0.008725254922037351,0,0,0
2024-04-11,1712879999000.0,947.2389086055686,0.036000000000000004,0.08600000000000001,-0.05,0.12200000000000001,0.036000000000000004,0.08600000000000001,0.05,5.877492276412122,0.0,0.02793459196523962,0,0,0
2024-04-12,1712966399000.0,960.6076629498617,0.036000000000000004,0.08600000000000001,-0.05,0.12200000000000001,0.036000000000000004,0.08600000000000001,0.05,5.547815622868068,0.0,1.4113392326729146,0,0,0
2024-04-13,1713052799000.0,972.3371495145838,0.036000000000000004,0.08600000000000001,-0.05,0.12200000000000001,0.036000000000000004,0.08600000000000001,0.05,4.257499016444244,0.0,1.221048615071707,0,0,0
2024-04-14,1713139199000.0,964.9450495157505,0.036000000000000004,0.08600000000000001,-0.05,0.12200000000000001,0.036000000000000004,0.08600000000000001,0.05,3.6268658282482047,0.0,-0.7602404168681187,0,0,0
2024-04-15,1713225599000.0,967.6089746473555,0.036000000000000004,0.08600000000000001,-0.05,0.12200000000000001,0.036000000000000004,0.08600000000000001,0.05,4.111541256913109,0.0,0.27607013818473636,0,0,0
2024-04-16,1713311999000.0,968.542177510432,0.036000000000000004,0.08600000000000001,-0.05,0.12200000000000001,0.036000000000000004,0.08600000000000001,0.05,3.375570902518299,0.0,0.09644421326462371,0,0,0
2024-04-17,1713398399000.0,973.5484555847493,0.036000000000000004,0.08600000000000001,-0.05,0.12200000000000001,0.036000000000000004,0.08600000000000001,0.05,3.3576183950812633,0.0,0.5168879776805912,0,0,0
2024-04-18,1713484799000.0,973.5522879186657,0.036000000000000004,0.08600000000000001,-0.05,0.12200000000000001,0.036000000000000004,0.08600000000000001,0.05,3.1851353631736967,0.0,0.00039364593455992747,0,0,0
2024-04-19,1713571199000.0,969.9801365533074,0.036000000000000004,0.08600000000000001,-0.05,0.12200000000000001,0.036000000000000004,0.08600000000000001,0.05,3.3463058645198718,0.0,-0.36691931287996526,0,0,0
2024-04-20,1713657599000.0,970.0227838152987,0.036000000000000004,0.08600000000000001,-0.05,0.12200000000000001,0.036000000000000004,0.08600000000000001,0.05,3.590970136693672,0.0,0.004396714982513039,0,0,0
2024-04-21,1713743999000.0,965.5064072618482,0.036000000000000004,0.08600000000000001,-0.05,0.12200000000000001,0.036000000000000004,0.08600000000000001,0.05,3.7202818737902654,0.0,-0.46559489414121913,0,0,0
2024-04-22,1713830399000.0,962.8604643799583,0.036000000000000004,0.08600000000000001,-0.05,0.12200000000000001,0.036000000000000004,0.08600000000000001,0.05,3.9025727883336803,0.0,-0.27404715929266743,0,0,0
2024-04-23,1713916799000.0,961.9041386036035,0.036000000000000004,0.08600000000000001,-0.05,0.12200000000000001,0.036000000000000004,0.08600000000000001,0.05,4.038530122234507,0.0,-0.09932132554332229,1,0,1
2024-04-24,1714003199000.0,964.0500762681403,0.041,0.08600000000000001,-0.045000000000000005,0.127,0.041,0.08600000000000001,0.08600000000000001,4.302654108216808,2.0,0.2230926740425465,1,1,1
2024-04-25,1714089599000.0,963.3451398886253,0.041,0.08600000000000001,-0.045000000000000005,0.127,0.041,0.08600000000000001,0.045000000000000005,3.839774650814076,0.0,-0.073122382007762,0,0,0
2024-04-26,1714175999000.0,963.3616691411179,0.041,0.08600000000000001,-0.045000000000000005,0.127,0.041,0.08600000000000001,0.045000000000000005,3.7309662519635745,0.0,0.001715818330128016,0,0,0
2024-04-27,1714262399000.0,958.9333566179619,0.041,0.08600000000000001,-0.045000000000000005,0.127,0.041,0.08600000000000001,0.045000000000000005,4.247102657662937,0.0,-0.4596729001169475,0,0,0
2024-04-28,1714348799000.0,958.4358115355486,0.04,0.08600000000000001,-0.046000000000000006,0.126,0.041,0.08600000000000001,0.046000000000000006,4.566400582066099,2.0,-0.0518852617837795,0,0,0
2024-04-29,1714435199000.0,960.6638329472605,0.04,0.08600000000000001,-0.046000000000000006,0.126,0.04,0.08600000000000001,0.046000000000000006,4.28101102381484,0.0,0.23246433249841658,2,0,2
2024-04-30,1714521599000.0,970.0076897440991,0.04,0.08600000000000001,-0.046000000000000006,0.126,0.04,0.08600000000000001,0.046000000000000006,4.115373500959462,0.0,0.9726458388854109,0,0,0
2024-05-01,1714607999000.0,971.9599911233865,0.04,0.08600000000000001,-0.046000000000000006,0.126,0.04,0.08600000000000001,0.046000000000000006,3.060227556677364,0.0,0.20126658787646967,1,0,1
2024-05-02,1714694399000.0,971.9753180318253,0.04,0.08600000000000001,-0.046000000000000006,0.126,0.04,0.08600000000000001,0.046000000000000006,3.0224340488606005,0.0,0.001576907339684297,0,0,0
2024-05-03,1714780799000.0,966.0070449199079,0.04,0.08600000000000001,-0.046000000000000006,0.126,0.04,0.08600000000000001,0.046000000000000006,3.5310909060566664,0.0,-0.6140354596660624,0,0,0
2024-05-04,1714867199000.0,965.3697904316805,0.04,0.08600000000000001,-0.046000000000000006,0.126,0.04,0.08600000000000001,0.046000000000000006,3.715620686477439,0.0,-0.06596789242673262,0,0,0
2024-05-05,1714953599000.0,964.4899703365098,0.04,0.08600000000000001,-0.046000000000000006,0.126,0.04,0.08600000000000001,0.046000000000000006,3.7349625161420597,0.0,-0.09113814249119834,0,0,0
2024-05-06,1715039999000.0,967.9097193493656,0.04,0.08600000000000001,-0.046000000000000006,0.126,0.04,0.08600000000000001,0.046000000000000006,3.9539318668488033,0.0,0.35456553391246537,1,0,1
2024-05-07,1715126399000.0,970.5531798713855,0.04,0.08600000000000001,-0.046000000000000006,0.126,0.04,0.08600000000000001,0.046000000000000006,3.530046611515125,0.0,0.27311023633453946,1,0,1
2024-05-08,1715212799000.0,972.052130661834,0.04,0.08600000000000001,-0.046000000000000006,0.126,0.04,0.08600000000000001,0.046000000000000006,3.106911504057619,0.0,0.15444293229218697,1,0,1
2024-05-09,1715299199000.0,969.249023703082,0.04,0.08600000000000001,-0.046000000000000006,0.126,0.04,0.08600000000000001,0.046000000000000006,3.1940163783033215,0.0,-0.28837002361626896,1,0,1
2024-05-10,1715385599000.0,1166.4574359320056,0.043000000000000003,0.08600000000000001,-0.043000000000000003,0.129,0.046,0.08600000000000001,0.08600000000000001,3.17797038712051,148.0,20.34651646854133,2,1,2
2024-05-11,1715471999000.0,1166.3737849272552,0.043000000000000003,0.08600000000000001,-0.043000000000000003,0.129,0.043000000000000003,0.08600000000000001,0.043000000000000003,0.4086321501949097,0.0,-0.007171372239878071,1,0,1
2024-05-12,1715558399000.0,1165.7012102240299,0.043000000000000003,0.08600000000000001,-0.043000000000000003,0.129,0.043000000000000003,0.08600000000000001,0.043000000000000003,0.4476733648093645,0.0,-0.057663736266777565,0,0,0
2024-05-13,1715644799000.0,1164.7857469541602,0.043000000000000003,0.08600000000000001,-0.043000000000000003,0.129,0.043000000000000003,0.08600000000000001,0.043000000000000003,0.5932282373221964,0.0,-0.07853326923231707,1,0,1
2024-05-14,1715731199000.0,1167.7833551576305,0.043000000000000003,0.08600000000000001,-0.043000000000000003,0.129,0.043000000000000003,0.08600000000000001,0.043000000000000003,0.46798634348073076,0.0,0.25735275447082984,1,0,1
2024-05-15,1715817599000.0,1161.3734707083531,0.043000000000000003,0.08600000000000001,-0.043000000000000003,0.129,0.043000000000000003,0.08600000000000001,0.043000000000000003,0.7580482225923557,0.0,-0.5488932875235331,0,0,0
2024-05-16,1715903999000.0,1165.1629660657081,0.043000000000000003,0.08600000000000001,-0.043000000000000003,0.129,0.043000000000000003,0.08600000000000001,0.043000000000000003,0.7558303778951503,0.0,0.3262942931737234,0,0,0
2024-05-17,1715990399000.0,1158.798059976965,0.043000000000000003,0.08600000000000001,-0.043000000000000003,0.129,0.043000000000000003,0.08600000000000001,0.043000000000000003,1.042385693231429,2.0,-0.5462674556362512,1,0,1
2024-05-18,1716076799000.0,1157.504249643247,0.043000000000000003,0.08600000000000001,-0.043000000000000003,0.129,0.043000000000000003,0.08600000000000001,0.043000000000000003,1.1456658949214549,0.0,-0.1116510614234012,0,0,0
2024-05-19,1716163199000.0,1159.7467066882189,0.043000000000000003,0.08600000000000001,-0.043000000000000003,0.129,0.043000000000000003,0.08600000000000001,0.043000000000000003,1.1083980375154456,0.0,0.19373207879478382,1,0,1
2024-05-20,1716249599000.0,1127.125725103465,0.036000000000000004,0.08600000000000001,-0.05,0.12200000000000001,0.043000000000000003,0.08600000000000001,0.08600000000000001,3.770899016074447,14.0,-2.8127677704648746,0,0,0
2024-05-21,1716335999000.0,1120.4656154443664,0.035,0.08600000000000001,-0.051000000000000004,0.12100000000000001,0.036000000000000004,0.08600000000000001,0.051000000000000004,4.412006154695957,4.0,-0.5908932349571794,0,0,0
2024-05-22,1716422399000.0,1123.192701306842,0.035,0.08600000000000001,-0.051000000000000004,0.12100000000000001,0.035,0.08600000000000001,0.051000000000000004,4.315772922884086,0.0,0.24338862566470887,0,0,0
2024-05-23,1716508799000.0,1121.0285228388295,0.034,0.08600000000000001,-0.052000000000000005,0.12000000000000001,0.035,0.08600000000000001,0.052000000000000005,4.882719814115488,2.0,-0.1926809589747669,0,0,0
2024-05-24,1716595199000.0,1123.9701575756499,0.034,0.08600000000000001,-0.052000000000000005,0.12000000000000001,0.034,0.08600000000000001,0.052000000000000005,4.365935194521042,0.0,0.2624049858580779,0,0,0
2024-05-25,1716681599000.0,1124.0507556905616,0.034,0.08600000000000001,-0.052000000000000005,0.12000000000000001,0.034,0.08600000000000001,0.052000000000000005,4.144965077949125,0.0,0.007170841180115239,2,0,2
2024-05-26,1716767999000.0,1118.9922172922172,0.034,0.08600000000000001,-0.052000000000000005,0.12000000000000001,0.034,0.08600000000000001,0.052000000000000005,4.5938525404768615,0.0,-0.45002757862447895,1,0,1
2024-05-27,1716854399000.0,1115.5630157995856,0.033,0.08600000000000001,-0.053000000000000005,0.11900000000000001,0.034,0.08600000000000001,0.08600000000000001,5.017828734973795,2.0,-0.30645445425256934,3,0,3
2024-05-28,1716940799000.0,1118.2334512003747,0.033,0.08600000000000001,-0.053000000000000005,0.11900000000000001,0.033,0.08600000000000001,0.053000000000000005,4.791209107954741,0.0,0.23938005858639144,1,0,1
2024-05-29,1717027199000.0,1122.4352015331203,0.033,0.08600000000000001,-0.053000000000000005,0.11900000000000001,0.033,0.08600000000000001,0.053000000000000005,4.5991825736507845,0.0,0.375748939386078,0,0,0
2024-05-30,1717113599000.0,1123.5886866095927,0.033,0.08600000000000001,-0.053000000000000005,0.11900000000000001,0.033,0.08600000000000001,0.053000000000000005,4.306803210989319,0.0,0.10276629554177852,0,0,0
2024-05-31,1717199999000.0,1122.9033556717745,0.033,0.08600000000000001,-0.053000000000000005,0.11900000000000001,0.033,0.08600000000000001,0.053000000000000005,4.391401997968214,0.0,-0.06099482363837172,1,0,1
2024-06-01,1717286399000.0,1120.114246893309,0.033,0.08600000000000001,-0.053000000000000005,0.11900000000000001,0.033,0.08600000000000001,0.053000000000000005,4.328518871304043,0.0,-0.24838368897712737,0,0,0
2024-06-02,1717372799000.0,1122.0020430989828,0.033,0.08600000000000001,-0.053000000000000005,0.11900000000000001,0.033,0.08600000000000001,0.053000000000000005,4.352909499364587,0.0,0.16853604093598484,0,0,0
2024-06-03,1717459199000.0,1122.8792272858198,0.033,0.08600000000000001,-0.053000000000000005,0.11900000000000001,0.033,0.08600000000000001,0.053000000000000005,4.398696136797852,0.0,0.07818026644712539,0,0,0
2024-06-04,1717545599000.0,1120.3979050056769,0.035,0.08600000000000001,-0.051000000000000004,0.12100000000000001,0.035,0.08600000000000001,0.08600000000000001,4.32410467422748,2.0,-0.22097855404633604,1,1,1
2024-06-05,1717631999000.0,1117.4171933395987,0.034,0.08600000000000001,-0.052000000000000005,0.12000000000000001,0.035,0.08600000000000001,0.052000000000000005,4.571644251390728,2.0,-0.2660404533747385,0,0,0
2024-06-06,1717718399000.0,1120.2735587823943,0.034,0.08600000000000001,-0.052000000000000005,0.12000000000000001,0.034,0.08600000000000001,0.052000000000000005,4.535332041727969,0.0,0.2556221131928993,0,0,0
2024-06-07,1717804799000.0,1120.3659787642102,0.034,0.08600000000000001,-0.052000000000000005,0.12000000000000001,0.034,0.08600000000000001,0.052000000000000005,4.359514380263462,0.0,0.008249769093571224,0,0,0
2024-06-08,1717891199000.0,1127.3800935258519,0.034,0.08600000000000001,-0.052000000000000005,0.12000000000000001,0.034,0.08600000000000001,0.052000000000000005,3.764718016617885,0.0,0.626055672395398,0,0,0
2024-06-09,1717977599000.0,1126.1099859382562,0.034,0.08600000000000001,-0.052000000000000005,0.12000000000000001,0.034,0.08600000000000001,0.052000000000000005,3.813853625660213,0.0,-0.11266010415559302,0,0,0
2024-06-10,1718063999000.0,1128.135830422881,0.034,0.08600000000000001,-0.052000000000000005,0.12000000000000001,0.034,0.08600000000000001,0.052000000000000005,3.771652185330865,0.0,0.179897568614229,0,0,0
2024-06-11,1718150399000.0,1137.1024675409592,0.034,0.08600000000000001,-0.052000000000000005,0.12000000000000001,0.034,0.08600000000000001,0.052000000000000005,3.5865315258935992,0.0,0.7948189283835561,0,0,0
2024-06-12,1718236799000.0,1133.926328845524,0.034,0.08600000000000001,-0.052000000000000005,0.12000000000000001,0.034,0.08600000000000001,0.052000000000000005,3.4791206113037765,0.0,-0.2793186002228776,0,0,0
2024-06-13,1718323199000.0,1138.7355544548564,0.034,0.08600000000000001,-0.052000000000000005,0.12000000000000001,0.034,0.08600000000000001,0.052000000000000005,3.0755070045267896,0.0,0.4241215224474626,0,0,0
2024-06-14,1718409599000.0,1138.1913503752887,0.034,0.08600000000000001,-0.052000000000000005,0.12000000000000001,0.034,0.08600000000000001,0.052000000000000005,2.9303918486114244,0.0,-0.047790207080011804,0,0,0
2024-06-15,1718495999000.0,1133.7046637551493,0.034,0.08600000000000001,-0.052000000000000005,0.12000000000000001,0.034,0.08600000000000001,0.052000000000000005,3.1998352048430267,0.0,-0.3941944048915902,0,0,0
2024-06-16,1718582399000.0,1130.8791857452757,0.034,0.08600000000000001,-0.052000000000000005,0.12000000000000001,0.034,0.08600000000000001,0.052000000000000005,3.4640724465971773,0.0,-0.24922522595213215,0,0,0
2024-06-17,1718668799000.0,1136.8180164967087,0.034,0.08600000000000001,-0.052000000000000005,0.12000000000000001,0.034,0.08600000000000001,0.052000000000000005,3.390641905055658,0.0,0.5251516542431611,0,0,0
2024-06-18,1718755199000.0,1138.2634491118245,0.034,0.08600000000000001,-0.052000000000000005,0.12000000000000001,0.034,0.08600000000000001,0.052000000000000005,2.845835209015435,0.0,0.12714722973603543,0,0,0
2024-06-19,1718841599000.0,1134.367315354438,0.034,0.08600000000000001,-0.052000000000000005,0.12000000000000001,0.034,0.08600000000000001,0.052000000000000005,3.143756850641055,0.0,-0.3422875223153765,0,0,0
2024-06-20,1718927999000.0,1136.8677244087198,0.034,0.08600000000000001,-0.052000000000000005,0.12000000000000001,0.034,0.08600000000000001,0.052000000000000005,3.317444758223098,0.0,0.22042322803532688,0,0,0
2024-06-21,1719014399000.0,1136.5932128563888,0.034,0.08600000000000001,-0.052000000000000005,0.12000000000000001,0.034,0.08600000000000001,0.052000000000000005,2.9706651496049785,0.0,-0.024146305364924903,0,0,0
2024-06-22,1719100799000.0,1137.8116529677156,0.034,0.08600000000000001,-0.052000000000000005,0.12000000000000001,0.034,0.08600000000000001,0.052000000000000005,2.856782705440297,0.0,0.10720107225210551,0,0,0
2024-06-23,1719187199000.0,1141.717372009017,0.034,0.08600000000000001,-0.052000000000000005,0.12000000000000001,0.034,0.08600000000000001,0.052000000000000005,2.85127823121607,0.0,0.34326586751982635,0,0,0
2024-06-24,1719273599000.0,1145.2801673587055,0.034,0.08600000000000001,-0.052000000000000005,0.12000000000000001,0.034,0.08600000000000001,0.052000000000000005,2.4727707054098103,0.0,0.3120558061947776,0,0,0
2024-06-25,1719359999000.0,1143.188993436179,0.034,0.08600000000000001,-0.052000000000000005,0.12000000000000001,0.034,0.08600000000000001,0.052000000000000005,2.412192895500709,0.0,-0.182590599411947,0,0,0
2024-06-26,1719446399000.0,1144.3753799218393,0.034,0.08600000000000001,-0.052000000000000005,0.12000000000000001,0.034,0.08600000000000001,0.052000000000000005,2.4096014048024417,0.0,0.10377868335613716,0,0,0
2024-06-27,1719532799000.0,1140.339293803812,0.034,0.08600000000000001,-0.052000000000000005,0.12000000000000001,0.034,0.08600000000000001,0.052000000000000005,2.6399878296165857,0.0,-0.35268900300030603,1,0,1
2024-06-28,1719619199000.0,1144.0579483602933,0.034,0.08600000000000001,-0.052000000000000005,0.12000000000000001,0.034,0.08600000000000001,0.052000000000000005,2.6884100640030217,0.0,0.32610071201502056,0,0,0
2024-06-29,1719705599000.0,1144.2127120721184,0.034,0.08600000000000001,-0.052000000000000005,0.12000000000000001,0.034,0.08600000000000001,0.052000000000000005,2.3236654094975773,0.0,0.01352761125841262,0,0,0
2024-06-30,1719791999000.0,1141.1918739401185,0.034,0.08600000000000001,-0.052000000000000005,0.12000000000000001,0.034,0.08600000000000001,0.052000000000000005,2.5494359547334255,0.0,-0.26401018797713727,0,0,0
2024-07-01,1719878399000.0,1141.0258316652044,0.034,0.08600000000000001,-0.052000000000000005,0.12000000000000001,0.034,0.08600000000000001,0.052000000000000005,2.81083060734173,0.0,-0.014549899863980365,0,0,0
2024-07-02,1719964799000.0,1142.1452744660069,0.034,0.08600000000000001,-0.052000000000000005,0.12000000000000001,0.034,0.08600000000000001,0.052000000000000005,2.5638221883849788,0.0,0.09810845379099042,0,0,0
2024-07-03,1720051199000.0,1148.7299227714043,0.034,0.08600000000000001,-0.052000000000000005,0.12000000000000001,0.034,0.08600000000000001,0.052000000000000005,2.4155060488657787,0.0,0.5765158296939132,0,0,0
2024-07-04,1720137599000.0,1161.0283221229138,0.034,0.08600000000000001,-0.052000000000000005,0.12000000000000001,0.034,0.08600000000000001,0.052000000000000005,1.882445645373898,0.0,1.0706084265515337,0,0,0
2024-07-05,1720223999000.0,1165.1679521799203,0.034,0.08600000000000001,-0.052000000000000005,0.12000000000000001,0.034,0.08600000000000001,0.052000000000000005,1.0492194365044671,0.0,0.35654858526081856,0,0,0
2024-07-06,1720310399000.0,1165.182646133408,0.034,0.08600000000000001,-0.052000000000000005,0.12000000000000001,0.034,0.08600000000000001,0.052000000000000005,1.1319299018176743,0.0,0.0012611017544905678,0,0,0
2024-07-07,1720396799000.0,1167.8247479413471,0.034,0.08600000000000001,-0.052000000000000005,0.12000000000000001,0.034,0.08600000000000001,0.052000000000000005,1.0912033910117747,0.0,0.22675430471839064,0,0,0
2024-07-08,1720483199000.0,1163.3366808436397,0.034,0.08600000000000001,-0.052000000000000005,0.12000000000000001,0.034,0.08600000000000001,0.052000000000000005,1.2003337297314176,0.0,-0.3843099836357333,0,0,0
2024-07-09,1720569599000.0,1160.9219327315357,0.034,0.08600000000000001,-0.052000000000000005,0.12000000000000001,0.034,0.08600000000000001,0.052000000000000005,1.245774584738435,0.0,-0.20757087366598537,0,0,0
2024-07-10,1720655999000.0,1159.1405980052332,0.034,0.08600000000000001,-0.052000000000000005,0.12000000000000001,0.034,0.08600000000000001,0.052000000000000005,1.4233327725289846,0.0,-0.15344138792443562,0,0,0
2024-07-11,1720742399000.0,1159.2158489908873,0.034,0.08600000000000001,-0.052000000000000005,0.12000000000000001,0.034,0.08600000000000001,0.052000000000000005,1.677721263937848,0.0,0.006491963596433337,0,0,0
2024-07-12,1720828799000.0,1157.413351773533,0.034,0.08600000000000001,-0.052000000000000005,0.12000000000000001,0.034,0.08600000000000001,0.052000000000000005,1.448480756261361,0.0,-0.1554928030809366,0,0,0
2024-07-13,1720915199000.0,1155.3570104486403,0.034,0.08600000000000001,-0.052000000000000005,0.12000000000000001,0.034,0.08600000000000001,0.052000000000000005,1.6332978993518599,0.0,-0.17766697798514697,0,0,0
2024-07-14,1721001599000.0,1151.7727632031467,0.034,0.08600000000000001,-0.052000000000000005,0.12000000000000001,0.034,0.08600000000000001,0.052000000000000005,1.926729958366169,0.0,-0.3102285452097342,0,0,0
2024-07-15,1721087999000.0,1139.3851394883375,0.034,0.08600000000000001,-0.052000000000000005,0.12000000000000001,0.034,0.08600000000000001,0.052000000000000005,2.9361947128821897,0.0,-1.0755267106993038,0,0,0
2024-07-16,1721174399000.0,1141.4701916453726,0.034,0.08600000000000001,-0.052000000000000005,0.12000000000000001,0.034,0.08600000000000001,0.052000000000000005,2.948357897787557,0.0,0.18299801224117562,0,0,0
2024-07-17,1721260799000.0,1144.4661882107798,0.034,0.08600000000000001,-0.052000000000000005,0.12000000000000001,0.034,0.08600000000000001,0.052000000000000005,3.0385591026847125,0.0,0.26246822626956323,0,0,0
2024-07-18,1721347199000.0,1142.4743333230713,0.034,0.08600000000000001,-0.052000000000000005,0.12000000000000001,0.034,0.08600000000000001,0.052000000000000005,2.9030787504849664,0.0,-0.1740422660124641,0,0,0
2024-07-19,1721433599000.0,1138.4999153770573,0.034,0.08600000000000001,-0.052000000000000005,0.12000000000000001,0.034,0.08600000000000001,0.052000000000000005,3.1250158669691053,0.0,-0.3478780949462301,0,0,0
2024-07-20,1721519999000.0,1137.8094216189027,0.034,0.08600000000000001,-0.052000000000000005,0.12000000000000001,0.034,0.08600000000000001,0.052000000000000005,3.125233599674837,0.0,-0.06064943429757719,0,0,0
2024-07-21,1721606399000.0,1136.8872459063941,0.034,0.08600000000000001,-0.052000000000000005,0.12000000000000001,0.034,0.08600000000000001,0.052000000000000005,3.1379905519222318,0.0,-0.08104834561806218,0,0,0
2024-07-22,1721692799000.0,1141.9579403480127,0.034,0.08600000000000001,-0.052000000000000005,0.12000000000000001,0.034,0.08600000000000001,0.052000000000000005,3.207653426994217,0.0,0.4460155974021829,0,0,0
2024-07-23,1721779199000.0,1139.749072066049,0.034,0.08600000000000001,-0.052000000000000005,0.12000000000000001,0.034,0.08600000000000001,0.052000000000000005,3.1127240691844804,0.0,-0.19342816437623034,0,0,0
2024-07-24,1721865599000.0,1147.4125731760912,0.034,0.08600000000000001,-0.052000000000000005,0.12000000000000001,0.034,0.08600000000000001,0.052000000000000005,2.8780002454350084,0.0,0.6723849396210069,0,0,0
2024-07-25,1721951999000.0,1155.793077229861,0.034,0.08600000000000001,-0.052000000000000005,0.12000000000000001,0.034,0.08600000000000001,0.052000000000000005,2.234213288460274,0.0,0.7303827977561905,0,0,0
2024-07-26,1722038399000.0,1150.6596104834728,0.034,0.08600000000000001,-0.052000000000000005,0.12000000000000001,0.034,0.08600000000000001,0.052000000000000005,1.9773477586569888,0.0,-0.4441510204137744,0,0,0
2024-07-27,1722124799000.0,1151.9622685076147,0.034,0.08600000000000001,-0.052000000000000005,0.12000000000000001,0.034,0.08600000000000001,0.052000000000000005,2.1584461436667923,0.0,0.1132096766301327,0,0,0
2024-07-28,1722211199000.0,1152.0069048966498,0.034,0.08600000000000001,-0.052000000000000005,0.12000000000000001,0.034,0.08600000000000001,0.052000000000000005,1.9595100678488575,0.0,0.0038748134600696815,0,0,0
2024-07-29,1722297599000.0,1148.4979860039616,0.034,0.08600000000000001,-0.052000000000000005,0.12000000000000001,0.034,0.08600000000000001,0.052000000000000005,2.4646784044300873,0.0,-0.30459182820635755,0,0,0
2024-07-30,1722383999000.0,1150.5464876617348,0.034,0.08600000000000001,-0.052000000000000005,0.12000000000000001,0.034,0.08600000000000001,0.052000000000000005,2.3213161986356923,0.0,0.17836353939988392,0,0,0
2024-07-31,1722470399000.0,1152.9902297349763,0.034,0.08600000000000001,-0.052000000000000005,0.12000000000000001,0.034,0.08600000000000001,0.052000000000000005,2.24567493022676,0.0,0.21239837759254865,0,0,0
2024-08-01,1722556799000.0,1154.6057077567552,0.034,0.08600000000000001,-0.052000000000000005,0.12000000000000001,0.034,0.08600000000000001,0.052000000000000005,1.7705238725703176,0.0,0.14011203045061205,0,0,0
2024-08-02,1722643199000.0,1163.949064745382,0.042,0.08600000000000001,-0.044000000000000004,0.128,0.042,0.08600000000000001,0.08600000000000001,1.656477642413845,2.0,0.8092249090626558,1,1,1
2024-08-03,1722729599000.0,1166.236311440363,0.044,0.08600000000000001,-0.04200000000000001,0.13,0.045,0.08600000000000001,0.08600000000000001,1.0093133140510857,4.0,0.19650745588950524,2,2,2
2024-08-04,1722815999000.0,1175.2439724591459,0.044,0.08600000000000001,-0.04200000000000001,0.13,0.044,0.08600000000000001,0.04200000000000001,0.8975746929626549,0.0,0.7723701389179105,0,0,0
2024-08-05,1722902399000.0,1408.0071544520438,0.059000000000000004,0.08600000000000001,-0.027000000000000003,0.14500000000000002,0.059000000000000004,0.08600000000000001,0.08600000000000001,1.5425665669232647,180.0,19.805520168365653,2,2,2
2024-08-06,1722988799000.0,1406.3108774036898,0.056,0.08600000000000001,-0.030000000000000006,0.14200000000000002,0.059000000000000004,0.08600000000000001,0.030000000000000006,0.3097133032277988,4.0,-0.12047361002325285,0,0,0
2024-08-07,1723075199000.0,1409.8583029193192,0.056,0.08600000000000001,-0.030000000000000006,0.14200000000000002,0.056,0.08600000000000001,0.030000000000000006,0.3149961616623287,0.0,0.25225044992744916,0,0,0
2024-08-08,1723161599000.0,1399.5732216006138,0.053,0.08600000000000001,-0.03300000000000001,0.139,0.056,0.08600000000000001,0.08600000000000001,0.88850707290975,6.0,-0.729511703226382,0,0,0
2024-08-09,1723247999000.0,1402.3327924373557,0.053,0.08600000000000001,-0.03300000000000001,0.139,0.053,0.08600000000000001,0.03300000000000001,0.8412207708719643,0.0,0.19717230896900695,0,0,0
2024-08-10,1723334399000.0,1401.9607260412304,0.053,0.08600000000000001,-0.03300000000000001,0.139,0.053,0.08600000000000001,0.03300000000000001,0.7023500564122931,0.0,-0.02653196146676917,0,0,0
2024-08-11,1723420799000.0,1403.7500451725084,0.053,0.08600000000000001,-0.03300000000000001,0.139,0.053,0.08600000000000001,0.03300000000000001,0.8674056355893911,0.0,0.12762976152196348,0,0,0
2024-08-12,1723507199000.0,1398.9606606290968,0.051000000000000004,0.08600000000000001,-0.035,0.137,0.056,0.08600000000000001,0.08600000000000001,0.8957523609741447,10.0,-0.3411849965656133,2,1,2
2024-08-13,1723593599000.0,1399.6629624559819,0.051000000000000004,0.08600000000000001,-0.035,0.137,0.051000000000000004,0.08600000000000001,0.035,0.8693541037263386,0.0,0.0502016851974485,0,0,0
2024-08-14,1723679999000.0,1401.0946356199624,0.051000000000000004,0.08600000000000001,-0.035,0.137,0.051000000000000004,0.08600000000000001,0.035,0.952238847393927,0.0,0.10228699353937998,0,0,0
2024-08-15,1723766399000.0,1602.892436624453,0.061,0.08600000000000001,-0.02500000000000001,0.14700000000000002,0.063,0.08600000000000001,0.08600000000000001,0.7146925847187124,140.0,14.402867292058264,1,1,1
2024-08-16,1723852799000.0,1602.8911547944347,0.061,0.08600000000000001,-0.02500000000000001,0.14700000000000002,0.061,0.08600000000000001,0.02500000000000001,0.39806932002377504,0.0,-7.996980889712901e-05,0,0,0
2024-08-17,1723939199000.0,1601.7848898522407,0.061,0.08600000000000001,-0.02500000000000001,0.14700000000000002,0.061,0.08600000000000001,0.02500000000000001,0.3966706645502138,0.0,-0.06901684739385461,0,0,0
2024-08-18,1724025599000.0,1601.8515335655586,0.061,0.08600000000000001,-0.02500000000000001,0.14700000000000002,0.061,0.08600000000000001,0.02500000000000001,0.4837776231051638,0.0,0.004160590709778589,0,0,0
2024-08-19,1724111999000.0,1601.3466634899617,0.061,0.08600000000000001,-0.02500000000000001,0.14700000000000002,0.063,0.08600000000000001,0.08600000000000001,0.43169008342751614,4.0,-0.031517906935685236,1,1,1
2024-08-20,1724198399000.0,1602.9015450718098,0.06,0.08600000000000001,-0.02600000000000001,0.14600000000000002,0.061,0.08600000000000001,0.08600000000000001,0.519988574903274,2.0,0.09709837459301873,0,0,0
2024-08-21,1724284799000.0,1601.4044490149302,0.06,0.08600000000000001,-0.02600000000000001,0.14600000000000002,0.06,0.08600000000000001,0.02600000000000001,0.44697558019242134,0.0,-0.09339912744376067,0,0,0
2024-08-22,1724371199000.0,1601.5999609720932,0.06,0.08600000000000001,-0.02600000000000001,0.14600000000000002,0.06,0.08600000000000001,0.02600000000000001,0.42457139061854443,0.0,0.01220878069143616,0,0,0
2024-08-23,1724457599000.0,1598.0720572136372,0.058,0.08600000000000001,-0.028000000000000004,0.14400000000000002,0.06,0.08600000000000001,0.028000000000000004,0.6689468424626144,4.0,-0.22027371655994887,0,0,0
2024-08-24,1724543999000.0,1597.9374123606133,0.058,0.08600000000000001,-0.028000000000000004,0.14400000000000002,0.058,0.08600000000000001,0.028000000000000004,0.7079866398260415,0.0,-0.0084254556868113,0,0,0
2024-08-25,1724630399000.0,1598.5531092167753,0.058,0.08600000000000001,-0.028000000000000004,0.14400000000000002,0.058,0.08600000000000001,0.028000000000000004,0.6592269047125732,0.0,0.03853072413220193,0,0,0
2024-08-26,1724716799000.0,1600.389809982969,0.058,0.08600000000000001,-0.028000000000000004,0.14400000000000002,0.058,0.08600000000000001,0.028000000000000004,0.6063935479732385,0.0,0.1148977006521612,0,0,0
2024-08-27,1724803199000.0,1606.6581264997399,0.058,0.08600000000000001,-0.028000000000000004,0.14400000000000002,0.058,0.08600000000000001,0.028000000000000004,0.4975531132255351,0.0,0.39167435818887597,0,0,0
2024-08-28,1724889599000.0,1604.6517528300274,0.058,0.08600000000000001,-0.028000000000000004,0.14400000000000002,0.058,0.08600000000000001,0.028000000000000004,0.2869641119246702,0.0,-0.12487869302248988,0,0,0
2024-08-29,1724975999000.0,1604.6867102309168,0.058,0.08600000000000001,-0.028000000000000004,0.14400000000000002,0.058,0.08600000000000001,0.028000000000000004,0.35611865218543315,0.0,0.0021785038920585365,0,0,0
2024-08-30,1725062399000.0,1604.7295953014311,0.058,0.08600000000000001,-0.028000000000000004,0.14400000000000002,0.058,0.08600000000000001,0.028000000000000004,0.2625370973945107,0.0,0.0026724886696527506,0,0,0
2024-08-31,1725148799000.0,1605.1120977284904,0.058,0.08600000000000001,-0.028000000000000004,0.14400000000000002,0.058,0.08600000000000001,0.028000000000000004,0.24897453545579262,0.0,0.023835942714534042,0,0,0
2024-09-01,1725235199000.0,1607.5760657584926,0.058,0.08600000000000001,-0.028000000000000004,0.14400000000000002,0.058,0.08600000000000001,0.028000000000000004,0.21836883570166554,0.0,0.15350753592158206,0,0,0
2024-09-02,1725321599000.0,1604.435524793077,0.058,0.08600000000000001,-0.028000000000000004,0.14400000000000002,0.058,0.08600000000000001,0.028000000000000004,0.29805443577070045,0.0,-0.19535877849324867,0,0,0
2024-09-03,1725407999000.0,1607.5895730830598,0.058,0.08600000000000001,-0.028000000000000004,0.14400000000000002,0.058,0.08600000000000001,0.028000000000000004,0.2824663004232675,0.0,0.19658305000380683,0,0,0
2024-09-04,1725494399000.0,1606.8904487030807,0.058,0.08600000000000001,-0.028000000000000004,0.14400000000000002,0.058,0.08600000000000001,0.028000000000000004,0.30590921800103255,0.0,-0.043488984482420445,1,0,1
2024-09-05,1725580799000.0,1606.895541559887,0.058,0.08600000000000001,-0.028000000000000004,0.14400000000000002,0.058,0.08600000000000001,0.028000000000000004,0.2658557201055456,0.0,0.00031693864448456566,0,0,0
2024-09-06,1725667199000.0,1613.2306601500848,0.058,0.08600000000000001,-0.028000000000000004,0.14400000000000002,0.058,0.08600000000000001,0.028000000000000004,0.37781913181764715,0.0,0.3942458253414438,1,0,1
2024-09-07,1725753599000.0,1611.8853315088863,0.058,0.08600000000000001,-0.028000000000000004,0.14400000000000002,0.058,0.08600000000000001,0.028000000000000004,0.27516928872980406,0.0,-0.08339344610975852,0,0,0
2024-09-08,1725839999000.0,1611.2293827662286,0.058,0.08600000000000001,-0.028000000000000004,0.14400000000000002,0.058,0.08600000000000001,0.028000000000000004,0.3121570663452533,0.0,-0.04069450412106379,0,0,0
2024-09-09,1725926399000.0,1609.4772157457644,0.058,0.08600000000000001,-0.028000000000000004,0.14400000000000002,0.058,0.08600000000000001,0.028000000000000004,0.39102408327388316,0.0,-0.10874721124164433,0,0,0
2024-09-10,1726012799000.0,1608.6509181670485,0.058,0.08600000000000001,-0.028000000000000004,0.14400000000000002,0.058,0.08600000000000001,0.028000000000000004,0.4265269612496181,0.0,-0.05133950146246624,0,0,0
2024-09-11,1726099199000.0,1610.0164726071685,0.058,0.08600000000000001,-0.028000000000000004,0.14400000000000002,0.058,0.08600000000000001,0.028000000000000004,0.4120879555499446,0.0,0.08488817708667273,0,0,0
2024-09-12,1726185599000.0,1609.4084672601284,0.058,0.08600000000000001,-0.028000000000000004,0.14400000000000002,0.058,0.08600000000000001,0.028000000000000004,0.41229277453922464,0.0,-0.03776392089054337,0,0,0
2024-09-13,1726271999000.0,1607.2516043801147,0.058,0.08600000000000001,-0.028000000000000004,0.14400000000000002,0.058,0.08600000000000001,0.028000000000000004,0.5311181377027685,0.0,-0.13401587750346833,0,0,0
2024-09-14,1726358399000.0,1607.8514021941621,0.058,0.08600000000000001,-0.028000000000000004,0.14400000000000002,0.058,0.08600000000000001,0.028000000000000004,0.49863175828773754,0.0,0.037318227738136756,0,0,0
2024-09-15,1726444799000.0,1610.7062835007541,0.058,0.08600000000000001,-0.028000000000000004,0.14400000000000002,0.058,0.08600000000000001,0.028000000000000004,0.4809183052345012,0.0,0.17755877829854771,0,0,0
2024-09-16,1726531199000.0,1611.2664996318583,0.058,0.08600000000000001,-0.028000000000000004,0.14400000000000002,0.058,0.08600000000000001,0.028000000000000004,0.31907417675283156,0.0,0.03478077516942957,0,0,0
2024-09-17,1726617599000.0,1610.414468036987,0.069,0.08600000000000001,-0.017,0.15500000000000003,0.07,0.08600000000000001,0.08600000000000001,0.35566665081862014,4.0,-0.05287961954562048,1,1,1
2024-09-18,1726703999000.0,1609.8562505032921,0.069,0.08600000000000001,-0.017,0.15500000000000003,0.069,0.08600000000000001,0.017,0.33639183612714785,0.0,-0.03466297309011601,0,0,0
2024-09-19,1726790399000.0,1608.2416702916964,0.066,0.08600000000000001,-0.020000000000000004,0.15200000000000002,0.069,0.08600000000000001,0.020000000000000004,0.4705934420015878,4.0,-0.10029343993235296,0,0,0
2024-09-20,1726876799000.0,1605.7741392958246,0.063,0.08600000000000001,-0.023000000000000007,0.14900000000000002,0.066,0.08600000000000001,0.08600000000000001,0.6033526436229231,4.0,-0.15343036071340244,0,0,0
2024-09-21,1726963199000.0,1604.12617919015,0.062,0.08600000000000001,-0.024000000000000007,0.14800000000000002,0.063,0.08600000000000001,0.024000000000000007,0.7040616757147622,2.0,-0.10262714197136757,0,0,0
2024-09-22,1727049599000.0,1604.886862283467,0.062,0.08600000000000001,-0.024000000000000007,0.14800000000000002,0.062,0.08600000000000001,0.024000000000000007,0.7173144691919986,0.0,0.04742040265817149,0,0,0
2024-09-23,1727135999000.0,1603.1424776303422,0.061,0.08600000000000001,-0.02500000000000001,0.14700000000000002,0.062,0.08600000000000001,0.02500000000000001,0.8349318221377744,2.0,-0.10869206385319963,0,0,0
2024-09-24,1727222399000.0,1602.9695831735708,0.061,0.08600000000000001,-0.02500000000000001,0.14700000000000002,0.061,0.08600000000000001,0.02500000000000001,0.7875307412915089,0.0,-0.010784721831280653,0,0,0
2024-09-25,1727308799000.0,1604.8278076039514,0.061,0.08600000000000001,-0.02500000000000001,0.14700000000000002,0.061,0.08600000000000001,0.02500000000000001,0.7904457553962851,0.0,0.11592387340886301,0,0,0
2024-09-26,1727395199000.0,1603.5378792843187,0.061,0.08600000000000001,-0.02500000000000001,0.14700000000000002,0.061,0.08600000000000001,0.02500000000000001,0.7757171985378841,0.0,-0.08037798906030957,0,0,0
2024-09-27,1727481599000.0,1601.972696358389,0.059000000000000004,0.08600000000000001,-0.027000000000000003,0.14500000000000002,0.061,0.08600000000000001,0.08600000000000001,0.8741623743748872,2.0,-0.0976081043142174,0,0,0
2024-09-28,1727567999000.0,1602.510564397184,0.059000000000000004,0.08600000000000001,-0.027000000000000003,0.14500000000000002,0.059000000000000004,0.08600000000000001,0.027000000000000003,0.8401039837208635,0.0,0.033575356185400196,0,0,0
2024-09-29,1727654399000.0,1603.008809774061,0.059000000000000004,0.08600000000000001,-0.027000000000000003,0.14500000000000002,0.059000000000000004,0.08600000000000001,0.027000000000000003,0.8048944897296462,0.0,0.031091550217920982,0,0,0
2024-09-30,1727740799000.0,1604.5054324711296,0.059000000000000004,0.08600000000000001,-0.027000000000000003,0.14500000000000002,0.059000000000000004,0.08600000000000001,0.027000000000000003,0.764854140183524,0.0,0.09336334822012127,0,0,0
2024-10-01,1727827199000.0,1608.7008703194779,0.059000000000000004,0.08600000000000001,-0.027000000000000003,0.14500000000000002,0.059000000000000004,0.08600000000000001,0.027000000000000003,0.7591592775338829,0.0,0.26147856924902957,0,0,0
2024-10-02,1727913599000.0,1610.9774744499223,0.059000000000000004,0.08600000000000001,-0.027000000000000003,0.14500000000000002,0.059000000000000004,0.08600000000000001,0.027000000000000003,0.4929087878801641,0.0,0.14151817609151518,0,0,0
2024-10-03,1727999999000.0,1611.3680858405903,0.059000000000000004,0.08600000000000001,-0.027000000000000003,0.14500000000000002,0.059000000000000004,0.08600000000000001,0.027000000000000003,0.33150173980934783,0.0,0.024246856139398254,0,0,0
2024-10-04,1728086399000.0,1609.6381068519997,0.059000000000000004,0.08600000000000001,-0.027000000000000003,0.14500000000000002,0.059000000000000004,0.08600000000000001,0.027000000000000003,0.3939080457458166,0.0,-0.10736088196062754,0,0,0
2024-10-05,1728172799000.0,1609.6485696587172,0.059000000000000004,0.08600000000000001,-0.027000000000000003,0.14500000000000002,0.059000000000000004,0.08600000000000001,0.027000000000000003,0.3709724702179895,0.0,0.0006500098794104403,0,0,0
2024-10-06,1728259199000.0,1608.9744899126863,0.059000000000000004,0.08600000000000001,-0.027000000000000003,0.14500000000000002,0.059000000000000004,0.08600000000000001,0.027000000000000003,0.4176006581943392,0.0,-0.041877448204352685,0,0,0
2024-10-07,1728345599000.0,1609.4499513930384,0.059000000000000004,0.08600000000000001,-0.027000000000000003,0.14500000000000002,0.059000000000000004,0.08600000000000001,0.027000000000000003,0.518738770056093,0.0,0.029550591593152653,0,0,0
2024-10-08,1728431999000.0,1608.978848521509,0.059000000000000004,0.08600000000000001,-0.027000000000000003,0.14500000000000002,0.059000000000000004,0.08600000000000001,0.027000000000000003,0.42669466202645,0.0,-0.0292710482312053,0,0,0
2024-10-09,1728518399000.0,1610.88390561435,0.059000000000000004,0.08600000000000001,-0.027000000000000003,0.14500000000000002,0.059000000000000004,0.08600000000000001,0.027000000000000003,0.4437433673768587,0.0,0.11840162439620272,0,0,0
2024-10-10,1728604799000.0,1610.4836566657812,0.059000000000000004,0.08600000000000001,-0.027000000000000003,0.14500000000000002,0.059000000000000004,0.08600000000000001,0.027000000000000003,0.35066743912067766,0.0,-0.024846542148304618,0,0,0
2024-10-11,1728691199000.0,1609.061501186347,0.059000000000000004,0.08600000000000001,-0.027000000000000003,0.14500000000000002,0.059000000000000004,0.08600000000000001,0.027000000000000003,0.4380300138021376,0.0,-0.08830611062384808,0,0,0
2024-10-12,1728777599000.0,1608.087283659007,0.059000000000000004,0.08600000000000001,-0.027000000000000003,0.14500000000000002,0.059000000000000004,0.08600000000000001,0.027000000000000003,0.46826855808647094,0.0,-0.06054569863375159,0,0,0
2024-10-13,1728863999000.0,1608.2889448673284,0.059000000000000004,0.08600000000000001,-0.027000000000000003,0.14500000000000002,0.059000000000000004,0.08600000000000001,0.027000000000000003,0.45881093410353735,0.0,0.012540439214370203,0,0,0
2024-10-14,1728950399000.0,1603.9625612080251,0.059000000000000004,0.08600000000000001,-0.027000000000000003,0.14500000000000002,0.059000000000000004,0.08600000000000001,0.027000000000000003,0.7422164144370136,0.0,-0.2690053720203922,0,0,0
2024-10-15,1729036799000.0,1604.5875199597674,0.059000000000000004,0.08600000000000001,-0.027000000000000003,0.14500000000000002,0.059000000000000004,0.08600000000000001,0.027000000000000003,0.7911786561187739,0.0,0.0389634251357851,0,0,0
2024-10-16,1729123199000.0,1604.4981069842274,0.059000000000000004,0.08600000000000001,-0.027000000000000003,0.14500000000000002,0.059000000000000004,0.08600000000000001,0.027000000000000003,0.72923680596374,0.0,-0.005572333975412125,0,0,0
2024-10-17,1729209599000.0,1604.678598093342,0.059000000000000004,0.08600000000000001,-0.027000000000000003,0.14500000000000002,0.059000000000000004,0.08600000000000001,0.027000000000000003,0.7290493914809848,0.0,0.011249069620533625,1,0,1
2024-10-18,1729295999000.0,1603.7172958300935,0.059000000000000004,0.08600000000000001,-0.027000000000000003,0.14500000000000002,0.059000000000000004,0.08600000000000001,0.027000000000000003,0.7705986181697488,0.0,-0.059906218253980015,0,0,0
2024-10-19,1729382399000.0,1603.5675062427235,0.059000000000000004,0.08600000000000001,-0.027000000000000003,0.14500000000000002,0.059000000000000004,0.08600000000000001,0.027000000000000003,0.7510139176645558,0.0,-0.009340149149694721,0,0,0
2024-10-20,1729468799000.0,1600.9008858141576,0.059000000000000004,0.08600000000000001,-0.027000000000000003,0.14500000000000002,0.059000000000000004,0.08600000000000001,0.027000000000000003,0.9056947303703322,0.0,-0.16629299472487036,0,0,0
2024-10-21,1729555199000.0,1603.0901256932052,0.059000000000000004,0.08600000000000001,-0.027000000000000003,0.14500000000000002,0.059000000000000004,0.08600000000000001,0.027000000000000003,0.9229982241987345,0.0,0.1367504945775755,0,0,0
2024-10-22,1729641599000.0,1604.3257531525583,0.059000000000000004,0.08600000000000001,-0.027000000000000003,0.14500000000000002,0.059000000000000004,0.08600000000000001,0.027000000000000003,0.7628597418910976,0.0,0.07707785354980068,0,0,0
2024-10-23,1729727999000.0,1606.9911483633525,0.059000000000000004,0.08600000000000001,-0.027000000000000003,0.14500000000000002,0.059000000000000004,0.08600000000000001,0.027000000000000003,0.6833232997191185,0.0,0.1661380306061,0,0,0
2024-10-24,1729814399000.0,1606.6995301676118,0.059000000000000004,0.08600000000000001,-0.027000000000000003,0.14500000000000002,0.059000000000000004,0.08600000000000001,0.027000000000000003,0.5741030880237807,0.0,-0.018146845179434212,0,0,0
2024-10-25,1729900799000.0,1609.2905306537132,0.059000000000000004,0.08600000000000001,-0.027000000000000003,0.14500000000000002,0.059000000000000004,0.08600000000000001,0.027000000000000003,0.5762200462395728,0.0,0.1612622918879536,0,0,0
2024-10-26,1729987199000.0,1608.1792090690215,0.059000000000000004,0.08600000000000001,-0.027000000000000003,0.14500000000000002,0.059000000000000004,0.08600000000000001,0.027000000000000003,0.47925398486382553,0.0,-0.06905661616242176,0,0,0
2024-10-27,1730073599000.0,1607.5078842801076,0.059000000000000004,0.08600000000000001,-0.027000000000000003,0.14500000000000002,0.059000000000000004,0.08600000000000001,0.027000000000000003,0.511094581499949,0.0,-0.04174440168907001,0,0,0
2024-10-28,1730159999000.0,1605.9408435208009,0.059000000000000004,0.08600000000000001,-0.027000000000000003,0.14500000000000002,0.059000000000000004,0.08600000000000001,0.027000000000000003,0.6121200438193086,0.0,-0.09748261732529517,0,0,0
2024-10-29,1730246399000.0,1603.9931570866945,0.059000000000000004,0.08600000000000001,-0.027000000000000003,0.14500000000000002,0.059000000000000004,0.08600000000000001,0.027000000000000003,0.767887426224978,0.0,-0.12128008587392047,0,0,0
2024-10-30,1730332799000.0,1603.4755514445972,0.059000000000000004,0.08600000000000001,-0.027000000000000003,0.14500000000000002,0.059000000000000004,0.08600000000000001,0.027000000000000003,0.8354015417547322,0.0,-0.03226981610304769,0,0,0
2024-10-31,1730419199000.0,1607.2995642821468,0.059000000000000004,0.08600000000000001,-0.027000000000000003,0.14500000000000002,0.059000000000000004,0.08600000000000001,0.027000000000000003,0.7454669268685099,0.0,0.23848276539697455,0,0,0
2024-11-01,1730505599000.0,1607.5068456964696,0.059000000000000004,0.08600000000000001,-0.027000000000000003,0.14500000000000002,0.059000000000000004,0.08600000000000001,0.027000000000000003,0.6067276584230896,0.0,0.012896252753935578,0,0,0
2024-11-02,1730591999000.0,1608.010281311094,0.059000000000000004,0.08600000000000001,-0.027000000000000003,0.14500000000000002,0.059000000000000004,0.08600000000000001,0.027000000000000003,0.5015289004329015,0.0,0.03131778977938371,0,0,0
2024-11-03,1730678399000.0,1609.0137499598115,0.059000000000000004,0.08600000000000001,-0.027000000000000003,0.14500000000000002,0.059000000000000004,0.08600000000000001,0.027000000000000003,0.4541245785605441,0.0,0.06240436770710289,0,0,0
2024-11-04,1730764799000.0,1610.6498786479035,0.059000000000000004,0.08600000000000001,-0.027000000000000003,0.14500000000000002,0.059000000000000004,0.08600000000000001,0.027000000000000003,0.4431491466177495,0.0,0.10168518995767872,0,0,0
2024-11-05,1730851199000.0,1610.021539149294,0.059000000000000004,0.08600000000000001,-0.027000000000000003,0.14500000000000002,0.059000000000000004,0.08600000000000001,0.027000000000000003,0.42143983689048037,0.0,-0.03901155098567921,0,0,0
2024-11-06,1730937599000.0,1601.915634655023,0.059000000000000004,0.08600000000000001,-0.027000000000000003,0.14500000000000002,0.059000000000000004,0.08600000000000001,0.027000000000000003,0.8642745013843323,0.0,-0.503465593295982,0,0,0
2024-11-07,1731023999000.0,1596.9644810777131,0.056,0.08600000000000001,-0.030000000000000006,0.14200000000000002,0.059000000000000004,0.08600000000000001,0.08600000000000001,1.1722785427286775,6.0,-0.30907704939007186,0,0,0
2024-11-08,1731110399000.0,1594.7017559075243,0.055,0.08600000000000001,-0.031000000000000007,0.14100000000000001,0.056,0.08600000000000001,0.08600000000000001,1.3091079544662931,2.0,-0.14168913566955377,0,0,0
2024-11-09,1731196799000.0,1587.7914233307893,0.051000000000000004,0.08600000000000001,-0.035,0.137,0.055,0.08600000000000001,0.08600000000000001,1.7680271582317775,6.0,-0.4333307184955393,0,0,0
2024-11-10,1731283199000.0,1585.39770375603,0.05,0.08600000000000001,-0.036000000000000004,0.136,0.051000000000000004,0.08600000000000001,0.08600000000000001,1.9929044182339428,2.0,-0.15075780984745712,0,0,0
2024-11-11,1731369599000.0,1577.9511741818835,0.048,0.08600000000000001,-0.038000000000000006,0.134,0.05,0.08600000000000001,0.08600000000000001,2.342271317641542,4.0,-0.46969473694232766,0,0,0
2024-11-12,1731455999000.0,1582.6845441688265,0.047,0.08600000000000001,-0.03900000000000001,0.133,0.048,0.08600000000000001,0.03900000000000001,2.49829310267089,2.0,0.29996935674496683,1,0,1
2024-11-13,1731542399000.0,1584.9759383394442,0.047,0.08600000000000001,-0.03900000000000001,0.133,0.047,0.08600000000000001,0.03900000000000001,2.2221720765225883,0.0,0.14477895668216778,0,0,0
2024-11-14,1731628799000.0,1590.0279154288653,0.047,0.08600000000000001,-0.03900000000000001,0.133,0.047,0.08600000000000001,0.03900000000000001,2.0031906831002533,0.0,0.31874156365516715,0,0,0
2024-11-15,1731715199000.0,1588.8562781485782,0.047,0.08600000000000001,-0.03900000000000001,0.133,0.047,0.08600000000000001,0.03900000000000001,1.7339145624077568,0.0,-0.07368658555727547,0,0,0
2024-11-16,1731801599000.0,1587.2087451684567,0.047,0.08600000000000001,-0.03900000000000001,0.133,0.047,0.08600000000000001,0.03900000000000001,1.9391755451482195,0.0,-0.10369301508134088,0,0,0
2024-11-17,1731887999000.0,1587.2705849942408,0.047,0.08600000000000001,-0.03900000000000001,0.133,0.047,0.08600000000000001,0.03900000000000001,1.8052856992926247,0.0,0.0038961369115630973,0,0,0
2024-11-18,1731974399000.0,1584.3627344600434,0.047,0.08600000000000001,-0.03900000000000001,0.133,0.047,0.08600000000000001,0.03900000000000001,1.950449015650657,0.0,-0.1831981617808398,0,0,0
2024-11-19,1732060799000.0,1588.4387050395285,0.047,0.08600000000000001,-0.03900000000000001,0.133,0.047,0.08600000000000001,0.03900000000000001,1.9427771677069994,0.0,0.257262462113772,0,0,0
2024-11-20,1732147199000.0,1589.986240481347,0.047,0.08600000000000001,-0.03900000000000001,0.133,0.047,0.08600000000000001,0.03900000000000001,1.7886838897350765,0.0,0.097424939149926,0,0,0
2024-11-21,1732233599000.0,1578.83552533614,0.047,0.08600000000000001,-0.03900000000000001,0.133,0.047,0.08600000000000001,0.03900000000000001,2.33089869692914,0.0,-0.7013089082979262,0,0,0
2024-11-22,1732319999000.0,1580.0536709758096,0.047,0.08600000000000001,-0.03900000000000001,0.133,0.047,0.08600000000000001,0.03900000000000001,2.423964864688255,0.0,0.0771546890174113,0,0,0
2024-11-23,1732406399000.0,1577.406499909456,0.046,0.08600000000000001,-0.04000000000000001,0.132,0.047,0.08600000000000001,0.04000000000000001,2.6010882081613174,2.0,-0.16753678150178697,0,0,0
2024-11-24,1732492799000.0,1578.8392847989494,0.046,0.08600000000000001,-0.04000000000000001,0.132,0.046,0.08600000000000001,0.04000000000000001,2.4812702150775134,0.0,0.09083168413315246,0,0,0
2024-11-25,1732579199000.0,1576.765059660325,0.046,0.08600000000000001,-0.04000000000000001,0.132,0.046,0.08600000000000001,0.04000000000000001,2.7089157079481785,0.0,-0.13137658522909268,0,0,0
2024-11-26,1732665599000.0,1580.4287823630932,0.046,0.08600000000000001,-0.04000000000000001,0.132,0.046,0.08600000000000001,0.04000000000000001,2.4978448179000967,0.0,0.23235691838310313,0,0,0
2024-11-27,1732751999000.0,1566.7552523631912,0.044,0.08600000000000001,-0.04200000000000001,0.13,0.046,0.08600000000000001,0.04200000000000001,3.0870480767992814,4.0,-0.8651784979173183,0,0,0
2024-11-28,1732838399000.0,1569.9484252078673,0.044,0.08600000000000001,-0.04200000000000001,0.13,0.044,0.08600000000000001,0.04200000000000001,3.0246885967403547,0.0,0.20380801914401392,1,0,1
2024-11-29,1732924799000.0,1569.4385092193593,0.044,0.08600000000000001,-0.04200000000000001,0.13,0.044,0.08600000000000001,0.04200000000000001,2.972470646880987,0.0,-0.03247979234990428,0,0,0
2024-11-30,1733011199000.0,1564.661868758946,0.043000000000000003,0.08600000000000001,-0.043000000000000003,0.129,0.044,0.08600000000000001,0.043000000000000003,3.228693462136867,2.0,-0.3043534635064682,0,0,0
2024-12-01,1733097599000.0,1564.5023118133545,0.043000000000000003,0.08600000000000001,-0.043000000000000003,0.129,0.043000000000000003,0.08600000000000001,0.043000000000000003,3.238082891643368,0.0,-0.010197535248812617,0,0,0
2024-12-02,1733183999000.0,1567.4219844949628,0.043000000000000003,0.08600000000000001,-0.043000000000000003,0.129,0.043000000000000003,0.08600000000000001,0.043000000000000003,3.2822139924633897,0.0,0.1866199020328807,0,0,0
2024-12-03,1733270399000.0,1568.7945759372328,0.043000000000000003,0.08600000000000001,-0.043000000000000003,0.129,0.043000000000000003,0.08600000000000001,0.043000000000000003,3.032522631528456,0.0,0.08757000066657028,0,0,0
2024-12-04,1733356799000.0,1558.7725730572347,0.041,0.08600000000000001,-0.045000000000000005,0.127,0.043000000000000003,0.08600000000000001,0.08600000000000001,3.6353821803185693,4.0,-0.6388346207795048,0,0,0
2024-12-05,1733443199000.0,1561.3246981207021,0.04,0.08600000000000001,-0.046000000000000006,0.126,0.041,0.08600000000000001,0.08600000000000001,3.8234658344901695,2.0,0.16372658254193428,2,0,2
2024-12-06,1733529599000.0,1551.5669896040113,0.039,0.08600000000000001,-0.04700000000000001,0.125,0.04,0.08600000000000001,0.08600000000000001,4.194260781463665,2.0,-0.6249634383184821,0,0,0
2024-12-07,1733615999000.0,1551.7955715350543,0.039,0.08600000000000001,-0.04700000000000001,0.125,0.039,0.08600000000000001,0.04700000000000001,4.007098166919287,0.0,0.014732327548516722,0,0,0
2024-12-08,1733702399000.0,1551.6599099608457,0.039,0.08600000000000001,-0.04700000000000001,0.125,0.039,0.08600000000000001,0.04700000000000001,3.9742526937814104,0.0,-0.00874223233375826,0,0,0
2024-12-09,1733788799000.0,1565.4964746403257,0.039,0.08600000000000001,-0.04700000000000001,0.125,0.039,0.08600000000000001,0.04700000000000001,3.9424649341199047,0.0,0.8917266335655372,0,0,0
2024-12-10,1733875199000.0,1569.5345124139212,0.039,0.08600000000000001,-0.04700000000000001,0.125,0.039,0.08600000000000001,0.04700000000000001,3.2729275730358,0.0,0.25793975515169265,0,0,0
2024-12-11,1733961599000.0,1560.0660031910552,0.039,0.08600000000000001,-0.04700000000000001,0.125,0.039,0.08600000000000001,0.04700000000000001,3.4632278564071917,0.0,-0.603268621873343,0,0,0
2024-12-12,1734047999000.0,1557.7584707350575,0.039,0.08600000000000001,-0.04700000000000001,0.125,0.039,0.08600000000000001,0.04700000000000001,3.864087411109507,0.0,-0.14791248904070242,3,0,3
2024-12-13,1734134399000.0,1556.6364706251484,0.039,0.08600000000000001,-0.04700000000000001,0.125,0.039,0.08600000000000001,0.04700000000000001,3.8111451013716935,0.0,-0.07202657735377871,0,0,0
2024-12-14,1734220799000.0,1558.430119216003,0.039,0.08600000000000001,-0.04700000000000001,0.125,0.039,0.08600000000000001,0.04700000000000001,3.7435078990238235,0.0,0.1152259133524236,0,0,0
2024-12-15,1734307199000.0,1554.2681565313694,0.039,0.08600000000000001,-0.04700000000000001,0.125,0.039,0.08600000000000001,0.04700000000000001,3.8195501863497627,0.0,-0.2670612325387678,0,0,0
2024-12-16,1734393599000.0,1553.0690766823293,0.039,0.08600000000000001,-0.04700000000000001,0.125,0.039,0.08600000000000001,0.04700000000000001,4.19782800578874,0.0,-0.07714755294968567,0,0,0
2024-12-17,1734479999000.0,1557.5729146082792,0.039,0.08600000000000001,-0.04700000000000001,0.125,0.039,0.08600000000000001,0.04700000000000001,4.007115421209617,0.0,0.2899959823790432,0,0,0
2024-12-18,1734566399000.0,1570.185645094301,0.039,0.08600000000000001,-0.04700000000000001,0.125,0.039,0.08600000000000001,0.04700000000000001,3.600948620984201,0.0,0.8097682212966362,0,0,0
2024-12-19,1734652799000.0,1580.498729951125,0.044,0.08600000000000001,-0.04200000000000001,0.13,0.044,0.08600000000000001,0.08600000000000001,3.0669049089808054,2.0,0.6568067214883122,1,1,1
2024-12-20,1734739199000.0,1578.2685088754358,0.044,0.08600000000000001,-0.04200000000000001,0.13,0.044,0.08600000000000001,0.04200000000000001,2.3514000801216906,0.0,-0.14110869141653604,1,0,1
2024-12-21,1734825599000.0,1583.9445123982618,0.044,0.08600000000000001,-0.04200000000000001,0.13,0.044,0.08600000000000001,0.04200000000000001,2.5051541060446048,0.0,0.3596348460928489,0,0,0
2024-12-22,1734911999000.0,1585.7094498038703,0.048,0.08600000000000001,-0.038000000000000006,0.134,0.048,0.08600000000000001,0.08600000000000001,2.101686029295169,2.0,0.11142671929436077,1,1,1
2024-12-23,1734998399000.0,1580.1766535239722,0.046,0.08600000000000001,-0.04000000000000001,0.132,0.048,0.08600000000000001,0.08600000000000001,2.273876628542326,4.0,-0.34891614479451993,0,0,0
2024-12-24,1735084799000.0,1577.1773094024538,0.045,0.08600000000000001,-0.04100000000000001,0.131,0.046,0.08600000000000001,0.08600000000000001,2.4746465833784037,2.0,-0.18981068444654525,1,0,1
2024-12-25,1735171199000.0,1577.033834266881,0.045,0.08600000000000001,-0.04100000000000001,0.131,0.045,0.08600000000000001,0.04100000000000001,2.4977890014253656,0.0,-0.00909695661467369,1,0,1
2024-12-26,1735257599000.0,1583.7193564134145,0.045,0.08600000000000001,-0.04100000000000001,0.131,0.045,0.08600000000000001,0.04100000000000001,2.41299827408874,0.0,0.42393016568609276,0,0,0
2024-12-27,1735343999000.0,1583.812093903626,0.045,0.08600000000000001,-0.04100000000000001,0.131,0.045,0.08600000000000001,0.04100000000000001,2.2160062892942256,0.0,0.005855677007149396,0,0,0
2024-12-28,1735430399000.0,1580.9445017367157,0.045,0.08600000000000001,-0.04100000000000001,0.131,0.045,0.08600000000000001,0.04100000000000001,2.166878359934843,0.0,-0.18105633729835757,0,0,0
2024-12-29,1735516799000.0,1582.922718731561,0.045,0.08600000000000001,-0.04100000000000001,0.131,0.045,0.08600000000000001,0.04100000000000001,2.146680775206944,0.0,0.12512880703099416,0,0,0
2024-12-30,1735603199000.0,1582.7728009791153,0.045,0.08600000000000001,-0.04100000000000001,0.131,0.045,0.08600000000000001,0.04100000000000001,2.1999462874491837,0.0,-0.009470945780964968,0,0,0
2024-12-31,1735689599000.0,1583.7736027347282,0.045,0.08600000000000001,-0.04100000000000001,0.131,0.045,0.08600000000000001,0.04100000000000001,2.2421404023630798,0.0,0.06323091697013616,1,0,1
2025-01-01,1735775999000.0,1582.8574846419776,0.045,0.08600000000000001,-0.04100000000000001,0.131,0.045,0.08600000000000001,0.04100000000000001,2.03926737281116,0.0,-0.057844005681662036,0,0,0
2025-01-02,1735862399000.0,1578.9935291955371,0.045,0.08600000000000001,-0.04100000000000001,0.131,0.045,0.08600000000000001,0.04100000000000001,2.3487402935037704,0.0,-0.24411265599912912,0,0,0
2025-01-03,1735948799000.0,1572.5701505894938,0.044,0.08600000000000001,-0.04200000000000001,0.13,0.045,0.08600000000000001,0.08600000000000001,2.7007352451958067,2.0,-0.4068020854598342,0,0,0
2025-01-04,1736035199000.0,1570.641028789573,0.043000000000000003,0.08600000000000001,-0.043000000000000003,0.129,0.044,0.08600000000000001,0.043000000000000003,2.798776479167042,2.0,-0.12267317926628607,0,0,0
2025-01-05,1736121599000.0,1571.5908493932238,0.043000000000000003,0.08600000000000001,-0.043000000000000003,0.129,0.043000000000000003,0.08600000000000001,0.043000000000000003,2.808610244641463,0.0,0.06047343640211977,0,0,0
2025-01-06,1736207999000.0,1569.3315123596828,0.043000000000000003,0.08600000000000001,-0.043000000000000003,0.129,0.043000000000000003,0.08600000000000001,0.08600000000000001,3.0003278205130046,2.0,-0.14376114714674815,0,0,0
2025-01-07,1736294399000.0,1655.2594736370545,0.045,0.08600000000000001,-0.04100000000000001,0.131,0.05,0.08600000000000001,0.08600000000000001,2.940860998245076,58.0,5.475449935250998,4,3,4
2025-01-08,1736380799000.0,1811.0063054533382,0.054,0.08600000000000001,-0.03200000000000001,0.14,0.055,0.08600000000000001,0.08600000000000001,0.8550374284636564,100.0,9.409209510462158,2,2,2
2025-01-09,1736467199000.0,1814.4791015562,0.054,0.08600000000000001,-0.03200000000000001,0.14,0.054,0.08600000000000001,0.03200000000000001,0.3677165771268198,0.0,0.1917605749027107,1,0,1
2025-01-10,1736553599000.0,1813.1286704275149,0.055,0.08600000000000001,-0.031000000000000007,0.14100000000000001,0.056,0.08600000000000001,0.08600000000000001,0.30328710879306,4.0,-0.07442527872196791,3,1,3
2025-01-11,1736639999000.0,1812.6356593084483,0.055,0.08600000000000001,-0.031000000000000007,0.14100000000000001,0.055,0.08600000000000001,0.031000000000000007,0.28600812961346866,0.0,-0.02719118213216909,0,0,0
2025-01-12,1736726399000.0,1813.1723439130196,0.055,0.08600000000000001,-0.031000000000000007,0.14100000000000001,0.055,0.08600000000000001,0.031000000000000007,0.2521655397503153,0.0,0.029607969026490544,0,0,0
2025-01-13,1736812799000.0,1816.2147973683066,0.056,0.08600000000000001,-0.030000000000000006,0.14200000000000002,0.056,0.08600000000000001,0.08600000000000001,0.5809205499589964,2.0,0.16779725686313363,1,1,1
2025-01-14,1736899199000.0,1816.2411671892498,0.056,0.08600000000000001,-0.030000000000000006,0.14200000000000002,0.056,0.08600000000000001,0.030000000000000006,0.5618065870336975,0.0,0.0014519109183375178,1,0,1
2025-01-15,1736985599000.0,1806.316242093088,0.053,0.08600000000000001,-0.03300000000000001,0.139,0.057,0.08600000000000001,0.08600000000000001,0.9490174196928103,8.0,-0.5464541425146296,2,2,2
2025-01-16,1737071999000.0,1811.0423835743895,0.053,0.08600000000000001,-0.03300000000000001,0.139,0.053,0.08600000000000001,0.03300000000000001,0.9249871643847274,0.0,0.2616452961650362,0,0,0
2025-01-17,1737158399000.0,1804.8757973829242,0.052000000000000005,0.08600000000000001,-0.034,0.138,0.053,0.08600000000000001,0.08600000000000001,1.0861491302019632,2.0,-0.34049927530103163,0,0,0
2025-01-18,1737244799000.0,1810.53546194814,0.052000000000000005,0.08600000000000001,-0.034,0.138,0.052000000000000005,0.08600000000000001,0.034,1.0256391374558138,0.0,0.3135764008483255,0,0,0
2025-01-19,1737331199000.0,1815.880951075232,0.057,0.08600000000000001,-0.029000000000000005,0.14300000000000002,0.058,0.08600000000000001,0.08600000000000001,0.9442177535475493,4.0,0.295243547527102,1,1,1
2025-01-20,1737417599000.0,1809.9791560367082,0.054,0.08600000000000001,-0.03200000000000001,0.14,0.057,0.08600000000000001,0.08600000000000001,0.9159587404172109,18.0,-0.3250100197939254,8,4,8
2025-01-21,1737503999000.0,1808.644540606988,0.054,0.08600000000000001,-0.03200000000000001,0.14,0.054,0.08600000000000001,0.03200000000000001,0.8500386003392535,0.0,-0.07373650825033273,0,0,0
2025-01-22,1737590399000.0,1811.379883590749,0.054,0.08600000000000001,-0.03200000000000001,0.14,0.054,0.08600000000000001,0.03200000000000001,0.8481875425325747,0.0,0.15123717913321233,1,0,1
2025-01-23,1737676799000.0,1807.5104279193852,0.055,0.08600000000000001,-0.031000000000000007,0.14100000000000001,0.057,0.08600000000000001,0.08600000000000001,0.8547112121666478,10.0,-0.21361922512318499,3,3,3
2025-01-24,1737763199000.0,1808.3063297592726,0.053,0.08600000000000001,-0.03300000000000001,0.139,0.055,0.08600000000000001,0.03300000000000001,1.0077539378649192,2.0,0.044033042774938025,0,0,0
2025-01-25,1737849599000.0,1808.013638547391,0.053,0.08600000000000001,-0.03300000000000001,0.139,0.053,0.08600000000000001,0.03300000000000001,0.8746353026208409,0.0,-0.016185930838408247,0,0,0
2025-01-26,1737935999000.0,1810.7038558705858,0.055,0.08600000000000001,-0.031000000000000007,0.14100000000000001,0.055,0.08600000000000001,0.08600000000000001,0.8923899308636685,2.0,0.14879408350902956,1,1,1
2025-01-27,1738022399000.0,1865.9819180214308,0.058,0.08600000000000001,-0.028000000000000004,0.14400000000000002,0.062,0.08600000000000001,0.08600000000000001,0.8020934126686252,38.0,3.0528494193915234,5,1,5
2025-01-28,1738108799000.0,1868.6701342850529,0.059000000000000004,0.08600000000000001,-0.027000000000000003,0.14500000000000002,0.059000000000000004,0.08600000000000001,0.08600000000000001,0.7832001119944754,2.0,0.144064432653912,2,1,2
2025-01-29,1738195199000.0,1867.1294151654547,0.06,0.08600000000000001,-0.02600000000000001,0.14600000000000002,0.061,0.08600000000000001,0.08600000000000001,0.7476262076784534,6.0,-0.08245003178090071,2,2,2
2025-01-30,1738281599000.0,1863.8774286616042,0.058,0.08600000000000001,-0.028000000000000004,0.14400000000000002,0.06,0.08600000000000001,0.028000000000000004,0.8955200841773481,4.0,-0.17417038569671472,0,0,0
2025-01-31,1738367999000.0,1862.8387569741026,0.056,0.08600000000000001,-0.030000000000000006,0.14200000000000002,0.058,0.08600000000000001,0.08600000000000001,1.1071517395486175,4.0,-0.05572639442538163,0,0,0
2025-02-01,1738454399000.0,1868.3581813985177,0.056,0.08600000000000001,-0.030000000000000006,0.14200000000000002,0.056,0.08600000000000001,0.030000000000000006,0.9386219374339144,0.0,0.2962910452529277,0,0,0
2025-02-02,1738540799000.0,1875.7824147152696,0.056,0.08600000000000001,-0.030000000000000006,0.14200000000000002,0.056,0.08600000000000001,0.030000000000000006,0.6697026166452291,0.0,0.3973667035939821,3,0,3
2025-02-03,1738627199000.0,1875.4761556686194,0.056,0.08600000000000001,-0.030000000000000006,0.14200000000000002,0.056,0.08600000000000001,0.030000000000000006,1.2186105661968871,0.0,-0.0163270027614959,2,0,2
2025-02-04,1738713599000.0,1879.8878225713338,0.056,0.08600000000000001,-0.030000000000000006,0.14200000000000002,0.056,0.08600000000000001,0.030000000000000006,1.1793105324958475,0.0,0.23522916510456682,1,0,1
2025-02-05,1738799999000.0,1878.2142653183403,0.056,0.08600000000000001,-0.030000000000000006,0.14200000000000002,0.056,0.08600000000000001,0.030000000000000006,1.0802687807138778,0.0,-0.08902431479684836,0,0,0
2025-02-06,1738886399000.0,1881.2590344187092,0.056,0.08600000000000001,-0.030000000000000006,0.14200000000000002,0.056,0.08600000000000001,0.030000000000000006,1.1313370277642787,0.0,0.16210978462847248,2,0,2
2025-02-07,1738972799000.0,1883.208459036,0.056,0.08600000000000001,-0.030000000000000006,0.14200000000000002,0.056,0.08600000000000001,0.030000000000000006,1.0370616978348401,0.0,0.10362340228671219,0,0,0
2025-02-08,1739059199000.0,1882.8922449137767,0.056,0.08600000000000001,-0.030000000000000006,0.14200000000000002,0.056,0.08600000000000001,0.030000000000000006,0.8309836948917848,0.0,-0.016791243725888805,0,0,0
2025-02-09,1739145599000.0,1883.0635653763566,0.056,0.08600000000000001,-0.030000000000000006,0.14200000000000002,0.056,0.08600000000000001,0.030000000000000006,0.8585998720341492,0.0,0.009098792723949423,0,0,0
2025-02-10,1739231999000.0,1882.0454830559572,0.056,0.08600000000000001,-0.030000000000000006,0.14200000000000002,0.056,0.08600000000000001,0.030000000000000006,0.8719174038319233,0.0,-0.05406521262046882,0,0,0
2025-02-11,1739318399000.0,1883.8146200359108,0.056,0.08600000000000001,-0.030000000000000006,0.14200000000000002,0.056,0.08600000000000001,0.030000000000000006,0.9213508493937761,0.0,0.09400075587338019,0,0,0
2025-02-12,1739404799000.0,1879.741147275687,0.056,0.08600000000000001,-0.030000000000000006,0.14200000000000002,0.056,0.08600000000000001,0.030000000000000006,1.0245833964451778,0.0,-0.21623533000005857,0,0,0
2025-02-13,1739491199000.0,1881.6385024818417,0.056,0.08600000000000001,-0.030000000000000006,0.14200000000000002,0.056,0.08600000000000001,0.030000000000000006,0.9707523338412294,0.0,0.10093704704525752,2,0,2
2025-02-14,1739577599000.0,1880.1230272029316,0.056,0.08600000000000001,-0.030000000000000006,0.14200000000000002,0.056,0.08600000000000001,0.030000000000000006,1.0245076707738332,0.0,-0.08054019286442005,1,0,1
2025-02-15,1739663999000.0,1881.1421723839096,0.056,0.08600000000000001,-0.030000000000000006,0.14200000000000002,0.056,0.08600000000000001,0.030000000000000006,0.941446426855852,0.0,0.054206302791492966,0,0,0
2025-02-16,1739750399000.0,1882.109271404372,0.056,0.08600000000000001,-0.030000000000000006,0.14200000000000002,0.056,0.08600000000000001,0.030000000000000006,0.9173897987805768,0.0,0.0514102035805708,0,0,0
2025-02-17,1739836799000.0,1879.6283059219443,0.056,0.08600000000000001,-0.030000000000000006,0.14200000000000002,0.056,0.08600000000000001,0.030000000000000006,1.113887932977986,0.0,-0.13181835508289108,0,0,0
2025-02-18,1739923199000.0,1881.814566145695,0.056,0.08600000000000001,-0.030000000000000006,0.14200000000000002,0.056,0.08600000000000001,0.030000000000000006,0.9660647106755182,0.0,0.11631343371785174,0,0,0
2025-02-19,1740009599000.0,1880.5147823433895,0.056,0.08600000000000001,-0.030000000000000006,0.14200000000000002,0.056,0.08600000000000001,0.030000000000000006,0.9358832798691985,0.0,-0.06907076954811853,1,0,1
2025-02-20,1740095999000.0,1879.8328201625318,0.056,0.08600000000000001,-0.030000000000000006,0.14200000000000002,0.056,0.08600000000000001,0.030000000000000006,0.9854114064295927,0.0,-0.03626465408624879,0,0,0
2025-02-21,1740182399000.0,1882.140290597601,0.056,0.08600000000000001,-0.030000000000000006,0.14200000000000002,0.056,0.08600000000000001,0.030000000000000006,1.1000831467642413,0.0,0.12274870458266474,0,0,0
2025-02-22,1740268799000.0,1879.1067265854952,0.056,0.08600000000000001,-0.030000000000000006,0.14200000000000002,0.056,0.08600000000000001,0.030000000000000006,1.0267421234514185,0.0,-0.16117629632925734,0,0,0
2025-02-23,1740355199000.0,1877.4343632509647,0.056,0.08600000000000001,-0.030000000000000006,0.14200000000000002,0.056,0.08600000000000001,0.030000000000000006,1.1008923226351386,0.0,-0.08899778340792919,0,0,0
2025-02-24,1740441599000.0,1886.622677480898,0.056,0.08600000000000001,-0.030000000000000006,0.14200000000000002,0.056,0.08600000000000001,0.030000000000000006,1.0950123881208973,0.0,0.4894080139250745,1,0,1
2025-02-25,1740527999000.0,1887.1567112860855,0.056,0.08600000000000001,-0.030000000000000006,0.14200000000000002,0.056,0.08600000000000001,0.030000000000000006,0.6106854625323455,0.0,0.0283063387057636,2,0,2
2025-02-26,1740614399000.0,1891.932445105051,0.056,0.08600000000000001,-0.030000000000000006,0.14200000000000002,0.056,0.08600000000000001,0.030000000000000006,0.5703318654405987,0.0,0.25306503643309775,1,0,1
2025-02-27,1740700799000.0,1892.8267574358788,0.056,0.08600000000000001,-0.030000000000000006,0.14200000000000002,0.056,0.08600000000000001,0.030000000000000006,0.3685793726660114,0.0,0.04726978138893667,1,0,1
2025-02-28,1740787199000.0,1894.9222323417089,0.056,0.08600000000000001,-0.030000000000000006,0.14200000000000002,0.056,0.08600000000000001,0.030000000000000006,0.36371514844357744,0.0,0.1107061117769037,6,0,6
2025-03-01,1740873599000.0,1895.5241705568803,0.056,0.08600000000000001,-0.030000000000000006,0.14200000000000002,0.056,0.08600000000000001,0.030000000000000006,0.3176161533264277,0.0,0.031765853231213725,0,0,0
2025-03-02,1740959999000.0,1886.4906240244798,0.056,0.08600000000000001,-0.030000000000000006,0.14200000000000002,0.056,0.08600000000000001,0.030000000000000006,0.7347987910613418,0.0,-0.4765724791442105,2,0,2
2025-03-03,1741046399000.0,1897.5928534367738,0.056,0.08600000000000001,-0.030000000000000006,0.14200000000000002,0.056,0.08600000000000001,0.030000000000000006,0.6947174907491083,0.0,0.5885123027332906,1,0,1
2025-03-04,1741132799000.0,1896.9142757461138,0.056,0.08600000000000001,-0.030000000000000006,0.14200000000000002,0.056,0.08600000000000001,0.030000000000000006,0.34014084544989887,0.0,-0.03575992022898378,0,0,0
2025-03-05,1741219199000.0,1894.8266388161283,0.056,0.08600000000000001,-0.030000000000000006,0.14200000000000002,0.056,0.08600000000000001,0.030000000000000006,0.41738424435306953,0.0,-0.1100543633773099,0,0,0
2025-03-06,1741305599000.0,1896.0018157999937,0.056,0.08600000000000001,-0.030000000000000006,0.14200000000000002,0.056,0.08600000000000001,0.030000000000000006,0.49269172792815175,0.0,0.06202029039446,0,0,0
2025-03-07,1741391999000.0,1897.8244008695765,0.056,0.08600000000000001,-0.030000000000000006,0.14200000000000002,0.056,0.08600000000000001,0.030000000000000006,0.387914011870949,0.0,0.09612781245220692,2,0,2
2025-03-08,1741478399000.0,1895.9714143499582,0.056,0.08600000000000001,-0.030000000000000006,0.14200000000000002,0.056,0.08600000000000001,0.030000000000000006,0.3536914858265794,0.0,-0.09763740621994144,1,0,1
2025-03-09,1741564799000.0,1901.4839292754814,0.056,0.08600000000000001,-0.030000000000000006,0.14200000000000002,0.056,0.08600000000000001,0.030000000000000006,0.32176077338557096,0.0,0.2907488416650672,0,0,0
2025-03-10,1741651199000.0,1906.1130922811767,0.056,0.08600000000000001,-0.030000000000000006,0.14200000000000002,0.056,0.08600000000000001,0.030000000000000006,0.24200607053872503,0.0,0.2434500199777645,1,0,1
2025-03-11,1741737599000.0,1904.3817269412853,0.056,0.08600000000000001,-0.030000000000000006,0.14200000000000002,0.056,0.08600000000000001,0.030000000000000006,0.31062571817646045,0.0,-0.09083224636055043,2,0,2
2025-03-12,1741823999000.0,1904.8362918017126,0.056,0.08600000000000001,-0.030000000000000006,0.14200000000000002,0.056,0.08600000000000001,0.030000000000000006,0.3002301107954186,0.0,0.023869419349953347,0,0,0
2025-03-13,1741910399000.0,1906.1591795124632,0.056,0.08600000000000001,-0.030000000000000006,0.14200000000000002,0.056,0.08600000000000001,0.030000000000000006,0.2401076461106988,0.0,0.06944889261319975,0,0,0
2025-03-14,1741996799000.0,1904.7544995589988,0.056,0.08600000000000001,-0.030000000000000006,0.14200000000000002,0.056,0.08600000000000001,0.030000000000000006,0.2843389132857532,0.0,-0.07369163963649727,1,0,1
2025-03-15,1742083199000.0,1904.0016236698125,0.056,0.08600000000000001,-0.030000000000000006,0.14200000000000002,0.056,0.08600000000000001,0.030000000000000006,0.29951391472551325,0.0,-0.03952613784928838,0,0,0
2025-03-16,1742169599000.0,1905.5004021186535,0.056,0.08600000000000001,-0.030000000000000006,0.14200000000000002,0.056,0.08600000000000001,0.030000000000000006,0.27739972765064014,0.0,0.07871728837878234,0,0,0
2025-03-17,1742255999000.0,1904.3243254701827,0.056,0.08600000000000001,-0.030000000000000006,0.14200000000000002,0.056,0.08600000000000001,0.030000000000000006,0.2964995194750797,0.0,-0.06172009447823479,0,0,0
2025-03-18,1742342399000.0,1904.1724657587388,0.056,0.08600000000000001,-0.030000000000000006,0.14200000000000002,0.056,0.08600000000000001,0.030000000000000006,0.2669007941198731,0.0,-0.007974466818116976,0,0,0
2025-03-19,1742428799000.0,1900.441841081658,0.056,0.08600000000000001,-0.030000000000000006,0.14200000000000002,0.056,0.08600000000000001,0.030000000000000006,0.47300675680732596,0.0,-0.1959184235759026,0,0,0
2025-03-20,1742515199000.0,1902.6225152893783,0.056,0.08600000000000001,-0.030000000000000006,0.14200000000000002,0.056,0.08600000000000001,0.030000000000000006,0.4734680672819569,0.0,0.11474564285951505,0,0,0
2025-03-21,1742601599000.0,1902.6278284793927,0.056,0.08600000000000001,-0.030000000000000006,0.14200000000000002,0.056,0.08600000000000001,0.030000000000000006,0.36459128318594436,0.0,0.00027925613050872045,0,0,0
2025-03-22,1742687999000.0,1902.724858964159,0.056,0.08600000000000001,-0.030000000000000006,0.14200000000000002,0.056,0.08600000000000001,0.030000000000000006,0.3798557221726728,0.0,0.005099814231335209,0,0,0
2025-03-23,1742774399000.0,1901.9641994655644,0.056,0.08600000000000001,-0.030000000000000006,0.14200000000000002,0.056,0.08600000000000001,0.030000000000000006,0.4010234398130641,0.0,-0.03997737744430019,0,0,0
2025-03-24,1742860799000.0,1899.7234735249015,0.056,0.08600000000000001,-0.030000000000000006,0.14200000000000002,0.056,0.08600000000000001,0.030000000000000006,0.5281036423589458,0.0,-0.11781115234937856,0,0,0
2025-03-25,1742947199000.0,1900.1708931825074,0.056,0.08600000000000001,-0.030000000000000006,0.14200000000000002,0.056,0.08600000000000001,0.030000000000000006,0.5180914820138938,0.0,0.02355183077122902,0,0,0
2025-03-26,1743033599000.0,1901.8681383785442,0.056,0.08600000000000001,-0.030000000000000006,0.14200000000000002,0.056,0.08600000000000001,0.030000000000000006,0.49175344562654155,0.0,0.08932066069038402,0,0,0
2025-03-27,1743119999000.0,1902.0545691836085,0.056,0.08600000000000001,-0.030000000000000006,0.14200000000000002,0.056,0.08600000000000001,0.030000000000000006,0.4267091607974116,0.0,0.009802509506418033,0,0,0
2025-03-28,1743206399000.0,1905.2593239405003,0.056,0.08600000000000001,-0.030000000000000006,0.14200000000000002,0.056,0.08600000000000001,0.030000000000000006,0.3922810732994164,0.0,0.1684891069275274,0,0,0
2025-03-29,1743292799000.0,1907.3244194975682,0.056,0.08600000000000001,-0.030000000000000006,0.14200000000000002,0.056,0.08600000000000001,0.030000000000000006,0.23051247679577447,0.0,0.10838921143798697,1,0,1
2025-03-30,1743379199000.0,1907.9320909152373,0.056,0.08600000000000001,-0.030000000000000006,0.14200000000000002,0.056,0.08600000000000001,0.030000000000000006,0.13005127493934676,0.0,0.03185988767600012,2,0,2
2025-03-31,1743465599000.0,1907.936470475071,0.056,0.08600000000000001,-0.030000000000000006,0.14200000000000002,0.056,0.08600000000000001,0.030000000000000006,0.13407028007635935,0.0,0.00022954484881765325,0,0,0
2025-04-01,1743551999000.0,1905.0179593604073,0.056,0.08600000000000001,-0.030000000000000006,0.14200000000000002,0.056,0.08600000000000001,0.030000000000000006,0.2512779348330163,0.0,-0.1529668917087723,0,0,0
2025-04-02,1743638399000.0,1908.3249618089976,0.056,0.08600000000000001,-0.030000000000000006,0.14200000000000002,0.056,0.08600000000000001,0.030000000000000006,0.29201197893490294,0.0,0.17359429250214387,2,0,2
2025-04-03,1743724799000.0,1907.659889053014,0.056,0.08600000000000001,-0.030000000000000006,0.14200000000000002,0.056,0.08600000000000001,0.030000000000000006,0.11927800790222376,0.0,-0.034851126998469706,4,0,4
2025-04-04,1743811199000.0,1905.3928041457473,0.106,0.08600000000000001,0.01999999999999999,0.192,0.107,0.08600000000000001,0.08600000000000001,0.25497459222827423,4.0,-0.11884114774736165,6,2,6
2025-04-05,1743897599000.0,1905.1734860222703,0.106,0.08600000000000001,0.01999999999999999,0.192,0.106,0.08600000000000001,0.01999999999999999,0.26990992081467047,0.0,-0.011510388986446518,0,0,0
2025-04-06,1743983999000.0,1900.6680037537574,0.106,0.08600000000000001,0.01999999999999999,0.192,0.106,0.08600000000000001,0.01999999999999999,0.5082504802476073,0.0,-0.2364867190084441,0,0,0
2025-04-07,1744070399000.0,1899.6298363163273,0.121,0.133,-0.01200000000000001,0.254,0.123,0.133,0.133,0.7754970846015286,12.0,-0.05462118767610713,12,1,12
2025-04-08,1744156799000.0,1900.545278905769,0.11800000000000001,0.133,-0.015,0.251,0.121,0.133,0.133,0.5841102601869208,2.0,0.048190577550455416,3,0,3
2025-04-09,1744243199000.0,1893.3611324641454,0.114,0.136,-0.022000000000000006,0.25,0.11800000000000001,0.136,0.136,0.8688398064727432,4.0,-0.3780044875205446,6,0,6
2025-04-10,1744329599000.0,1896.5935829838666,0.114,0.136,-0.022000000000000006,0.25,0.114,0.136,0.022000000000000006,0.8509792814636041,0.0,0.17072551370662659,2,0,2
2025-04-11,1744415999000.0,1895.612553711997,0.114,0.136,-0.022000000000000006,0.25,0.114,0.136,0.022000000000000006,0.7568245729112411,0.0,-0.05172585632848836,0,0,0
2025-04-12,1744502399000.0,1895.6179403106644,0.114,0.136,-0.022000000000000006,0.25,0.114,0.136,0.022000000000000006,0.8483191738869467,0.0,0.00028416137343167946,0,0,0
2025-04-13,1744588799000.0,1894.9381277184734,0.114,0.136,-0.022000000000000006,0.25,0.114,0.136,0.022000000000000006,0.8265432506185832,0.0,-0.0358623210792941,2,0,2
2025-04-14,1744675199000.0,1894.3760805030158,0.114,0.136,-0.022000000000000006,0.25,0.114,0.136,0.022000000000000006,0.8712925996223642,0.0,-0.029660452087387768,2,0,2
2025-04-15,1744761599000.0,1894.6012498163998,0.11800000000000001,0.136,-0.018000000000000002,0.254,0.11800000000000001,0.136,0.136,0.8391040523754834,2.0,0.01188619913972122,2,1,2
2025-04-16,1744847999000.0,1897.8561264954683,0.121,0.136,-0.015000000000000013,0.257,0.123,0.136,0.136,0.8075312713609728,4.0,0.1717974523337773,1,1,1
2025-04-17,1744934399000.0,1897.6726384302226,0.11900000000000001,0.136,-0.017,0.255,0.121,0.136,0.017,0.6526037908271998,2.0,-0.009668175721233574,0,0,0
2025-04-18,1745020799000.0,1897.5861157099416,0.11900000000000001,0.136,-0.017,0.255,0.11900000000000001,0.136,0.017,0.6388944649025396,0.0,-0.004559412331128776,0,0,0
2025-04-19,1745107199000.0,1897.172978355369,0.11900000000000001,0.136,-0.017,0.255,0.11900000000000001,0.136,0.017,0.6596417376927621,0.0,-0.021771731525244142,0,0,0
2025-04-20,1745193599000.0,1897.6144192409422,0.11900000000000001,0.136,-0.017,0.255,0.11900000000000001,0.136,0.017,0.655968578574162,0.0,0.023268351943106502,0,0,0
2025-04-21,1745279999000.0,1898.0024314378654,0.116,0.136,-0.020000000000000004,0.252,0.11900000000000001,0.136,0.136,0.6884557968299121,2.0,0.020447367652187687,4,0,4
2025-04-22,1745366399000.0,1889.9192434142167,0.107,0.136,-0.029000000000000012,0.243,0.116,0.136,0.029000000000000012,1.0632125578527774,6.0,-0.425878696979598,0,0,0
2025-04-23,1745452799000.0,1889.6451259453568,0.105,0.136,-0.031000000000000014,0.241,0.107,0.136,0.136,1.1503674976293343,2.0,-0.014504189521069577,1,0,1
2025-04-24,1745539199000.0,1889.24514767112,0.105,0.136,-0.031000000000000014,0.241,0.105,0.136,0.031000000000000014,1.1179054773292063,0.0,-0.02116684602546659,1,0,1
2025-04-25,1745625599000.0,1888.4210247456933,0.105,0.106,-0.0010000000000000009,0.211,0.105,0.136,0.105,1.1250147518222953,2.0,-0.04362180982402375,4,1,4
2025-04-26,1745711999000.0,1888.38481010223,0.105,0.106,-0.0010000000000000009,0.211,0.105,0.106,0.0010000000000000009,1.111543387456837,0.0,-0.0019177208360199316,0,0,0
2025-04-27,1745798399000.0,1888.832546836157,0.10300000000000001,0.106,-0.002999999999999989,0.20900000000000002,0.105,0.106,0.106,1.1118135691642994,2.0,0.02371003682786199,0,0,0
2025-04-28,1745884799000.0,1888.6140468919243,0.10300000000000001,0.109,-0.0059999999999999915,0.21200000000000002,0.10300000000000001,0.109,0.10300000000000001,1.1003757785658097,2.0,-0.011567989158101089,2,0,2
2025-04-29,1745971199000.0,1888.6309994633289,0.10300000000000001,0.109,-0.0059999999999999915,0.21200000000000002,0.10300000000000001,0.109,0.0059999999999999915,1.1117234676400023,0.0,0.0008976196821386395,0,0,0
2025-04-30,1746057599000.0,1888.6529494134875,0.10300000000000001,0.109,-0.0059999999999999915,0.21200000000000002,0.10300000000000001,0.109,0.0059999999999999915,1.1038122797423555,0.0,0.001162214861705202,1,0,1
2025-05-01,1746143999000.0,1888.3871624954556,0.10300000000000001,0.109,-0.0059999999999999915,0.21200000000000002,0.10300000000000001,0.109,0.0059999999999999915,1.1211445411398513,0.0,-0.01407282995610215,0,0,0
2025-05-02,1746230399000.0,1888.3620827643247,0.10300000000000001,0.109,-0.0059999999999999915,0.21200000000000002,0.10300000000000001,0.109,0.0059999999999999915,1.1205451803385058,0.0,-0.0013281032422263195,0,0,0
2025-05-03,1746316799000.0,1888.4155297241784,0.10300000000000001,0.109,-0.0059999999999999915,0.21200000000000002,0.10300000000000001,0.109,0.0059999999999999915,1.1140056336722104,0.0,0.0028303343061919506,0,0,0
2025-05-04,1746403199000.0,1888.5637727236542,0.10300000000000001,0.109,-0.0059999999999999915,0.21200000000000002,0.10300000000000001,0.109,0.0059999999999999915,1.114424019436111,0.0,0.007850126052355577,0,0,0
2025-05-05,1746489599000.0,1888.564264003345,0.10300000000000001,0.109,-0.0059999999999999915,0.21200000000000002,0.10300000000000001,0.109,0.0059999999999999915,1.1087892899677376,0.0,2.6013402232294425e-05,5,0,5
2025-05-06,1746575999000.0,1888.5151038489257,0.10300000000000001,0.109,-0.0059999999999999915,0.21200000000000002,0.10300000000000001,0.109,0.0059999999999999915,1.1052721553194034,0.0,-0.0026030437701440867,0,0,0
2025-05-07,1746662399000.0,1888.552177443178,0.10300000000000001,0.109,-0.0059999999999999915,0.21200000000000002,0.10300000000000001,0.109,0.0059999999999999915,1.1142005474265693,0.0,0.001963108167712946,3,0,3
2025-05-08,1746748799000.0,1880.0251378117082,0.08700000000000001,0.109,-0.021999999999999992,0.196,0.10300000000000001,0.109,0.109,1.5637334894521904,16.0,-0.4515119959785374,0,0,0
2025-05-09,1746835199000.0,1873.3181501698198,0.077,0.109,-0.032,0.186,0.08700000000000001,0.109,0.109,2.1267344061617566,10.0,-0.3567498916368317,2,0,2
2025-05-10,1746921599000.0,1865.271427447667,0.07200000000000001,0.109,-0.03699999999999999,0.181,0.077,0.109,0.109,2.342566130410717,6.0,-0.4295438402400209,0,0,0
2025-05-11,1747007999000.0,1867.8334497733983,0.07200000000000001,0.109,-0.03699999999999999,0.181,0.07200000000000001,0.109,0.03699999999999999,2.3681352438809977,0.0,0.1373538611073366,2,0,2
2025-05-12,1747094399000.0,1868.5584682555561,0.07200000000000001,0.109,-0.03699999999999999,0.181,0.07200000000000001,0.109,0.03699999999999999,2.400212788158451,0.0,0.03881601340021135,1,0,1
2025-05-13,1747180799000.0,1861.1884016902757,0.069,0.109,-0.039999999999999994,0.178,0.07200000000000001,0.109,0.039999999999999994,2.648556883843922,4.0,-0.3944252583201746,2,0,2
2025-05-14,1747267199000.0,1864.0042231398943,0.069,0.109,-0.039999999999999994,0.178,0.069,0.109,0.039999999999999994,2.615218059875679,0.0,0.15129158590614367,2,0,2
2025-05-15,1747353599000.0,1866.4698174963341,0.069,0.109,-0.039999999999999994,0.178,0.069,0.109,0.039999999999999994,2.4563364158406986,0.0,0.13227407566096527,1,0,1
2025-05-16,1747439999000.0,1866.970089686759,0.069,0.109,-0.039999999999999994,0.178,0.069,0.109,0.039999999999999994,2.4559507364293354,0.0,0.026803122436547255,0,0,0
2025-05-17,1747526399000.0,1869.4385833047686,0.069,0.109,-0.039999999999999994,0.178,0.069,0.109,0.039999999999999994,2.234154126925181,0.0,0.13221923755746268,0,0,0
2025-05-18,1747612799000.0,1868.6108605604506,0.069,0.109,-0.039999999999999994,0.178,0.069,0.109,0.039999999999999994,2.332394969203311,0.0,-0.04427654118781543,2,0,2
2025-05-19,1747699199000.0,1867.3508598754674,0.069,0.109,-0.039999999999999994,0.178,0.069,0.109,0.039999999999999994,2.243541207674349,0.0,-0.06742980636457174,2,0,2
2025-05-20,1747785599000.0,1867.520390797564,0.069,0.109,-0.039999999999999994,0.178,0.069,0.109,0.039999999999999994,2.332066092912144,0.0,0.009078686054087015,1,0,1
2025-05-21,1747871999000.0,1867.06411547516,0.073,0.109,-0.036000000000000004,0.182,0.076,0.109,0.109,2.393305565682502,6.0,-0.024432146746689032,6,1,6
2025-05-22,1747958399000.0,1862.5771195358086,0.07,0.109,-0.03899999999999999,0.179,0.073,0.109,0.03899999999999999,2.5190935881579057,4.0,-0.24032361300080352,0,0,0
2025-05-23,1748044799000.0,1867.9931420635023,0.07,0.109,-0.03899999999999999,0.179,0.07,0.109,0.03899999999999999,2.597150671229176,0.0,0.290781115632055,4,0,4
2025-05-24,1748131199000.0,1867.8554729950454,0.07,0.109,-0.03899999999999999,0.179,0.07,0.109,0.03899999999999999,2.277400175920652,0.0,-0.007369891535302653,1,0,1
2025-05-25,1748217599000.0,1867.0591337558774,0.07,0.109,-0.03899999999999999,0.179,0.07,0.109,0.03899999999999999,2.2319245501081664,0.0,-0.04263387883490788,2,0,2
2025-05-26,1748303999000.0,1866.594886807576,0.07,0.109,-0.03899999999999999,0.179,0.07,0.109,0.03899999999999999,2.3226955686124318,0.0,-0.024865144328212185,3,0,3
2025-05-27,1748390399000.0,1862.8016347999453,0.07,0.109,-0.03899999999999999,0.179,0.07,0.109,0.03899999999999999,2.5536061865935378,0.0,-0.2032177434128868,1,0,1
2025-05-28,1748476799000.0,1862.0446553877684,0.07,0.109,-0.03899999999999999,0.179,0.07,0.109,0.03899999999999999,2.501423306895245,0.0,-0.04063660875293085,1,0,1
2025-05-29,1748563199000.0,1864.2527877865912,0.068,0.109,-0.040999999999999995,0.177,0.07,0.109,0.040999999999999995,2.6835816999737916,2.0,0.11858643628301913,4,0,4
2025-05-30,1748649599000.0,1912.9791430710357,0.075,0.109,-0.034,0.184,0.075,0.109,0.109,2.408958186662613,28.0,2.6137203926242636,6,1,6
2025-05-31,1748735999000.0,1913.0670862835345,0.075,0.109,-0.034,0.184,0.075,0.109,0.034,0.1218907795952906,0.0,0.00459718616470095,0,0,0
2025-06-01,1748822399000.0,1912.7024642077552,0.075,0.109,-0.034,0.184,0.075,0.109,0.034,0.12682742432643668,0.0,-0.019059555119294025,0,0,0
2025-06-02,1748908799000.0,1910.3919525761235,0.075,0.109,-0.034,0.184,0.075,0.109,0.034,0.24560723900407533,0.0,-0.12079827756109607,0,0,0
2025-06-03,1748995199000.0,1910.7732937564515,0.073,0.109,-0.036000000000000004,0.182,0.075,0.109,0.036000000000000004,0.32091653933562503,2.0,0.01996141052698075,0,0,0
2025-06-04,1749081599000.0,1910.2721504399733,0.073,0.109,-0.036000000000000004,0.182,0.073,0.109,0.036000000000000004,0.36902032986395605,0.0,-0.026227251454458145,0,0,0
2025-06-05,1749167999000.0,1917.2621345673365,0.073,0.109,-0.036000000000000004,0.182,0.073,0.109,0.036000000000000004,0.29954846851675265,0.0,0.3659156170890743,0,0,0
2025-06-06,1749254399000.0,1915.0214052241304,0.073,0.109,-0.036000000000000004,0.182,0.073,0.109,0.036000000000000004,0.25084469286769107,0.0,-0.11687130845630112,0,0,0
2025-06-07,1749340799000.0,1913.2904974969472,0.073,0.109,-0.036000000000000004,0.182,0.073,0.109,0.036000000000000004,0.2757719985491236,0.0,-0.09038581618259212,0,0,0
2025-06-08,1749427199000.0,1913.8761765831164,0.073,0.109,-0.036000000000000004,0.182,0.073,0.109,0.036000000000000004,0.28170375349957366,0.0,0.030611090523646745,0,0,0
2025-06-09,1749513599000.0,1907.7167063169438,0.07200000000000001,0.109,-0.03699999999999999,0.181,0.073,0.109,0.03699999999999999,0.5586507905447347,2.0,-0.3218322241290039,0,0,0
2025-06-10,1749599999000.0,1902.313230241697,0.069,0.109,-0.039999999999999994,0.178,0.07200000000000001,0.109,0.109,0.8328486235932964,4.0,-0.28324310718433887,0,0,0
2025-06-11,1749686399000.0,1904.1509461979251,0.067,0.109,-0.041999999999999996,0.176,0.069,0.109,0.041999999999999996,0.9539699306765459,2.0,0.0966042777295284,0,0,0
2025-06-12,1749772799000.0,1909.5784166155888,0.067,0.109,-0.041999999999999996,0.176,0.067,0.109,0.041999999999999996,0.7469638795174149,0.0,0.2850336223869654,0,0,0
2025-06-13,1749859199000.0,1912.250062380956,0.067,0.109,-0.041999999999999996,0.176,0.067,0.109,0.041999999999999996,0.43738236731820646,0.0,0.13990762265223555,0,0,0
2025-06-14,1749945599000.0,1914.29124269429,0.067,0.109,-0.041999999999999996,0.176,0.067,0.109,0.041999999999999996,0.3002321076101988,0.0,0.1067423321609251,0,0,0
2025-06-15,1750031999000.0,1913.602045544198,0.067,0.109,-0.041999999999999996,0.176,0.067,0.109,0.041999999999999996,0.24917840717837425,0.0,-0.03600273222386097,0,0,0
2025-06-16,1750118399000.0,1913.7645334879692,0.067,0.109,-0.041999999999999996,0.176,0.067,0.109,0.041999999999999996,0.5133380925089082,0.0,0.008491208720728949,0,0,0
2025-06-17,1750204799000.0,1915.211143805833,0.067,0.109,-0.041999999999999996,0.176,0.067,0.109,0.041999999999999996,0.37798845384882096,0.0,0.07558977567774239,0,0,0
2025-06-18,1750291199000.0,1914.6226576386869,0.067,0.109,-0.041999999999999996,0.176,0.067,0.109,0.041999999999999996,0.22239976741640355,0.0,-0.03072696026490407,0,0,0
2025-06-19,1750377599000.0,1914.77549536009,0.067,0.109,-0.041999999999999996,0.176,0.067,0.109,0.041999999999999996,0.21987290941285487,0.0,0.007982655004812322,0,0,0
2025-06-20,1750463999000.0,1919.6092027570703,0.067,0.109,-0.041999999999999996,0.176,0.067,0.109,0.041999999999999996,0.31602667482241165,0.0,0.2524425139497355,0,0,0
2025-06-21,1750550399000.0,1924.1990046569938,0.067,0.109,-0.041999999999999996,0.176,0.067,0.109,0.041999999999999996,0.1551870194388738,0.0,0.2391008489296409,0,0,0
2025-06-22,1750636799000.0,1927.1288237704707,0.067,0.109,-0.041999999999999996,0.176,0.067,0.109,0.041999999999999996,0.28670549982309224,0.0,0.15226175184510637,0,0,0
2025-06-23,1750723199000.0,1919.4107317472533,0.067,0.109,-0.041999999999999996,0.176,0.067,0.109,0.041999999999999996,0.6604460909556797,0.0,-0.40049694281033554,0,0,0
2025-06-24,1750809599000.0,1917.8397043164446,0.067,0.109,-0.041999999999999996,0.176,0.067,0.109,0.041999999999999996,0.7667712844045438,0.0,-0.0818494658190505,0,0,0
2025-06-25,1750895999000.0,1919.0862120925985,0.067,0.109,-0.041999999999999996,0.176,0.067,0.109,0.041999999999999996,0.7409377421978225,0.0,0.06499540985351882,0,0,0
2025-06-26,1750982399000.0,1919.2506233325564,0.067,0.109,-0.041999999999999996,0.176,0.067,0.109,0.041999999999999996,0.8494209063548142,0.0,0.00856716279455938,0,0,0
2025-06-27,1751068799000.0,1918.9413584415624,0.067,0.109,-0.041999999999999996,0.176,0.067,0.109,0.041999999999999996,0.7311825073994749,0.0,-0.01611383564158464,0,0,0
2025-06-28,1751155199000.0,1918.419633787955,0.067,0.109,-0.041999999999999996,0.176,0.067,0.109,0.041999999999999996,0.6973230411652653,0.0,-0.027188149930290617,0,0,0
2025-06-29,1751241599000.0,1915.7310242375588,0.067,0.109,-0.041999999999999996,0.176,0.067,0.109,0.041999999999999996,0.8522556927369918,0.0,-0.14014710353477122,0,0,0
2025-06-30,1751327999000.0,1916.3981210159623,0.067,0.109,-0.041999999999999996,0.176,0.067,0.109,0.041999999999999996,0.8565804945245836,0.0,0.03482204808313849,0,0,0
2025-07-01,1751414399000.0,1919.7735361621185,0.067,0.109,-0.041999999999999996,0.176,0.067,0.109,0.041999999999999996,0.8077972971992975,0.0,0.1761332944934635,0,0,0
2025-07-02,1751500799000.0,1912.819460082771,0.067,0.109,-0.041999999999999996,0.176,0.067,0.109,0.041999999999999996,1.064568377778985,0.0,-0.3622341879578994,0,0,0
2025-07-03,1751587199000.0,1911.972415351541,0.067,0.109,-0.041999999999999996,0.176,0.067,0.109,0.041999999999999996,1.1002784312838187,0.0,-0.04428252372512542,0,0,0
2025-07-04,1751673599000.0,1915.4819362229612,0.067,0.109,-0.041999999999999996,0.176,0.067,0.109,0.041999999999999996,1.0240046165177152,0.0,0.1835549950010673,0,0,0
2025-07-05,1751759999000.0,1915.1414815351661,0.067,0.109,-0.041999999999999996,0.176,0.067,0.109,0.041999999999999996,0.871040140516921,0.0,-0.01777383964614021,0,0,0
2025-07-06,1751846399000.0,1912.8979431595992,0.067,0.109,-0.041999999999999996,0.176,0.067,0.109,0.041999999999999996,1.0259831576130085,0.0,-0.11714739601215163,0,0,0
2025-07-07,1751932799000.0,1914.0681679500603,0.067,0.109,-0.041999999999999996,0.176,0.067,0.109,0.041999999999999996,0.9977787605290778,0.0,0.06117549525554988,0,0,0
2025-07-08,1752019199000.0,1911.045940549408,0.067,0.109,-0.041999999999999996,0.176,0.067,0.109,0.041999999999999996,1.076867105538537,0.0,-0.1578954945940625,0,0,0
2025-07-09,1752105599000.0,1904.6192008114595,0.067,0.109,-0.041999999999999996,0.176,0.067,0.109,0.041999999999999996,1.4383944754299272,0.0,-0.33629436119683165,0,0,0
2025-07-10,1752191999000.0,1896.1816670128544,0.064,0.109,-0.045,0.173,0.067,0.109,0.109,1.9258082954074718,4.0,-0.44300371407629546,0,0,0
2025-07-11,1752278399000.0,1895.4696523839982,0.063,0.109,-0.046,0.172,0.064,0.109,0.109,2.0461400739869795,2.0,-0.03754991629983939,0,0,0
2025-07-12,1752364799000.0,1896.2017835745812,0.063,0.109,-0.046,0.172,0.063,0.109,0.046,1.9083494871898088,0.0,0.03862531851470674,0,0,0
2025-07-13,1752451199000.0,1896.220305397385,0.063,0.109,-0.046,0.172,0.063,0.109,0.046,2.005250160953853,0.0,0.0009767854330711145,0,0,0
2025-07-14,1752537599000.0,1893.0174126472104,0.063,0.109,-0.046,0.172,0.063,0.109,0.046,2.1529018146491663,0.0,-0.16890931613050553,0,0,0
2025-07-15,1752623999000.0,1887.2149015915268,0.062,0.109,-0.047,0.17099999999999999,0.063,0.109,0.109,2.297434149138733,2.0,-0.30652180042916033,0,0,0
2025-07-16,1752710399000.0,1875.081434514276,0.055,0.109,-0.054,0.164,0.062,0.109,0.109,3.056833375076251,10.0,-0.6429298044975384,0,0,0
2025-07-17,1752796799000.0,1869.4404644069432,0.054,0.109,-0.055,0.163,0.055,0.109,0.055,3.3375169704778718,2.0,-0.3008386731104373,0,0,0
2025-07-18,1752883199000.0,1865.6699976559314,0.052000000000000005,0.109,-0.056999999999999995,0.161,0.054,0.109,0.109,3.7786113621242845,4.0,-0.2016895869539237,0,0,0
2025-07-19,1752969599000.0,1863.1732048564218,0.052000000000000005,0.109,-0.056999999999999995,0.161,0.052000000000000005,0.109,0.056999999999999995,3.573854691255729,0.0,-0.13382821199068307,0,0,0
2025-07-20,1753055999000.0,1853.9815565760912,0.05,0.109,-0.059,0.159,0.052000000000000005,0.109,0.109,4.193128276992331,4.0,-0.4933330007308112,0,0,0
2025-07-21,1753142399000.0,1853.919002756286,0.049,0.109,-0.06,0.158,0.05,0.109,0.109,4.305554884326934,2.0,-0.0033740260027559366,0,0,0
2025-07-22,1753228799000.0,1854.8715445946673,0.049,0.109,-0.06,0.158,0.049,0.109,0.06,4.120462945798287,0.0,0.05137990586239205,0,0,0
2025-07-23,1753315199000.0,1862.0254357137992,0.049,0.109,-0.06,0.158,0.049,0.109,0.06,4.013582599939481,0.0,0.38568121549868994,0,0,0
2025-07-24,1753401599000.0,1857.3865671541255,0.049,0.109,-0.06,0.158,0.049,0.109,0.06,4.027036310483545,0.0,-0.24913024659598548,0,0,0
2025-07-25,1753487999000.0,1856.385196274021,0.049,0.109,-0.06,0.158,0.049,0.109,0.06,3.940794282513127,0.0,-0.05391289556050394,0,0,0
2025-07-26,1753574399000.0,1855.4962698562524,0.049,0.109,-0.06,0.158,0.049,0.109,0.06,4.065053529451501,0.0,-0.04788480427191377,0,0,0
2025-07-27,1753660799000.0,1847.6656783877168,0.049,0.109,-0.06,0.158,0.049,0.109,0.06,4.34643140678922,0.0,-0.4220214071970263,0,0,0
2025-07-28,1753747199000.0,1852.7870437136398,0.048,0.109,-0.061,0.157,0.049,0.109,0.061,4.526211533843016,2.0,0.2771803030076292,0,0,0
2025-07-29,1753833599000.0,1853.1154835613654,0.048,0.109,-0.061,0.157,0.048,0.109,0.061,4.342182083095514,0.0,0.017726799679440575,0,0,0
2025-07-30,1753919999000.0,1852.0916856175245,0.048,0.109,-0.061,0.157,0.048,0.109,0.061,4.181673485410464,0.0,-0.05524739029612036,0,0,0
2025-07-31,1754006399000.0,1858.9557112100968,0.048,0.109,-0.061,0.157,0.048,0.109,0.061,4.317343237904792,0.0,0.37060938429100965,0,0,0
2025-08-01,1754092799000.0,1871.787109628649,0.048,0.109,-0.061,0.157,0.048,0.109,0.061,3.8260060553285125,0.0,0.690247666535293,1,0,1
2025-08-02,1754179199000.0,1877.5793313952763,0.048,0.109,-0.061,0.157,0.048,0.109,0.061,3.2381167444276104,0.0,0.30944874750080675,0,0,0
2025-08-03,1754265599000.0,1871.327691606595,0.048,0.109,-0.061,0.157,0.048,0.109,0.061,3.188082545225124,0.0,-0.3329627507156041,0,0,0
2025-08-04,1754351999000.0,1857.621097264513,0.048,0.109,-0.061,0.157,0.048,0.109,0.061,3.857447556794824,0.0,-0.7324529211831576,0,0,0
2025-08-05,1754438399000.0,1864.3260009021815,0.048,0.109,-0.061,0.157,0.048,0.109,0.061,3.8213989441812313,0.0,0.3609403256424004,0,0,0
2025-08-06,1754524799000.0,1860.0230286430688,0.048,0.109,-0.061,0.157,0.048,0.109,0.061,3.7398234418245524,0.0,-0.23080578488046122,0,0,0
2025-08-07,1754611199000.0,1846.2049108511744,0.048,0.109,-0.061,0.157,0.048,0.109,0.061,4.458628254151076,0.0,-0.7429003608613871,0,0,0
2025-08-08,1754697599000.0,1839.3223381326002,0.046,0.109,-0.063,0.155,0.048,0.109,0.063,4.943579319222802,4.0,-0.37279571071019424,0,0,0
2025-08-09,1754783999000.0,1822.2184799139563,0.043000000000000003,0.109,-0.066,0.152,0.046,0.109,0.109,5.865819166521701,4.0,-0.929899988927918,0,0,0
2025-08-10,1754870399000.0,1822.966241930727,0.043000000000000003,0.109,-0.066,0.152,0.043000000000000003,0.109,0.066,5.8890009666249465,0.0,0.04103580470800061,0,0,0
2025-08-11,1754956799000.0,1824.9816164700117,0.043000000000000003,0.109,-0.066,0.152,0.043000000000000003,0.109,0.066,5.986705027702854,2.0,0.11055468241421007,0,0,0
2025-08-12,1755043199000.0,1800.1312364322155,0.04,0.109,-0.069,0.149,0.043000000000000003,0.109,0.069,6.916474323514954,6.0,-1.3616783760191153,0,0,0
2025-08-13,1755129599000.0,1789.2412320494843,0.038,0.109,-0.07100000000000001,0.147,0.04,0.109,0.07100000000000001,7.485083639627243,4.0,-0.6049561366600509,0,0,0
2025-08-14,1755215999000.0,1803.7508713179614,0.038,0.109,-0.07100000000000001,0.147,0.038,0.109,0.07100000000000001,7.496368860017489,0.0,0.8109381232991764,0,0,0
2025-08-15,1755302399000.0,1811.3957172051064,0.038,0.109,-0.07100000000000001,0.147,0.038,0.109,0.07100000000000001,7.0446069220658325,0.0,0.42383047507881244,0,0,0
2025-08-16,1755388799000.0,1812.7839564465417,0.038,0.109,-0.07100000000000001,0.147,0.038,0.109,0.07100000000000001,6.390667436991815,0.0,0.07663920303273564,0,0,0
2025-08-17,1755475199000.0,1809.2467195810939,0.038,0.109,-0.07100000000000001,0.147,0.038,0.109,0.07100000000000001,6.683114866638729,0.0,-0.19512732628004237,0,0,0
2025-08-18,1755561599000.0,1820.6002273876938,0.038,0.109,-0.07100000000000001,0.147,0.038,0.109,0.07100000000000001,6.347455740706353,0.0,0.6275267869065848,0,0,0
2025-08-19,1755647999000.0,1837.5190251611086,0.038,0.109,-0.07100000000000001,0.147,0.038,0.109,0.07100000000000001,5.882705802316279,0.0,0.929297795249151,0,0,0
2025-08-20,1755734399000.0,1819.1191637418076,0.038,0.109,-0.07100000000000001,0.147,0.038,0.109,0.07100000000000001,5.948042040451973,0.0,-1.0013426346803578,0,0,0
2025-08-21,1755820799000.0,1827.030377526382,0.038,0.109,-0.07100000000000001,0.147,0.038,0.109,0.07100000000000001,5.826432199261999,0.0,0.4348925536192816,0,0,0
2025-08-22,1755907199000.0,1784.1804501195547,0.037,0.109,-0.07200000000000001,0.146,0.038,0.109,0.07200000000000001,7.817283812175669,2.0,-2.3453319623969127,0,0,0
2025-08-23,1755993599000.0,1788.1362254304415,0.037,0.109,-0.07200000000000001,0.146,0.037,0.109,0.07200000000000001,7.616707106052956,0.0,0.22171385806977195,0,0,0
2025-08-24,1756079999000.0,1788.6071246801785,0.036000000000000004,0.109,-0.073,0.14500000000000002,0.037,0.109,0.073,8.050087375266102,2.0,0.02633464067445246,0,0,0
2025-08-25,1756166399000.0,1818.1918759699877,0.036000000000000004,0.109,-0.073,0.14500000000000002,0.036000000000000004,0.109,0.073,7.449402066995159,0.0,1.6540665013340616,0,0,0
2025-08-26,1756252799000.0,1801.8324803466244,0.036000000000000004,0.109,-0.073,0.14500000000000002,0.036000000000000004,0.109,0.073,6.821833993159087,0.0,-0.89976178199761,0,0,0
2025-08-27,1756339199000.0,1808.5123456257766,0.04,0.109,-0.069,0.149,0.04,0.109,0.109,6.907417965395634,2.0,0.37072621078886314,1,1,1
2025-08-28,1756425599000.0,1808.2997083299663,0.04,0.109,-0.069,0.149,0.04,0.109,0.069,6.807329737353118,0.0,-0.011757580550919577,0,0,0
2025-08-29,1756511999000.0,1818.6799503531943,0.04,0.109,-0.069,0.149,0.04,0.109,0.069,6.385846549422125,0.0,0.5740332742084409,0,0,0
2025-08-30,1756598399000.0,1817.7900104780513,0.04,0.109,-0.069,0.149,0.04,0.109,0.069,6.015971059222314,0.0,-0.048933286748453764,0,0,0
2025-08-31,1756684799000.0,1816.5626963240054,0.04,0.109,-0.069,0.149,0.04,0.109,0.069,6.322893899278636,0.0,-0.06751682795985703,1,0,1
2025-09-01,1756771199000.0,1821.8602276202812,0.04,0.109,-0.069,0.149,0.04,0.109,0.069,6.301640573732936,0.0,0.2916239173575308,0,0,0
2025-09-02,1756857599000.0,1821.0202913014614,0.04,0.109,-0.069,0.149,0.04,0.109,0.069,6.040192799428112,0.0,-0.046103224939320064,0,0,0
2025-09-03,1756943999000.0,1812.572438822783,0.04,0.109,-0.069,0.149,0.04,0.109,0.069,6.285719823046354,0.0,-0.4639076521569585,0,0,0
2025-09-04,1757030399000.0,1823.090533747427,0.04,0.109,-0.069,0.149,0.04,0.109,0.069,6.264533995798216,0.0,0.580285493664201,0,0,0
2025-09-05,1757116799000.0,1822.366402506107,0.04,0.109,-0.069,0.149,0.04,0.109,0.069,6.254359331347548,0.0,-0.03971998251953712,0,0,0
2025-09-06,1757203199000.0,1824.739002904301,0.04,0.109,-0.069,0.149,0.04,0.109,0.069,5.721766496236991,0.0,0.13019337905544326,0,0,0
2025-09-07,1757289599000.0,1822.581055258183,0.04,0.109,-0.069,0.149,0.04,0.109,0.069,5.732224292895038,0.0,-0.11826061933698506,0,0,0
2025-09-08,1757375999000.0,1822.6117869526133,0.04,0.109,-0.069,0.149,0.04,0.109,0.069,5.916143155164266,0.0,0.001686163385805628,0,0,0
2025-09-09,1757462399000.0,1822.3705061953588,0.04,0.109,-0.069,0.149,0.04,0.109,0.069,5.901281654246981,0.0,-0.013238187033670634,0,0,0
2025-09-10,1757548799000.0,1819.6727682700885,0.04,0.109,-0.069,0.149,0.04,0.109,0.069,6.136078280268153,0.0,-0.14803454709670927,0,0,0
2025-09-11,1757635199000.0,1812.262304916629,0.04,0.109,-0.069,0.149,0.04,0.109,0.069,6.2234255734419435,0.0,-0.40724153719705614,0,0,0
2025-09-12,1757721599000.0,1794.1897784162472,0.038,0.109,-0.07100000000000001,0.147,0.04,0.109,0.109,7.157247346103546,2.0,-0.9972356899633938,0,0,0
2025-09-13,1757807999000.0,1797.5391432858469,0.038,0.109,-0.07100000000000001,0.147,0.038,0.109,0.07100000000000001,7.28671871088713,0.0,0.18667840547816894,0,0,0
2025-09-14,1757894399000.0,1802.0638296748414,0.038,0.109,-0.07100000000000001,0.147,0.038,0.109,0.07100000000000001,7.01185265902482,0.0,0.25171559717600545,0,0,0
2025-09-15,1757980799000.0,1807.7973052594316,0.038,0.109,-0.07100000000000001,0.147,0.038,0.109,0.07100000000000001,6.933625692062561,0.0,0.3181616261408893,0,0,0
2025-09-16,1758067199000.0,1809.4402402555015,0.038,0.109,-0.07100000000000001,0.147,0.038,0.109,0.07100000000000001,6.446117728120759,0.0,0.09088048705958585,0,0,0
2025-09-17,1758153599000.0,1803.1943650892945,0.038,0.109,-0.07100000000000001,0.147,0.038,0.109,0.07100000000000001,6.726445519308955,0.0,-0.34518272708056186,0,0,0
2025-09-18,1758239999000.0,1803.4168238587129,0.038,0.109,-0.07100000000000001,0.147,0.038,0.109,0.07100000000000001,6.832535151621277,0.0,0.012336926829692452,0,0,0
2025-09-19,1758326399000.0,1811.855105608358,0.038,0.109,-0.07100000000000001,0.147,0.038,0.109,0.07100000000000001,6.747832553639066,0.0,0.467905236216537,0,0,0
2025-09-20,1758412799000.0,1811.017773831618,0.038,0.109,-0.07100000000000001,0.147,0.038,0.109,0.07100000000000001,6.3373042832016395,0.0,-0.046214058406113256,0,0,0
2025-09-21,1758499199000.0,1813.536573721401,0.038,0.109,-0.07100000000000001,0.147,0.038,0.109,0.07100000000000001,6.294450592449685,0.0,0.1390820082595834,0,0,0
2025-09-22,1758585599000.0,1831.004933696286,0.038,0.109,-0.07100000000000001,0.147,0.038,0.109,0.07100000000000001,6.139974053065423,0.0,0.963220716251656,0,0,0
2025-09-23,1758671999000.0,1833.4743575412022,0.038,0.109,-0.07100000000000001,0.147,0.038,0.109,0.07100000000000001,5.282043568480777,0.0,0.13486713222181645,0,0,0
2025-09-24,1758758399000.0,1834.2974703916027,0.038,0.109,-0.07100000000000001,0.147,0.038,0.109,0.07100000000000001,5.212597726006917,0.0,0.044893611247687204,0,0,0
2025-09-25,1758844799000.0,1853.9654806878716,0.038,0.109,-0.07100000000000001,0.147,0.038,0.109,0.07100000000000001,5.059973424526354,0.0,1.0722366799137628,0,0,0
2025-09-26,1758931199000.0,1842.8456530629937,0.038,0.109,-0.07100000000000001,0.147,0.038,0.109,0.07100000000000001,4.714517016708452,0.0,-0.5997861201143873,0,0,0
2025-09-27,1759017599000.0,1843.8387051391915,0.038,0.109,-0.07100000000000001,0.147,0.038,0.109,0.07100000000000001,4.598693048746627,0.0,0.05388688274283737,0,0,0
2025-09-28,1759103999000.0,1835.2012340296533,0.038,0.109,-0.07100000000000001,0.147,0.038,0.109,0.07100000000000001,4.98174367971812,0.0,-0.4684504715875448,0,0,0
2025-09-29,1759190399000.0,1829.9997163303158,0.038,0.109,-0.07100000000000001,0.147,0.038,0.109,0.07100000000000001,5.312625884098265,0.0,-0.2834303728052934,0,0,0
2025-09-30,1759276799000.0,1834.985576803656,0.038,0.109,-0.07100000000000001,0.147,0.038,0.109,0.07100000000000001,5.319999987777491,0.0,0.2724514342187012,0,0,0
2025-10-01,1759363199000.0,1820.566203313574,0.038,0.109,-0.07100000000000001,0.147,0.038,0.109,0.07100000000000001,5.748121642640703,0.0,-0.7858030968940222,0,0,0
2025-10-02,1759449599000.0,1810.9608046426415,0.038,0.109,-0.07100000000000001,0.147,0.038,0.109,0.07100000000000001,6.353468068742574,0.0,-0.5276050194412019,0,0,0
2025-10-03,1759535999000.0,1808.9070925960136,0.038,0.109,-0.07100000000000001,0.147,0.038,0.109,0.07100000000000001,6.604596410995011,0.0,-0.11340455527049098,0,0,0
2025-10-04,1759622399000.0,1808.9410007183278,0.038,0.109,-0.07100000000000001,0.147,0.038,0.109,0.07100000000000001,6.3548358905393005,0.0,0.0018745087822846784,0,0,0
2025-10-05,1759708799000.0,1808.9358012843068,0.038,0.109,-0.07100000000000001,0.147,0.038,0.109,0.07100000000000001,6.723027320486652,0.0,-0.00028742971821538177,0,0,0
2025-10-06,1759795199000.0,1796.9668641350202,0.038,0.109,-0.07100000000000001,0.147,0.038,0.109,0.07100000000000001,7.143034234725876,0.0,-0.6616562699897299,0,0,0
2025-10-07,1759881599000.0,1813.8477272610044,0.038,0.109,-0.07100000000000001,0.147,0.038,0.109,0.07100000000000001,7.214148050038494,0.0,0.93940870379432,0,0,0
2025-10-08,1759967999000.0,1813.8791519497568,0.038,0.109,-0.07100000000000001,0.147,0.038,0.109,0.07100000000000001,6.487652553470524,0.0,0.0017324876989466276,0,0,0
2025-10-09,1760054399000.0,1819.5834009714736,0.038,0.109,-0.07100000000000001,0.147,0.038,0.109,0.07100000000000001,6.390586538829346,0.0,0.31447789758127787,0,0,0
2025-10-10,1760140799000.0,1858.2556934594725,0.038,0.109,-0.07100000000000001,0.147,0.038,0.109,0.07100000000000001,5.879261998789276,0.0,2.125337726611032,0,0,0
2025-10-11,1760227199000.0,1863.624168881885,0.038,0.109,-0.07100000000000001,0.147,0.038,0.109,0.07100000000000001,3.962385138467228,0.0,0.2888986398001059,0,0,0
2025-10-12,1760313599000.0,1834.8503768742341,0.038,0.109,-0.07100000000000001,0.147,0.038,0.109,0.07100000000000001,5.114916288675153,0.0,-1.5439696741491704,0,0,0
2025-10-13,1760399999000.0,1828.5098754303292,0.038,0.109,-0.07100000000000001,0.147,0.038,0.109,0.07100000000000001,5.494579043326519,0.0,-0.3455595902433384,0,0,0
2025-10-14,1760486399000.0,1836.8320378161277,0.038,0.109,-0.07100000000000001,0.147,0.038,0.109,0.07100000000000001,5.3939624476261105,0.0,0.4551335761224573,0,0,0
2025-10-15,1760572799000.0,1846.7247156479377,0.038,0.109,-0.07100000000000001,0.147,0.038,0.109,0.07100000000000001,5.18734094833968,0.0,0.5385728051418237,0,0,0
2025-10-16,1760659199000.0,1853.2925670647066,0.038,0.109,-0.07100000000000001,0.147,0.038,0.109,0.07100000000000001,4.713411177862725,0.0,0.3556486443873963,0,0,0
2025-10-17,1760745599000.0,1857.6984272526772,0.038,0.109,-0.07100000000000001,0.147,0.038,0.109,0.07100000000000001,4.239397670424793,0.0,0.23773149832186924,0,0,0
2025-10-18,1760831999000.0,1853.673376930988,0.038,0.109,-0.07100000000000001,0.147,0.038,0.109,0.07100000000000001,4.157878038643437,0.0,-0.2166686617505409,0,0,0
2025-10-19,1760918399000.0,1853.7077202341538,0.038,0.109,-0.07100000000000001,0.147,0.038,0.109,0.07100000000000001,4.526830950719429,0.0,0.0018527159958869888,0,0,0
2025-10-20,1761004799000.0,1847.319638158912,0.038,0.109,-0.07100000000000001,0.147,0.038,0.109,0.07100000000000001,4.732080899003687,0.0,-0.3446110735534358,0,0,0
2025-10-21,1761091199000.0,1854.8862912069644,0.038,0.109,-0.07100000000000001,0.147,0.038,0.109,0.07100000000000001,4.816573088275722,0.0,0.4096017219626047,1,0,1
2025-10-22,1761177599000.0,1859.6842282077362,0.038,0.109,-0.07100000000000001,0.147,0.038,0.109,0.07100000000000001,4.018105029708863,0.0,0.2586647506920725,0,0,0
2025-10-23,1761263999000.0,1856.0769317366244,0.038,0.109,-0.07100000000000001,0.147,0.038,0.109,0.07100000000000001,4.167025776623623,0.0,-0.193973601345665,0,0,0
2025-10-24,1761350399000.0,1850.5704637634585,0.038,0.109,-0.07100000000000001,0.147,0.038,0.109,0.07100000000000001,4.417539814191884,0.0,-0.2966723996733145,1,0,1
2025-10-25,1761436799000.0,1849.2353187688736,0.038,0.109,-0.07100000000000001,0.147,0.038,0.109,0.07100000000000001,4.300987595208672,0.0,-0.07214775231361159,0,0,0
2025-10-26,1761523199000.0,1834.7565742074974,0.038,0.109,-0.07100000000000001,0.147,0.038,0.109,0.07100000000000001,5.060895684667665,0.0,-0.7829584701537828,0,0,0
2025-10-27,1761609599000.0,1837.5752603204767,0.038,0.109,-0.07100000000000001,0.147,0.038,0.109,0.07100000000000001,5.3418398637658076,0.0,0.1536272523888771,0,0,0
2025-10-28,1761695999000.0,1847.6223421756367,0.038,0.109,-0.07100000000000001,0.147,0.038,0.109,0.07100000000000001,5.0595338007989765,0.0,0.5467575708114403,0,0,0
2025-10-29,1761782399000.0,1853.0466667772282,0.038,0.109,-0.07100000000000001,0.147,0.038,0.109,0.07100000000000001,4.545490827682097,0.0,0.2935840554517233,0,0,0
2025-10-30,1761868799000.0,1859.9884890833223,0.038,0.109,-0.07100000000000001,0.147,0.038,0.109,0.07100000000000001,4.223291227696224,0.0,0.37461670181071494,0,0,0
2025-10-31,1761955199000.0,1856.9135341262886,0.038,0.109,-0.07100000000000001,0.147,0.038,0.109,0.07100000000000001,4.052405357941124,0.0,-0.16532118209769964,0,0,0
2025-11-01,1762041599000.0,1855.154845663529,0.038,0.109,-0.07100000000000001,0.147,0.038,0.109,0.07100000000000001,4.0522182148157615,0.0,-0.09471030451545515,0,0,0
2025-11-02,1762127999000.0,1852.8866548530998,0.038,0.109,-0.07100000000000001,0.147,0.038,0.109,0.07100000000000001,4.095415897892185,0.0,-0.1222642312436073,1,0,1
2025-11-03,1762214399000.0,2253.559962504574,0.063,0.109,-0.046,0.172,0.063,0.109,0.109,4.091304229013537,188.0,21.624275106198553,7,1,7
2025-11-04,1762300799000.0,2268.128921602861,0.063,0.109,-0.046,0.172,0.063,0.109,0.046,0.47730003002999233,0.0,0.6464864188523878,3,0,3
2025-11-05,1762387199000.0,2261.83822181006,0.063,0.109,-0.046,0.172,0.063,0.109,0.046,0.8441335609992162,0.0,-0.2773519500097521,3,0,3
2025-11-06,1762473599000.0,2266.8927857826216,0.063,0.109,-0.046,0.172,0.063,0.109,0.046,0.7930347560455187,0.0,0.223471507547357,3,0,3
2025-11-07,1762559999000.0,2261.3726000663037,0.063,0.109,-0.046,0.172,0.063,0.109,0.046,0.8256071068894255,0.0,-0.24351331262506548,3,0,3
2025-11-08,1762646399000.0,2262.9868729573514,0.063,0.109,-0.046,0.172,0.063,0.109,0.046,0.8376029243223893,0.0,0.07138464890750207,2,0,2
2025-11-09,1762732799000.0,2254.736353472664,0.063,0.109,-0.046,0.172,0.063,0.109,0.046,1.1028922570622601,0.0,-0.3645853885977268,0,0,0
2025-11-10,1762819199000.0,2255.38949357165,0.063,0.109,-0.046,0.172,0.063,0.109,0.046,1.2008886617430825,0.0,0.02896747098524166,0,0,0
2025-11-11,1762905599000.0,2262.2927244056286,0.063,0.109,-0.046,0.172,0.063,0.109,0.046,1.1725342221007518,0.0,0.3060771034739007,3,0,3
2025-11-12,1762991999000.0,2262.440380106251,0.063,0.109,-0.046,0.172,0.063,0.109,0.046,1.053096020848776,0.0,0.006526816756702303,3,0,3
2025-11-13,1763078399000.0,2270.9034873294418,0.063,0.109,-0.046,0.172,0.063,0.109,0.046,0.9923595762237447,0.0,0.3740698450048763,3,0,3
2025-11-14,1763164799000.0,2277.8128774631014,0.063,0.074,-0.010999999999999996,0.137,0.063,0.109,0.063,0.3740285036177293,4.0,0.3042573219078193,4,1,4
2025-11-15,1763251199000.0,2277.1862621460614,0.063,0.074,-0.010999999999999996,0.137,0.063,0.074,0.010999999999999996,0.0896954154516294,0.0,-0.02750951683695435,0,0,0
2025-11-16,1763337599000.0,2277.28971805702,0.063,0.076,-0.012999999999999998,0.139,0.063,0.076,0.012999999999999998,0.10150619810965766,2.0,0.0045431466313639035,2,0,2
2025-11-17,1763423999000.0,2277.4816209364853,0.063,0.077,-0.013999999999999999,0.14,0.063,0.077,0.063,0.13191033266088947,6.0,0.008426810077954983,5,1,5
2025-11-18,1763510399000.0,2276.198951639407,0.063,0.077,-0.013999999999999999,0.14,0.063,0.077,0.013999999999999999,0.16115488441920123,0.0,-0.056319633286483484,5,0,5
2025-11-19,1763596799000.0,2277.0629777243917,0.063,0.078,-0.015,0.14100000000000001,0.063,0.078,0.015,0.13334042397339374,2.0,0.037959163647038885,3,0,3
2025-11-20,1763683199000.0,2279.734829544113,0.063,0.081,-0.018000000000000002,0.14400000000000002,0.063,0.081,0.063,0.12292059654875898,4.0,0.11733763386692075,7,0,7
2025-11-21,1763769599000.0,2279.307172009593,0.063,0.08700000000000001,-0.024000000000000007,0.15000000000000002,0.063,0.08700000000000001,0.063,0.21292801652115223,6.0,-0.018759091144182616,6,0,6
2025-11-22,1763855999000.0,2279.2171017230708,0.063,0.08700000000000001,-0.024000000000000007,0.15000000000000002,0.063,0.08700000000000001,0.024000000000000007,0.17195818591578815,0.0,-0.003951651959355207,1,0,1
2025-11-23,1763942399000.0,2278.4507053466414,0.063,0.08700000000000001,-0.024000000000000007,0.15000000000000002,0.063,0.08700000000000001,0.024000000000000007,0.23589694747149226,0.0,-0.03362542233690258,1,0,1
2025-11-24,1764028799000.0,2274.833057116856,0.063,0.08700000000000001,-0.024000000000000007,0.15000000000000002,0.063,0.08700000000000001,0.024000000000000007,0.3664353935863618,0.0,-0.1587766731707796,1,0,1
2025-11-25,1764115199000.0,2275.470614960068,0.063,0.079,-0.016,0.14200000000000002,0.063,0.08700000000000001,0.063,0.3416954564130825,2.0,0.028026577212658665,2,1,2
2025-11-26,1764201599000.0,2274.4043328265248,0.063,0.079,-0.016,0.14200000000000002,0.063,0.079,0.016,0.36792558310025925,0.0,-0.04685985072858667,1,0,1
2025-11-27,1764287999000.0,2274.586168170591,0.063,0.079,-0.016,0.14200000000000002,0.063,0.079,0.016,0.38667657864674965,0.0,0.007994855683390867,1,0,1
2025-11-28,1764374399000.0,2274.5870737998707,0.063,0.079,-0.016,0.14200000000000002,0.063,0.079,0.016,0.4033072862674292,0.0,3.9815122954145465e-05,1,0,1
2025-11-29,1764460799000.0,2274.3280036210376,0.063,0.079,-0.016,0.14200000000000002,0.063,0.079,0.016,0.37271911240803757,0.0,-0.011389767479874635,0,0,0
2025-11-30,1764547199000.0,2274.987848201834,0.063,0.079,-0.016,0.14200000000000002,0.063,0.079,0.016,0.3737277398074501,0.0,0.029012727264743354,0,0,0
2025-12-01,1764633599000.0,2280.519896773401,0.063,0.084,-0.021000000000000005,0.14700000000000002,0.063,0.084,0.063,0.34683367305990975,10.0,0.24316826904986488,5,2,5
2025-12-02,1764719999000.0,2276.3837394514326,0.063,0.084,-0.021000000000000005,0.14700000000000002,0.063,0.084,0.021000000000000005,0.3006400058661929,0.0,-0.1813690521981548,1,0,1
2025-12-03,1764806399000.0,2272.35707672469,0.063,0.084,-0.021000000000000005,0.14700000000000002,0.063,0.084,0.021000000000000005,0.4717506082539291,0.0,-0.17688857361600752,0,0,0
2025-12-04,1764892799000.0,2273.5242247479136,0.063,0.084,-0.021000000000000005,0.14700000000000002,0.063,0.084,0.021000000000000005,0.49037837263252726,0.0,0.05136287932818728,1,0,1
2025-12-05,1764979199000.0,2275.8701302855134,0.063,0.084,-0.021000000000000005,0.14700000000000002,0.063,0.084,0.021000000000000005,0.44729696508000183,0.0,0.10318366138630797,3,0,3
2025-12-06,1765065599000.0,2275.54553753773,0.063,0.084,-0.021000000000000005,0.14700000000000002,0.063,0.084,0.021000000000000005,0.3290868504850386,0.0,-0.01426235809609544,0,0,0
2025-12-07,1765151999000.0,2275.0353418149007,0.063,0.078,-0.015,0.14100000000000001,0.063,0.084,0.063,0.3884857492710059,2.0,-0.022420809182377432,1,1,1
2025-12-08,1765238399000.0,2274.064895686314,0.063,0.078,-0.015,0.14100000000000001,0.063,0.078,0.015,0.40678685669808257,0.0,-0.04265631002517978,0,0,0
2025-12-09,1765324799000.0,2271.1773937662533,0.063,0.078,-0.015,0.14100000000000001,0.063,0.078,0.015,0.5492675779980583,0.0,-0.1269753526180306,1,0,1
2025-12-10,1765411199000.0,2271.070219342309,0.063,0.078,-0.015,0.14100000000000001,0.063,0.078,0.015,0.5820064206595643,0.0,-0.004718892687050058,2,0,2
2025-12-11,1765497599000.0,2272.404800157784,0.063,0.078,-0.015,0.14100000000000001,0.063,0.078,0.015,0.5031205225902058,0.0,0.05876440121086457,0,0,0
2025-12-12,1765583999000.0,2274.6917023443066,0.063,0.078,-0.015,0.14100000000000001,0.063,0.078,0.015,0.4619296111752824,0.0,0.10063797552108955,0,0,0
2025-12-13,1765670399000.0,2274.240325613732,0.063,0.078,-0.015,0.14100000000000001,0.063,0.078,0.015,0.37623396010418864,0.0,-0.019843424500542994,0,0,0
2025-12-14,1765756799000.0,2275.0231826153477,0.063,0.078,-0.015,0.14100000000000001,0.063,0.078,0.015,0.3720921211316397,0.0,0.03442279132943593,1,0,1
2025-12-15,1765843199000.0,2276.5123363348894,0.063,0.078,-0.015,0.14100000000000001,0.063,0.078,0.015,0.40245290483759133,0.0,0.0654566393398115,4,0,4
2025-12-16,1765929599000.0,2276.6448400050267,0.063,0.079,-0.016,0.14200000000000002,0.063,0.079,0.016,0.2722653284678578,2.0,0.005820467915884642,0,0,0
2025-12-17,1766015999000.0,2277.974864485872,0.063,0.081,-0.018000000000000002,0.14400000000000002,0.063,0.081,0.063,0.3031380627709579,2.0,0.058420376225321036,3,1,3
2025-12-18,1766102399000.0,2277.9961806147066,0.063,0.082,-0.019000000000000003,0.14500000000000002,0.063,0.082,0.019000000000000003,0.3270637744524185,2.0,0.0009357490798889145,1,0,1
2025-12-19,1766188799000.0,2275.1441351912845,0.063,0.082,-0.019000000000000003,0.14500000000000002,0.063,0.082,0.019000000000000003,0.35279548141982087,0.0,-0.12519974562259506,0,0,0
2025-12-20,1766275199000.0,2275.1800242475856,0.063,0.082,-0.019000000000000003,0.14500000000000002,0.063,0.082,0.019000000000000003,0.33487518416617235,0.0,0.0015774409957591828,1,0,1
2025-12-21,1766361599000.0,2274.7277222382813,0.063,0.082,-0.019000000000000003,0.14500000000000002,0.063,0.082,0.019000000000000003,0.34921217301040475,0.0,-0.019879833880565023,1,0,1
2025-12-22,1766447999000.0,2274.5767967492748,0.063,0.082,-0.019000000000000003,0.14500000000000002,0.063,0.082,0.019000000000000003,0.39699475693605324,0.0,-0.006634881508282842,1,0,1
2025-12-23,1766534399000.0,2275.4387011823856,0.063,0.082,-0.019000000000000003,0.14500000000000002,0.063,0.082,0.019000000000000003,0.3684691093711834,0.0,0.03789295812488547,1,0,1
2025-12-24,1766620799000.0,2275.775027518048,0.063,0.082,-0.019000000000000003,0.14500000000000002,0.063,0.082,0.019000000000000003,0.32009199753934015,0.0,0.014780724942742296,2,0,2
2025-12-25,1766707199000.0,2276.619427681566,0.063,0.082,-0.019000000000000003,0.14500000000000002,0.063,0.082,0.019000000000000003,0.3133004066227407,0.0,0.03710385048203424,1,0,1
2025-12-26,1766793599000.0,2276.6283058245385,0.063,0.082,-0.019000000000000003,0.14500000000000002,0.063,0.082,0.019000000000000003,0.33199389291368453,0.0,0.00038997044762290045,2,0,2
2025-12-27,1766879999000.0,2275.773492818239,0.063,0.082,-0.019000000000000003,0.14500000000000002,0.063,0.082,0.019000000000000003,0.301043825803915,0.0,-0.037547324001574456,0,0,0
2025-12-28,1766966399000.0,2275.7458657735215,0.063,0.082,-0.019000000000000003,0.14500000000000002,0.063,0.082,0.019000000000000003,0.3042146490023434,0.0,-0.0012139628484453269,0,0,0
2025-12-29,1767052799000.0,2276.0061903949977,0.063,0.082,-0.019000000000000003,0.14500000000000002,0.063,0.082,0.019000000000000003,0.38296045020732583,0.0,0.011439090163434251,1,0,1
2025-12-30,1767139199000.0,2275.334364041506,0.063,0.082,-0.019000000000000003,0.14500000000000002,0.063,0.082,0.019000000000000003,0.34160281695546635,0.0,-0.02951777355997276,1,0,1
2025-12-31,1767225599000.0,2275.374831740362,0.063,0.082,-0.019000000000000003,0.14500000000000002,0.063,0.082,0.019000000000000003,0.3526331909516789,0.0,0.0017785385522106623,0,0,0
2026-01-01,1767311999000.0,2274.7771257127947,0.063,0.082,-0.019000000000000003,0.14500000000000002,0.063,0.082,0.019000000000000003,0.34448052319832057,0.0,-0.026268464396705937,0,0,0
2026-01-02,1767398399000.0,2272.477731496407,0.063,0.082,-0.019000000000000003,0.14500000000000002,0.063,0.082,0.019000000000000003,0.46077820568087846,0.0,-0.10108217593699509,0,0,0
2026-01-03,1767484799000.0,2272.452122848662,0.063,0.082,-0.019000000000000003,0.14500000000000002,0.063,0.082,0.019000000000000003,0.4493453639487721,0.0,-0.001126904232784387,0,0,0
2026-01-04,1767571199000.0,2272.1209855693196,0.063,0.082,-0.019000000000000003,0.14500000000000002,0.063,0.082,0.019000000000000003,0.469846595385881,0.0,-0.01457180444035533,0,0,0
2026-01-05,1767657599000.0,2270.606902891979,0.063,0.082,-0.019000000000000003,0.14500000000000002,0.063,0.082,0.019000000000000003,0.5534502698757882,0.0,-0.0666374144227655,0,0,0
2026-01-06,1767743999000.0,2269.2620273051352,0.063,0.082,-0.019000000000000003,0.14500000000000002,0.063,0.082,0.019000000000000003,0.5896735201461611,0.0,-0.0592297850029011,0,0,0
2026-01-07,1767830399000.0,2271.698300599373,0.063,0.082,-0.019000000000000003,0.14500000000000002,0.063,0.082,0.019000000000000003,0.581946612802231,0.0,0.10735971716455683,0,0,0
2026-01-08,1767916799000.0,2272.8864475809723,0.063,0.082,-0.019000000000000003,0.14500000000000002,0.063,0.082,0.019000000000000003,0.4849037055952743,0.0,0.05230214686897661,0,0,0
2026-01-09,1768003199000.0,2273.243398276236,0.063,0.082,-0.019000000000000003,0.14500000000000002,0.063,0.082,0.019000000000000003,0.4531042073973812,0.0,0.015704730680377033,0,0,0
2026-01-10,1768089599000.0,2273.289416723889,0.063,0.082,-0.019000000000000003,0.14500000000000002,0.063,0.082,0.019000000000000003,0.41859073678013337,0.0,0.002024351976048777,0,0,0
2026-01-11,1768175999000.0,2272.6079414016517,0.063,0.082,-0.019000000000000003,0.14500000000000002,0.063,0.082,0.019000000000000003,0.4555690325407369,0.0,-0.029977499443056832,0,0,0
2026-01-12,1768262399000.0,2273.153461186258,0.063,0.082,-0.019000000000000003,0.14500000000000002,0.063,0.082,0.019000000000000003,0.47382651424241473,0.0,0.024004130878374497,0,0,0
2026-01-13,1768348799000.0,2268.777253919137,0.063,0.082,-0.019000000000000003,0.14500000000000002,0.063,0.082,0.019000000000000003,0.6184187161048516,0.0,-0.1925170183995184,0,0,0
2026-01-14,1768435199000.0,2268.254697754783,0.063,0.082,-0.019000000000000003,0.14500000000000002,0.063,0.082,0.019000000000000003,0.6563965606319222,0.0,-0.023032501910491554,0,0,0
2026-01-15,1768521599000.0,2268.9519557840235,0.063,0.082,-0.019000000000000003,0.14500000000000002,0.063,0.082,0.019000000000000003,0.648533636444315,0.0,0.030739847246019636,0,0,0
2026-01-16,1768607999000.0,2269.3816193789125,0.063,0.082,-0.019000000000000003,0.14500000000000002,0.063,0.082,0.019000000000000003,0.6009963990437739,0.0,0.018936654599222003,0,0,0
2026-01-17,1768694399000.0,2269.127642877498,0.063,0.082,-0.019000000000000003,0.14500000000000002,0.063,0.082,0.019000000000000003,0.6032399645002351,0.0,-0.011191440842106548,0,0,0
2026-01-18,1768780799000.0,2269.628705121556,0.063,0.082,-0.019000000000000003,0.14500000000000002,0.063,0.082,0.019000000000000003,0.6352731596991901,0.0,0.022081712574895107,0,0,0
2026-01-19,1768867199000.0,2271.424376269236,0.063,0.082,-0.019000000000000003,0.14500000000000002,0.063,0.082,0.019000000000000003,0.565469266631613,0.0,0.07911739676309537,0,0,0
2026-01-20,1768953599000.0,2276.187582916921,0.063,0.082,-0.019000000000000003,0.14500000000000002,0.063,0.082,0.019000000000000003,0.4940374919585988,0.0,0.20970130889890193,0,0,0
2026-01-21,1769039999000.0,2275.3825384890774,0.063,0.082,-0.019000000000000003,0.14500000000000002,0.063,0.082,0.019000000000000003,0.38070292930857397,0.0,-0.0353681055940136,0,0,0
2026-01-22,1769126399000.0,2275.9463331458096,0.063,0.082,-0.019000000000000003,0.14500000000000002,0.063,0.082,0.019000000000000003,0.3585325300487052,0.0,0.024778016320126106,0,0,0
2026-01-23,1769212799000.0,2275.8747573512182,0.063,0.082,-0.019000000000000003,0.14500000000000002,0.063,0.082,0.019000000000000003,0.3410768561212363,0.0,-0.00314488059534046,0,0,0
2026-01-24,1769299199000.0,2275.9280490047067,0.063,0.082,-0.019000000000000003,0.14500000000000002,0.063,0.082,0.019000000000000003,0.30229012280685863,0.0,0.0023415899014889163,0,0,0
2026-01-25,1769385599000.0,2278.5404355081123,0.063,0.082,-0.019000000000000003,0.14500000000000002,0.063,0.082,0.019000000000000003,0.29335602357224433,0.0,0.11478335198460421,0,0,0
2026-01-26,1769471999000.0,2276.376615063046,0.063,0.082,-0.019000000000000003,0.14500000000000002,0.063,0.082,0.019000000000000003,0.28237638941293053,0.0,-0.09496519839393702,1,0,1
2026-01-27,1769558399000.0,2274.5743952457706,0.063,0.082,-0.019000000000000003,0.14500000000000002,0.063,0.082,0.019000000000000003,0.35481413348611435,0.0,-0.07917054697144099,0,0,0
2026-01-28,1769644799000.0,2274.883114823929,0.063,0.082,-0.019000000000000003,0.14500000000000002,0.063,0.082,0.019000000000000003,0.36263716037058247,0.0,0.013572630501945682,0,0,0
2026-01-29,1769731199000.0,2278.464670966445,0.063,0.082,-0.019000000000000003,0.14500000000000002,0.063,0.082,0.019000000000000003,0.337030749513334,0.0,0.1574391281546239,0,0,0
2026-01-30,1769817599000.0,2281.4438628847447,0.063,0.08700000000000001,-0.024000000000000007,0.15000000000000002,0.063,0.08700000000000001,0.063,0.20942946291616638,6.0,0.13075436087566228,0,0,0
2026-01-31,1769903999000.0,2278.013843382568,0.063,0.10200000000000001,-0.03900000000000001,0.165,0.063,0.10200000000000001,0.063,0.9531639009867976,12.0,-0.1503442428708035,0,0,0
2026-02-01,1769990399000.0,2285.0640606636825,0.063,0.10200000000000001,-0.03900000000000001,0.165,0.063,0.10200000000000001,0.03900000000000001,0.5583860125305873,0.0,0.3094896592307661,0,0,0
2026-02-02,1770076799000.0,2283.048356342034,0.063,0.105,-0.041999999999999996,0.16799999999999998,0.063,0.105,0.063,0.41253077928613546,4.0,-0.08821215808991756,1,0,1
2026-02-03,1770163199000.0,2289.776351526105,0.063,0.109,-0.046,0.172,0.063,0.109,0.063,0.44770776746442253,4.0,0.29469350333213296,0,0,0
2026-02-04,1770249599000.0,2293.4878533269243,0.063,0.111,-0.048,0.174,0.063,0.111,0.048,0.36159659003126565,2.0,0.16209014467050142,0,0,0
2026-02-05,1770335999000.0,2308.426220628451,0.063,0.126,-0.063,0.189,0.063,0.126,0.063,0.23107567773352766,12.0,0.6513384093077779,0,0,0
2026-02-06,1770422399000.0,2308.00093616442,0.112,0.132,-0.020000000000000004,0.244,0.129,0.132,0.132,0.3618808179110311,22.0,-0.018423134351475134,1,1,1
2026-02-07,1770508799000.0,2310.9030438727223,0.111,0.132,-0.021000000000000005,0.243,0.112,0.132,0.132,0.3814330722547332,2.0,0.12574118419228508,0,0,0
2026-02-08,1770595199000.0,2311.159392070157,0.109,0.132,-0.023000000000000007,0.241,0.111,0.132,0.132,0.25871482791838263,2.0,0.011092988003746918,1,0,1
2026-02-09,1770681599000.0,2310.7956802873055,0.109,0.132,-0.023000000000000007,0.241,0.109,0.132,0.023000000000000007,0.25707186976736685,0.0,-0.015737200303000964,0,0,0
2026-02-10,1770767999000.0,2312.6850686441476,0.109,0.132,-0.023000000000000007,0.241,0.109,0.132,0.023000000000000007,0.23461074180531893,0.0,0.0817635402800887,0,0,0
2026-02-11,1770854399000.0,2314.533703682483,0.109,0.132,-0.023000000000000007,0.241,0.109,0.132,0.023000000000000007,0.1421665105813652,0.0,0.07993457749175814,0,0,0
2026-02-12,1770940799000.0,2314.370740962793,0.109,0.132,-0.023000000000000007,0.241,0.109,0.132,0.023000000000000007,0.11160122298162767,0.0,-0.007040844530825652,1,0,1
2026-02-13,1771027199000.0,2312.0563346330723,0.109,0.132,-0.023000000000000007,0.241,0.109,0.132,0.023000000000000007,0.18220376740459843,0.0,-0.10000153772934395,0,0,0
2026-02-14,1771113599000.0,2311.1828067264614,0.109,0.132,-0.023000000000000007,0.241,0.109,0.132,0.023000000000000007,0.2192215249288143,0.0,-0.03778142831236675,0,0,0
2026-02-15,1771199999000.0,2313.939651865357,0.109,0.132,-0.023000000000000007,0.241,0.109,0.132,0.023000000000000007,0.21272548012623016,0.0,0.11928286809992361,0,0,0
2026-02-16,1771286399000.0,2313.201355438417,0.109,0.132,-0.023000000000000007,0.241,0.109,0.132,0.023000000000000007,0.1338852207608876,0.0,-0.03190646853494794,0,0,0
2026-02-17,1771372799000.0,2313.3531922635243,0.109,0.132,-0.023000000000000007,0.241,0.109,0.132,0.023000000000000007,0.12726749215367095,0.0,0.006563925995894948,0,0,0
2026-02-18,1771459199000.0,2314.178121603376,0.109,0.132,-0.023000000000000007,0.241,0.109,0.132,0.023000000000000007,0.14965500395235365,0.0,0.03565946361370198,0,0,0
2026-02-19,1771545599000.0,2314.3221628076017,0.109,0.132,-0.023000000000000007,0.241,0.109,0.132,0.023000000000000007,0.10000751008368836,0.0,0.006224292023193634,0,0,0
2026-02-20,1771631999000.0,2313.8616367340696,0.109,0.132,-0.023000000000000007,0.241,0.109,0.132,0.023000000000000007,0.09205308101578602,0.0,-0.019898961386310976,0,0,0
2026-02-21,1771718399000.0,2314.368634876585,0.11900000000000001,0.132,-0.012999999999999998,0.251,0.11900000000000001,0.132,0.132,0.09011448390749965,2.0,0.021911342254288257,1,1,1
2026-02-22,1771804799000.0,2314.513260954643,0.11900000000000001,0.132,-0.012999999999999998,0.251,0.11900000000000001,0.132,0.012999999999999998,0.06873547180730188,0.0,0.006249051075046808,0,0,0
2026-02-23,1771891199000.0,2315.824644250727,0.11900000000000001,0.132,-0.012999999999999998,0.251,0.11900000000000001,0.132,0.012999999999999998,0.06628984409086103,0.0,0.05665913944874479,0,0,0
2026-02-24,1771977599000.0,2315.8808436178115,0.11900000000000001,0.132,-0.012999999999999998,0.251,0.11900000000000001,0.132,0.012999999999999998,0.03491722079143056,0.0,0.002426753995554698,1,0,1
2026-02-25,1772063999000.0,2311.7000387518715,0.109,0.132,-0.023000000000000007,0.241,0.11900000000000001,0.132,0.023000000000000007,0.32251699591848704,8.0,-0.18052763282107032,0,0,0
2026-02-26,1772150399000.0,2312.381889606806,0.109,0.132,-0.023000000000000007,0.241,0.109,0.132,0.023000000000000007,0.26890243211115106,0.0,0.029495645780341917,0,0,0
2026-02-27,1772236799000.0,2314.6399717290046,0.109,0.132,-0.023000000000000007,0.241,0.109,0.132,0.023000000000000007,0.24840648772296303,0.0,0.09765178201524005,0,0,0
2026-02-28,1772323199000.0,2313.8165895888037,0.109,0.132,-0.023000000000000007,0.241,0.109,0.132,0.023000000000000007,0.17202464371570692,0.0,-0.03557279534863733,1,0,1
2026-03-01,1772409599000.0,2314.39591702014,0.109,0.132,-0.023000000000000007,0.241,0.109,0.132,0.023000000000000007,0.23685075685035972,0.0,0.0250377421418424,0,0,0
2026-03-02,1772495999000.0,2312.3605033067715,0.109,0.132,-0.023000000000000007,0.241,0.109,0.132,0.023000000000000007,0.27316259245910857,0.0,-0.08794578742556958,0,0,0
2026-03-03,1772582399000.0,2313.389599793168,0.109,0.132,-0.023000000000000007,0.241,0.109,0.132,0.023000000000000007,0.22852925205193442,0.0,0.044504154301416854,0,0,0
2026-03-04,1772668799000.0,2310.044484807534,0.107,0.132,-0.02500000000000001,0.239,0.109,0.132,0.02500000000000001,0.39245698221668235,2.0,-0.14459799533693696,0,0,0
2026-03-05,1772755199000.0,2311.386203615074,0.107,0.132,-0.02500000000000001,0.239,0.107,0.132,0.02500000000000001,0.35283187446123465,0.0,0.0580819467488114,0,0,0
2026-03-06,1772841599000.0,2313.746119706894,0.107,0.132,-0.02500000000000001,0.239,0.107,0.132,0.02500000000000001,0.2788703000964121,0.0,0.10209960101559279,0,0,0
2026-03-07,1772927999000.0,2313.9784424142636,0.107,0.132,-0.02500000000000001,0.239,0.107,0.132,0.02500000000000001,0.17527223309607987,0.0,0.010040976639169585,0,0,0
2026-03-08,1773014399000.0,2314.7718768108193,0.107,0.132,-0.02500000000000001,0.239,0.107,0.132,0.02500000000000001,0.156392855200016,0.0,0.034288754899902685,0,0,0
2026-03-09,1773100799000.0,2313.3639367667743,0.107,0.132,-0.02500000000000001,0.239,0.107,0.132,0.02500000000000001,0.23466895030667123,0.0,-0.06082413814292309,0,0,0
2026-03-10,1773187199000.0,2312.29000126089,0.107,0.132,-0.02500000000000001,0.239,0.107,0.132,0.02500000000000001,0.2721294209983238,0.0,-0.04642311089991802,0,0,0
2026-03-11,1773273599000.0,2311.903592819487,0.107,0.132,-0.02500000000000001,0.239,0.107,0.132,0.02500000000000001,0.27120639723483553,0.0,-0.01671107175970077,0,0,0
2026-03-12,1773359999000.0,2311.357568557723,0.107,0.132,-0.02500000000000001,0.239,0.107,0.132,0.02500000000000001,0.2781151732737075,0.0,-0.023617951174959018,0,0,0
2026-03-13,1773446399000.0,2310.900818637149,0.107,0.132,-0.02500000000000001,0.239,0.107,0.132,0.02500000000000001,0.39975933491439575,0.0,-0.019761110387572778,0,0,0
2026-03-14,1773532799000.0,2310.7919134435924,0.107,0.132,-0.02500000000000001,0.239,0.107,0.132,0.02500000000000001,0.2924721090160398,0.0,-0.0047126727671820134,0,0,0
2026-03-15,1773619199000.0,2308.7292007094347,0.107,0.132,-0.02500000000000001,0.239,0.107,0.132,0.02500000000000001,0.3957878795998182,0.0,-0.08926432199097833,0,0,0
2026-03-16,1773705599000.0,2304.494801202146,0.099,0.132,-0.033,0.231,0.107,0.132,0.132,0.6019982348660191,8.0,-0.18340823627074343,0,0,0
2026-03-17,1773791999000.0,2305.6496569658707,0.099,0.132,-0.033,0.231,0.099,0.132,0.033,0.5860940965363604,0.0,0.05011318589749347,0,0,0
2026-03-18,1773878399000.0,2305.661134850854,0.099,0.132,-0.033,0.231,0.099,0.132,0.033,0.5476572918594491,0.0,0.0004978156568080649,0,0,0
2026-03-19,1773964799000.0,2311.598402057783,0.099,0.132,-0.033,0.231,0.099,0.132,0.033,0.382161018125704,0.0,0.25750823124808253,0,0,0
2026-03-20,1774051199000.0,2311.30512380006,0.099,0.132,-0.033,0.231,0.099,0.132,0.033,0.2992594585957131,0.0,-0.012687249543952284,0,0,0
2026-03-21,1774137599000.0,2313.346108243354,0.099,0.132,-0.033,0.231,0.099,0.132,0.033,0.2913337686374584,0.0,0.08830441391221022,0,0,0
2026-03-22,1774223999000.0,2314.3486878102126,0.099,0.132,-0.033,0.231,0.099,0.132,0.033,0.22957534936920432,0.0,0.04333893502947994,0,0,0
2026-03-23,1774310399000.0,2311.114472289677,0.099,0.132,-0.033,0.231,0.099,0.132,0.033,0.32536010180853614,0.0,-0.13974625075168223,1,0,1
2026-03-24,1774396799000.0,2310.9690690232374,0.099,0.132,-0.033,0.231,0.099,0.132,0.033,0.3009916788332734,0.0,-0.006291478340125778,0,0,0
2026-03-25,1774483199000.0,2310.5525152978357,0.099,0.132,-0.033,0.231,0.099,0.132,0.033,0.3340444898042083,0.0,-0.018025067102156456,0,0,0
2026-03-26,1774569599000.0,2314.1415047570185,0.099,0.132,-0.033,0.231,0.099,0.132,0.033,0.2970516456930472,0.0,0.1553303565022146,0,0,0
2026-03-27,1774655999000.0,2316.3527175437844,0.099,0.132,-0.033,0.231,0.099,0.132,0.033,0.16106878086690202,0.0,0.09555218564727408,0,0,0
2026-03-28,1774742399000.0,2316.285119650978,0.099,0.132,-0.033,0.231,0.099,0.132,0.033,0.10562857367839573,0.0,-0.0029182901332136524,0,0,0
2026-03-29,1774828799000.0,2316.6088171595643,0.099,0.132,-0.033,0.231,0.099,0.132,0.033,0.07863121841928944,0.0,0.013974855938081454,0,0,0
2026-03-30,1774915199000.0,2315.219054927813,0.099,0.132,-0.033,0.231,0.099,0.132,0.033,0.20412227384863924,0.0,-0.05999123466409184,0,0,0
2026-03-31,1775001599000.0,2312.6184445201225,0.099,0.132,-0.033,0.231,0.099,0.132,0.033,0.2541586075529123,0.0,-0.11232675379702073,0,0,0
2026-04-01,1775087999000.0,2311.4964662519856,0.099,0.132,-0.033,0.231,0.099,0.132,0.033,0.32058139452157963,0.0,-0.04851549423535717,1,0,1
2026-04-02,1775174399000.0,2314.2065585514756,0.099,0.132,-0.033,0.231,0.099,0.132,0.033,0.3090215399254359,0.0,0.11724405981397013,1,0,1
2026-04-03,1775260799000.0,2314.304635101577,0.099,0.132,-0.033,0.231,0.099,0.132,0.033,0.18664235600874823,0.0,0.004238020575075829,0,0,0
2026-04-04,1775347199000.0,2313.9289423943464,0.099,0.132,-0.033,0.231,0.099,0.132,0.033,0.19676680031822658,0.0,-0.016233502777995845,0,0,0
2026-04-05,1775433599000.0,2312.4430837154873,0.099,0.132,-0.033,0.231,0.099,0.132,0.033,0.2587623143043283,0.0,-0.06421366929797445,0,0,0
2026-04-06,1775519999000.0,2312.556369340215,0.099,0.132,-0.033,0.231,0.099,0.132,0.033,0.32532519045452846,0.0,0.004898958401411413,0,0,0
2026-04-07,1775606399000.0,2308.114775041557,0.099,0.132,-0.033,0.231,0.099,0.132,0.033,0.47012992009168864,0.0,-0.192064260899516,0,0,0
2026-04-08,1775692799000.0,2309.833972092755,0.099,0.132,-0.033,0.231,0.099,0.132,0.033,0.46457247851866557,0.0,0.07448490299479804,0,0,0
2026-04-09,1775779199000.0,2309.842636816173,0.099,0.132,-0.033,0.231,0.099,0.132,0.033,0.42270870772420643,0.0,0.0003751232132920279,0,0,0
2026-04-10,1775865599000.0,2308.02772636681,0.099,0.132,-0.033,0.231,0.099,0.132,0.033,0.4475311651903069,0.0,-0.07857290451027676,0,0,0
2026-04-11,1775951999000.0,2306.697445501157,0.099,0.132,-0.033,0.231,0.099,0.132,0.033,0.5494036309260264,0.0,-0.05763712673189092,0,0,0
2026-04-12,1776038399000.0,2309.773703173993,0.099,0.132,-0.033,0.231,0.099,0.132,0.033,0.49418336112849737,0.0,0.13336199243796365,1,0,1
2026-04-13,1776124799000.0,2303.325184843459,0.097,0.132,-0.035,0.229,0.099,0.132,0.132,0.6629401647825883,2.0,-0.2791839876639335,0,0,0
2026-04-14,1776211199000.0,2305.014182352594,0.097,0.132,-0.035,0.229,0.097,0.132,0.035,0.6907063708904482,0.0,0.0733286606793282,0,0,0
2026-04-15,1776297599000.0,2303.710549328309,0.097,0.132,-0.035,0.229,0.097,0.132,0.035,0.6539951108836983,0.0,-0.056556399273632874,0,0,0
2026-04-16,1776383999000.0,2304.117990475407,0.097,0.132,-0.035,0.229,0.097,0.132,0.035,0.6307441841498562,0.0,0.01768629948832867,0,0,0
2026-04-17,1776470399000.0,2301.707346692859,0.095,0.132,-0.037000000000000005,0.227,0.097,0.132,0.132,0.7776199505787118,2.0,-0.10462327851754605,0,0,0
2026-04-18,1776556799000.0,2304.2319343378217,0.095,0.132,-0.037000000000000005,0.227,0.095,0.132,0.037000000000000005,0.7189442759738096,0.0,0.10968325962854575,0,0,0
2026-04-19,1776643199000.0,2307.4045483400673,0.095,0.132,-0.037000000000000005,0.227,0.095,0.132,0.037000000000000005,0.6037882635285374,0.0,0.13768640018250178,1,0,1
2026-04-20,1776729599000.0,2305.5350168129157,0.095,0.132,-0.037000000000000005,0.227,0.095,0.132,0.037000000000000005,0.5893831714833153,0.0,-0.0810231360814706,1,0,1
2026-04-21,1776815999000.0,2305.0355460430633,0.095,0.132,-0.037000000000000005,0.227,0.095,0.132,0.037000000000000005,0.5745497818503087,0.0,-0.021663985418141074,0,0,0
2026-04-22,1776902399000.0,2303.3082665653806,0.095,0.132,-0.037000000000000005,0.227,0.095,0.132,0.037000000000000005,0.714294469509047,0.0,-0.07493504734223944,1,0,1
2026-04-23,1776988799000.0,2303.3059674977185,0.095,0.132,-0.037000000000000005,0.227,0.095,0.132,0.037000000000000005,0.6422925339212071,0.0,-9.981589070839902e-05,1,0,1
2026-04-24,1777075199000.0,2304.918444172448,0.095,0.132,-0.037000000000000005,0.227,0.095,0.132,0.037000000000000005,0.5772235739616383,0.0,0.07000705496722492,0,0,0
2026-04-25,1777161599000.0,2305.4701204655944,0.095,0.132,-0.037000000000000005,0.227,0.095,0.132,0.037000000000000005,0.5554429563686569,0.0,0.023934742443554313,0,0,0
2026-04-26,1777247999000.0,2303.4528773842626,0.095,0.132,-0.037000000000000005,0.227,0.095,0.132,0.037000000000000005,0.6431525518049042,0.0,-0.08749812298258774,1,0,1
2026-04-27,1777334399000.0,2305.873348473975,0.095,0.132,-0.037000000000000005,0.227,0.095,0.132,0.037000000000000005,0.6801604810377393,0.0,0.10508012182393056,1,0,1
2026-04-28,1777420799000.0,2306.361263076515,0.095,0.132,-0.037000000000000005,0.227,0.095,0.132,0.037000000000000005,0.5367242711912246,0.0,0.02115964447322316,0,0,0
2026-04-29,1777507199000.0,2307.7379563808704,0.095,0.132,-0.037000000000000005,0.227,0.095,0.132,0.037000000000000005,0.5936645323606604,0.0,0.059691138868633864,2,0,2
2026-04-30,1777593599000.0,2307.722170853438,0.095,0.132,-0.037000000000000005,0.227,0.095,0.132,0.037000000000000005,0.4868181546770822,0.0,-0.0006840259912821445,0,0,0
2026-05-01,1777679999000.0,2306.126989161746,0.095,0.132,-0.037000000000000005,0.227,0.095,0.132,0.037000000000000005,0.5586782609404928,0.0,-0.06912364546473038,0,0,0
2026-05-02,1777766399000.0,2305.3294546140587,0.095,0.132,-0.037000000000000005,0.227,0.095,0.132,0.037000000000000005,0.5862638897454642,0.0,-0.034583288406742074,0,0,0
2026-05-03,1777852799000.0,2305.13322920665,0.095,0.132,-0.037000000000000005,0.227,0.095,0.132,0.037000000000000005,0.6099456354707322,0.0,-0.008511816261924654,0,0,0
2026-05-04,1777939199000.0,2304.230962300877,0.095,0.132,-0.037000000000000005,0.227,0.095,0.132,0.037000000000000005,0.6741547373689816,0.0,-0.03914163807718918,0,0,0
2026-05-05,1778025599000.0,2303.728371138922,0.095,0.132,-0.037000000000000005,0.227,0.095,0.132,0.037000000000000005,0.676638817600117,0.0,-0.02181166602557294,0,0,0
2026-05-06,1778111999000.0,2304.0757008718183,0.095,0.132,-0.037000000000000005,0.227,0.095,0.132,0.037000000000000005,0.7183263321073441,0.0,0.01507685269008796,0,0,0
2026-05-07,1778198399000.0,2306.260983857423,0.095,0.132,-0.037000000000000005,0.227,0.095,0.132,0.037000000000000005,0.6045366202821922,0.0,0.09484423557688526,0,0,0
2026-05-08,1778284799000.0,2305.648849762929,0.095,0.132,-0.037000000000000005,0.227,0.095,0.132,0.037000000000000005,0.5569928185717443,0.0,-0.026542273349750012,0,0,0
2026-05-09,1778371199000.0,2304.971699675731,0.095,0.132,-0.037000000000000005,0.227,0.095,0.132,0.037000000000000005,0.5833140196002007,0.0,-0.029369176805371655,0,0,0
2026-05-10,1778457599000.0,2303.3289869342966,0.095,0.132,-0.037000000000000005,0.227,0.095,0.132,0.037000000000000005,0.6519836785642719,0.0,-0.07126823907059876,0,0,0
2026-05-11,1778543999000.0,2304.5031411539317,0.095,0.132,-0.037000000000000005,0.227,0.095,0.132,0.037000000000000005,0.6384748286094699,0.0,0.050976400952507106,0,0,0
2026-05-12,1778630399000.0,2306.9147049724256,0.095,0.132,-0.037000000000000005,0.227,0.095,0.132,0.037000000000000005,0.5847522681953099,0.0,0.1046457162686476,0,0,0
2026-05-13,1778716799000.0,2307.5217491290896,0.095,0.132,-0.037000000000000005,0.227,0.095,0.132,0.037000000000000005,0.5572941206387294,0.0,0.026314113623504554,0,0,0
2026-05-14,1778803199000.0,2306.630048294569,0.095,0.132,-0.037000000000000005,0.227,0.095,0.132,0.037000000000000005,0.5501920918416614,0.0,-0.038643225566870054,0,0,0
2026-05-15,1778889599000.0,2308.7935846034784,0.095,0.132,-0.037000000000000005,0.227,0.095,0.132,0.037000000000000005,0.5177295496659462,0.0,0.0937964157065041,0,0,0
2026-05-16,1778975999000.0,2310.4318540021436,0.095,0.132,-0.037000000000000005,0.227,0.095,0.132,0.037000000000000005,0.41036391211802803,0.0,0.07095781145574076,0,0,0
2026-05-17,1779062399000.0,2312.2779133840145,0.095,0.132,-0.037000000000000005,0.227,0.095,0.132,0.037000000000000005,0.3550550918416495,0.0,0.0799010530725397,0,0,0
2026-05-18,1779148799000.0,2312.326703524836,0.095,0.132,-0.037000000000000005,0.227,0.095,0.132,0.037000000000000005,0.28871550669671286,0.0,0.002110046570913404,0,0,0
2026-05-19,1779235199000.0,2313.0078846345004,0.095,0.132,-0.037000000000000005,0.227,0.095,0.132,0.037000000000000005,0.26954927932570927,0.0,0.029458688023020763,0,0,0
2026-05-20,1779321599000.0,2312.3668422134383,0.095,0.132,-0.037000000000000005,0.227,0.095,0.132,0.037000000000000005,0.2732416932847759,0.0,-0.027714666487765882,0,0,0
2026-05-21,1779407999000.0,2312.218792108132,0.095,0.132,-0.037000000000000005,0.227,0.095,0.132,0.037000000000000005,0.28684936125109584,0.0,-0.006402535385097163,0,0,0
2026-05-22,1779494399000.0,2314.730376124272,0.095,0.132,-0.037000000000000005,0.227,0.095,0.132,0.037000000000000005,0.2620767723199635,0.0,0.10862224737175907,0,0,0
2026-05-23,1779580799000.0,2312.835895764776,0.095,0.132,-0.037000000000000005,0.227,0.095,0.132,0.037000000000000005,0.27063008053219706,0.0,-0.08184453701549632,0,0,0
2026-05-24,1779667199000.0,2313.5121851688978,0.095,0.132,-0.037000000000000005,0.227,0.095,0.132,0.037000000000000005,0.2437828393310082,0.0,0.02924069992860101,0,0,0
2026-05-25,1779753599000.0,2313.052676782872,0.095,0.132,-0.037000000000000005,0.227,0.095,0.132,0.037000000000000005,0.25992594239697686,0.0,-0.01986193930473279,0,0,0
2026-05-26,1779839999000.0,2314.4898818631486,0.095,0.132,-0.037000000000000005,0.227,0.095,0.132,0.037000000000000005,0.2587565553473836,0.0,0.06213455900518916,0,0,0
2026-05-27,1779926399000.0,2316.322747921886,0.095,0.132,-0.037000000000000005,0.227,0.095,0.132,0.037000000000000005,0.1867098801448197,0.0,0.079190929850248,0,0,0
2026-05-28,1780012799000.0,2316.882268612616,0.095,0.132,-0.037000000000000005,0.227,0.095,0.132,0.037000000000000005,0.09330127282694001,0.0,0.024155558254213005,0,0,0
2026-05-29,1780099199000.0,2316.7348987430987,0.095,0.132,-0.037000000000000005,0.227,0.095,0.132,0.037000000000000005,0.1189994281029838,0.0,-0.006360697369633961,0,0,0
2026-05-30,1780185599000.0,2316.4427793343484,0.095,0.132,-0.037000000000000005,0.227,0.095,0.132,0.037000000000000005,0.0967969517812528,0.0,-0.01260909950934197,0,0,0
2026-05-31,1780271999000.0,2317.021472182908,0.095,0.132,-0.037000000000000005,0.227,0.095,0.132,0.037000000000000005,0.10465023424974795,0.0,0.024981961726933122,0,0,0
2026-06-01,1780358399000.0,2317.048967828463,0.095,0.132,-0.037000000000000005,0.227,0.095,0.132,0.037000000000000005,0.07653220935111005,0.0,0.0011866806538085584,0,0,0
2026-06-02,1780444799000.0,2322.505007273877,0.095,0.132,-0.037000000000000005,0.227,0.095,0.132,0.037000000000000005,0.1869122161830883,0.0,0.2354736356964926,0,0,0
2026-06-03,1780531199000.0,2324.2125664317814,0.095,0.132,-0.037000000000000005,0.227,0.095,0.132,0.037000000000000005,0.12065429975381958,0.0,0.07352230253785397,0,0,0
2026-06-04,1780617599000.0,2325.3154146221354,0.095,0.136,-0.04100000000000001,0.231,0.095,0.136,0.095,0.16171237602780053,2.0,0.04745040132225764,1,0,1
2026-06-05,1780703999000.0,2335.7142309987175,0.095,0.152,-0.056999999999999995,0.247,0.095,0.152,0.095,0.562071371337991,12.0,0.44720025125157825,0,0,0
2026-06-06,1780790399000.0,2335.908548953217,0.095,0.155,-0.06,0.25,0.095,0.155,0.06,0.20096353252745391,2.0,0.008319423323310815,0,0,0
2026-06-07,1780876799000.0,2328.614936559948,0.095,0.155,-0.06,0.25,0.095,0.155,0.06,0.49609422514711454,0.0,-0.3122387816311356,0,0,0
2026-06-08,1780963199000.0,2328.637543597909,0.095,0.155,-0.06,0.25,0.095,0.155,0.06,0.5223605048337854,0.0,0.0009708362514571078,1,0,1
2026-06-09,1781049599000.0,2331.6643396960467,0.095,0.155,-0.06,0.25,0.095,0.155,0.06,0.4769518530820971,0.0,0.12998141795228513,0,0,0
2026-06-10,1781135999000.0,2332.7209595529534,0.095,0.155,-0.06,0.25,0.095,0.155,0.06,0.3998788221459937,0.0,0.0453161220042686,0,0,0
2026-06-11,1781222399000.0,2329.6072872390555,0.095,0.155,-0.06,0.25,0.095,0.155,0.06,0.4669851238905731,0.0,-0.13347812995578856,0,0,0
2026-06-12,1781308799000.0,2330.020242214783,0.095,0.155,-0.06,0.25,0.095,0.155,0.06,0.4624162362198092,0.0,0.017726377230609103,0,0,0
2026-06-13,1781395199000.0,2329.136463633479,0.095,0.155,-0.06,0.25,0.095,0.155,0.06,0.45970711540253006,0.0,-0.03793008169166168,0,0,0
2026-06-14,1781481599000.0,2326.4724151376336,0.095,0.155,-0.06,0.25,0.095,0.155,0.06,0.5582710728997742,0.0,-0.11437923614356915,0,0,0
2026-06-15,1781567999000.0,2322.2504398950528,0.095,0.155,-0.06,0.25,0.095,0.155,0.06,0.869768029479856,0.0,-0.18147540521477046,0,0,0
2026-06-16,1781654399000.0,2322.254809987182,0.095,0.155,-0.06,0.25,0.095,0.155,0.06,0.8413259282973096,0.0,0.0001881834988282094,0,0,0
2026-06-17,1781740799000.0,2325.0039154580977,0.095,0.155,-0.06,0.25,0.095,0.155,0.06,0.7689155845547635,0.0,0.11838087100057848,0,0,0
2026-06-18,1781827199000.0,2327.3707151421377,0.095,0.155,-0.06,0.25,0.095,0.155,0.06,0.6470594600867963,0.0,0.10179766443849658,0,0,0
2026-06-19,1781913599000.0,2327.3705640598546,0.095,0.155,-0.06,0.25,0.095,0.155,0.06,0.5347310622542234,0.0,-6.491543524944632e-06,0,0,0
2026-06-20,1781999999000.0,2325.5926003890363,0.095,0.155,-0.06,0.25,0.095,0.155,0.06,0.6013473014513271,0.0,-0.0763936649485153,0,0,0
2026-06-21,1782086399000.0,2327.6219886801846,0.095,0.155,-0.06,0.25,0.095,0.155,0.06,0.5917651278413261,0.0,0.08726327607031514,0,0,0
2026-06-22,1782172799000.0,2326.358898306653,0.095,0.155,-0.06,0.25,0.095,0.155,0.06,0.6857083281358256,0.0,-0.05426527072155407,0,0,0
2026-06-23,1782259199000.0,2330.015282848371,0.095,0.155,-0.06,0.25,0.095,0.155,0.06,0.5740944647142365,0.0,0.1571719885689049,0,0,0
2026-06-24,1782345599000.0,2332.71301602391,0.095,0.155,-0.06,0.25,0.095,0.155,0.06,0.4506392377730206,0.0,0.1157817802911909,0,0,0
2026-06-25,1782431999000.0,2335.99214007662,0.095,0.155,-0.06,0.25,0.095,0.155,0.06,0.37920215955211667,0.0,0.1405712588812058,0,0,0
2026-06-26,1782518399000.0,2335.336404383038,0.095,0.155,-0.06,0.25,0.095,0.155,0.06,0.20877648637057655,0.0,-0.028070971743976436,0,0,0
2026-06-27,1782604799000.0,2335.624850802806,0.095,0.155,-0.06,0.25,0.095,0.155,0.06,0.25208506453798796,0.0,0.012351386259679131,0,0,0
2026-06-28,1782691199000.0,2335.7374665006905,0.095,0.155,-0.06,0.25,0.095,0.155,0.06,0.1966671920268559,0.0,0.004821651809616689,0,0,0
2026-06-29,1782777599000.0,2333.273763351428,0.095,0.155,-0.06,0.25,0.095,0.155,0.06,0.3176648936014659,0.0,-0.10547859871227194,0,0,0
2026-06-30,1782863999000.0,2335.7263626302797,0.095,0.155,-0.06,0.25,0.095,0.155,0.06,0.2654522806668558,0.0,0.1051140812267537,0,0,0
2026-07-01,1782950399000.0,2333.499704725058,0.095,0.155,-0.06,0.25,0.095,0.155,0.06,0.3356741528598328,0.0,-0.0953304265793431,2,0,2
2026-07-02,1783036799000.0,2328.0509140621207,0.095,0.155,-0.06,0.25,0.095,0.155,0.06,0.5416766069501922,0.0,-0.23350295060694526,0,0,0
2026-07-03,1783123199000.0,2324.624051158884,0.095,0.155,-0.06,0.25,0.095,0.155,0.06,0.6675455486938708,0.0,-0.14719879546178927,0,0,0
2026-07-04,1783209599000.0,2323.296743350827,0.095,0.155,-0.06,0.25,0.095,0.155,0.06,0.7527018609061686,0.0,-0.057097740488198934,0,0,0
2026-07-05,1783295999000.0,2323.0088875936763,0.095,0.155,-0.06,0.25,0.095,0.155,0.06,0.7509510811366971,0.0,-0.012389969467940798,0,0,0
2026-07-06,1783382399000.0,2322.1974510311134,0.095,0.155,-0.06,0.25,0.095,0.155,0.06,0.8008659544874508,0.0,-0.0349304114545812,2,0,2
2026-07-07,1783468799000.0,2323.912163179963,0.095,0.155,-0.06,0.25,0.095,0.155,0.06,0.7622094126733203,0.0,0.07384006679054256,0,0,0
2026-07-08,1783555199000.0,2325.5947536780495,0.095,0.155,-0.06,0.25,0.095,0.155,0.06,0.6916044252044395,0.0,0.07240336036555828,0,0,0
2026-07-09,1783641599000.0,2325.5126082342467,0.095,0.155,-0.06,0.25,0.095,0.155,0.06,0.6302307086263559,0.0,-0.003532233794079076,1,0,1
2026-07-10,1783727999000.0,2322.423541554995,0.095,0.155,-0.06,0.25,0.095,0.155,0.06,0.7605586599605418,0.0,-0.13283379622685,0,0,0
2026-07-11,1783814399000.0,2323.0059418545798,0.095,0.155,-0.06,0.25,0.095,0.155,0.06,0.806961404728046,0.0,0.02507726472642524,0,0,0
2026-07-12,1783900799000.0,2321.8482295122626,0.095,0.155,-0.06,0.25,0.095,0.155,0.06,0.8002842931681853,0.0,-0.049836822259385904,0,0,0
2026-07-13,1783987199000.0,2323.6527220906046,0.095,0.155,-0.06,0.25,0.095,0.155,0.06,0.8355453313968031,0.0,0.07771793846840236,5,0,5
2026-07-14,1784073599000.0,2316.7510051861236,0.095,0.155,-0.06,0.25,0.095,0.155,0.06,0.9721068980026226,0.0,-0.2970201544691853,0,0,0
2026-07-15,1784159999000.0,2315.2294158011896,0.095,0.155,-0.06,0.25,0.095,0.155,0.06,1.0998508014458563,0.0,-0.06567772633001567,0,0,0
2026-07-16,1784246399000.0,2318.4357848724726,0.095,0.155,-0.06,0.25,0.095,0.155,0.06,1.062705785886786,0.0,0.13849033920352305,1,0,1
2026-07-17,1784332799000.0,2319.8104556698268,0.095,0.155,-0.06,0.25,0.095,0.155,0.06,0.9101278218738629,0.0,0.0592930287879323,1,0,1
2026-07-18,1784419199000.0,2318.581127897351,0.095,0.155,-0.06,0.25,0.095,0.155,0.06,0.8953865584545917,0.0,-0.052992595557588285,0,0,0
2026-07-19,1784505599000.0,2318.00521690251,0.095,0.155,-0.06,0.25,0.095,0.155,0.06,0.9300970751979887,0.0,-0.02483894084670535,0,0,0
2026-07-20,1784591999000.0,2316.087890539537,0.095,0.155,-0.06,0.25,0.095,0.155,0.06,1.0301219200699596,0.0,-0.0827144973182925,0,0,0
2026-07-21,1784678399000.0,2314.5568395181713,0.095,0.155,-0.06,0.25,0.095,0.155,0.06,1.1096191570955982,0.0,-0.06610504841459974,0,0,0
2026-07-22,1784764799000.0,2314.3297291876356,0.095,0.155,-0.06,0.25,0.095,0.155,0.06,1.1274252060997858,0.0,-0.009812259809649504,1,0,1
2026-07-23,1784851199000.0,2316.4138310530775,0.123,0.155,-0.032,0.278,0.123,0.155,0.155,1.089344828655725,2.0,0.0900520716282438,1,1,1
2026-07-24,1784937599000.0,2316.957780206673,0.123,0.155,-0.032,0.278,0.123,0.155,0.032,1.0249023699626658,0.0,0.023482382392270296,0,0,0
2026-07-25,1785023999000.0,2316.536886626857,0.123,0.155,-0.032,0.278,0.123,0.155,0.032,0.9802375275422048,0.0,-0.018165785471435658,0,0,0
2026-07-26,1785110399000.0,2312.0623886132776,0.12,0.155,-0.035,0.275,0.123,0.155,0.155,1.1813924568965462,4.0,-0.19315461970020875,1,1,1
2026-07-27,1785196799000.0,2314.0562735384096,0.11800000000000001,0.155,-0.03699999999999999,0.273,0.12,0.155,0.03699999999999999,1.216856896423646,2.0,0.0862383703377434,0,0,0
2026-07-28,1785283199000.0,2312.965816444067,0.11800000000000001,0.155,-0.03699999999999999,0.273,0.11800000000000001,0.155,0.03699999999999999,1.13961218213936,0.0,-0.047123188265218996,2,0,2
2026-07-29,1785369599000.0,2313.4094960830366,0.11800000000000001,0.155,-0.03699999999999999,0.273,0.11800000000000001,0.155,0.03699999999999999,1.1419851174772844,0.0,0.01918228258348531,1,0,1
2026-07-30,1785455999000.0,2312.8419058680724,0.121,0.155,-0.034,0.276,0.121,0.155,0.155,1.1605435670660191,2.0,-0.02453479230223321,1,1,1
2026-07-31,1785542399000.0,2315.4147687055297,0.121,0.125,-0.0040000000000000036,0.246,0.121,0.155,0.121,1.1607811514044886,2.0,0.11124248617813137,2,1,2
2026-08-01,1785628799000.0,2314.9753284851904,0.121,0.127,-0.006000000000000005,0.248,0.121,0.127,0.006000000000000005,1.048592094805867,2.0,-0.01897889856619095,0,0,0
2026-08-02,1785715199000.0,2314.7355263408167,0.121,0.127,-0.006000000000000005,0.248,0.121,0.127,0.006000000000000005,1.0576505017411697,0.0,-0.010358734342563736,0,0,0
2026-08-03,1785801599000.0,2314.8841111619463,0.121,0.127,-0.006000000000000005,0.248,0.121,0.127,0.006000000000000005,1.0543346853670088,0.0,0.006419084143249876,0,0,0
2026-08-04,1785887999000.0,2314.831450652359,0.121,0.127,-0.006000000000000005,0.248,0.121,0.127,0.006000000000000005,1.0529774118526847,0.0,-0.0022748659137428184,0,0,0
2026-08-05,1785974399000.0,2314.597853403967,0.121,0.127,-0.006000000000000005,0.248,0.121,0.127,0.006000000000000005,1.0646974887625893,0.0,-0.010091328607364503,0,0,0
2026-08-06,1786060799000.0,2314.627142760929,0.121,0.127,-0.006000000000000005,0.248,0.121,0.127,0.006000000000000005,1.062754321988757,0.0,0.001265418825102671,0,0,0
2026-08-07,1786147199000.0,2314.568410526784,0.121,0.127,-0.006000000000000005,0.248,0.121,0.127,0.006000000000000005,1.0673491012784586,0.0,-0.002537438236149825,0,0,0
2026-08-08,1786233599000.0,2314.552123030228,0.121,0.127,-0.006000000000000005,0.248,0.121,0.127,0.006000000000000005,1.0645762343183374,0.0,-0.0007036947571870122,0,0,0
2026-08-09,1786319999000.0,2314.593193857567,0.121,0.127,-0.006000000000000005,0.248,0.121,0.127,0.006000000000000005,1.066724373311989,0.0,0.001774461111936354,0,0,0
2026-08-10,1786406399000.0,2314.8169640625624,0.121,0.127,-0.006000000000000005,0.248,0.121,0.127,0.006000000000000005,1.065613292486789,0.0,0.00966779845328336,0,0,0
2026-08-11,1786492799000.0,2314.761401538563,0.121,0.127,-0.006000000000000005,0.248,0.121,0.127,0.006000000000000005,1.0570944286402484,0.0,-0.0024002988081583965,0,0,0
2026-08-12,1786579199000.0,2314.7820666540856,0.121,0.127,-0.006000000000000005,0.248,0.121,0.127,0.006000000000000005,1.063449287583329,0.0,0.0008927535904534878,0,0,0
2026-08-13,1786665599000.0,2314.744779101527,0.121,0.127,-0.006000000000000005,0.248,0.121,0.127,0.006000000000000005,1.057569009489534,0.0,-0.0016108450594853885,0,0,0
2026-08-14,1786751999000.0,2314.769118194915,0.121,0.127,-0.006000000000000005,0.248,0.121,0.127,0.006000000000000005,1.0551723590728312,0.0,0.0010514806473516103,0,0,0
2026-08-15,1786838399000.0,2314.768822048365,0.121,0.127,-0.006000000000000005,0.248,0.121,0.127,0.006000000000000005,1.053952587862872,0.0,-1.2793783510378631e-05,0,0,0
2026-08-16,1786924799000.0,2314.808502960198,0.121,0.127,-0.006000000000000005,0.248,0.121,0.127,0.006000000000000005,1.055122736837233,0.0,0.001714249451389982,0,0,0
2026-08-17,1787011199000.0,2314.5845215599875,0.121,0.127,-0.006000000000000005,0.248,0.121,0.127,0.006000000000000005,1.0618673637618259,0.0,-0.009676022872906476,0,0,0
2026-08-18,1787097599000.0,2314.5598339400235,0.121,0.127,-0.006000000000000005,0.248,0.121,0.127,0.006000000000000005,1.0625629171684636,0.0,-0.0010666112960633356,0,0,0
2026-08-19,1787183999000.0,2297.215948520833,0.1,0.127,-0.026999999999999996,0.227,0.121,0.127,0.127,1.8748475039948032,14.0,-0.7493383910350815,0,0,0
2026-08-20,1787270399000.0,2295.2377562136207,0.1,0.127,-0.026999999999999996,0.227,0.1,0.127,0.026999999999999996,1.9230539429492821,0.0,-0.08611259679291994,0,0,0
2026-08-21,1787356799000.0,2288.8721330424287,0.092,0.127,-0.035,0.219,0.1,0.127,0.035,2.2026320410958866,8.0,-0.27734046958574066,0,0,0
2026-08-22,1787443199000.0,2292.1993854703023,0.092,0.127,-0.035,0.219,0.092,0.127,0.035,2.1790964981469263,0.0,0.14536646149170274,0,0,0
2026-08-23,1787529599000.0,2290.761566995654,0.092,0.127,-0.035,0.219,0.092,0.127,0.035,2.108930316540625,0.0,-0.06272658843564649,0,0,0
2026-08-24,1787615999000.0,2290.172074455284,0.092,0.127,-0.035,0.219,0.092,0.127,0.035,2.179925778420333,0.0,-0.02573347435469442,0,0,0
2026-08-25,1787702399000.0,2291.5519499419297,0.092,0.127,-0.035,0.219,0.092,0.127,0.035,2.1769221026773367,0.0,0.06025204402921869,0,0,0
2026-08-26,1787788799000.0,2289.329919469361,0.092,0.127,-0.035,0.219,0.092,0.127,0.035,2.14936626151373,0.0,-0.09696618366540344,0,0,0
2026-08-27,1787875199000.0,2288.9213384400828,0.09,0.127,-0.037000000000000005,0.217,0.092,0.127,0.127,2.238938868368634,2.0,-0.017847188638187017,0,0,0
2026-08-28,1787961599000.0,2291.4390978139204,0.09,0.127,-0.037000000000000005,0.217,0.09,0.127,0.037000000000000005,2.189086358956449,0.0,0.1099976365091404,0,0,0
2026-08-29,1788047999000.0,2290.907614384182,0.09,0.127,-0.037000000000000005,0.217,0.09,0.127,0.037000000000000005,2.0761422696259024,0.0,-0.02319430746579032,0,0,0
2026-08-30,1788134399000.0,2292.4323463667292,0.09,0.127,-0.037000000000000005,0.217,0.09,0.127,0.037000000000000005,2.190722760568742,0.0,0.06655580403913675,0,0,0
2026-08-31,1788220799000.0,2290.5581381805127,0.09,0.127,-0.037000000000000005,0.217,0.09,0.127,0.037000000000000005,2.1210465186792926,0.0,-0.08175631395128669,0,0,0
2026-09-01,1788307199000.0,2292.3710832082093,0.09,0.127,-0.037000000000000005,0.217,0.09,0.127,0.037000000000000005,2.117339775469196,0.0,0.07914861436943976,0,0,0
2026-09-02,1788393599000.0,2293.355975733155,0.09,0.127,-0.037000000000000005,0.217,0.09,0.127,0.037000000000000005,2.024911051719469,0.0,0.042963922035132995,0,0,0
2026-09-03,1788479999000.0,2289.082106780316,0.09,0.127,-0.037000000000000005,0.217,0.09,0.127,0.037000000000000005,2.179892328884092,0.0,-0.1863587248583487,0,0,0
2026-09-04,1788566399000.0,2291.0009267020932,0.09,0.127,-0.037000000000000005,0.217,0.09,0.127,0.037000000000000005,2.2131619976593853,0.0,0.08382486220541718,0,0,0
2026-09-05,1788652799000.0,2290.0882579736517,0.09,0.127,-0.037000000000000005,0.217,0.09,0.127,0.037000000000000005,2.125516824285212,0.0,-0.03983711738412277,0,0,0
2026-09-06,1788739199000.0,2288.821626702093,0.09,0.127,-0.037000000000000005,0.217,0.09,0.127,0.037000000000000005,2.176634110909892,0.0,-0.05530927758563564,0,0,0
2026-09-07,1788825599000.0,2289.72960686109,0.09,0.127,-0.037000000000000005,0.217,0.09,0.127,0.037000000000000005,2.1938592405452817,0.0,0.03967020183679448,1,0,1
2026-09-08,1788911999000.0,2289.913558080757,0.09,0.127,-0.037000000000000005,0.217,0.09,0.127,0.037000000000000005,2.1509196686860133,0.0,0.008033752942515626,0,0,0
2026-09-09,1788998399000.0,2290.541894751096,0.09,0.127,-0.037000000000000005,0.217,0.09,0.127,0.037000000000000005,2.174697706234996,0.0,0.02743931831497015,0,0,0
2026-09-10,1789084799000.0,2291.639476865051,0.09,0.127,-0.037000000000000005,0.217,0.09,0.127,0.037000000000000005,2.1136986081726428,0.0,0.04791801086327929,0,0,0
2026-09-11,1789171199000.0,2288.009072395587,0.088,0.127,-0.03900000000000001,0.215,0.09,0.127,0.03900000000000001,2.424234454812091,2.0,-0.15841952916741953,0,0,0
2026-09-12,1789257599000.0,2287.629985726189,0.088,0.127,-0.03900000000000001,0.215,0.088,0.127,0.03900000000000001,2.2443520944180007,0.0,-0.016568407615669134,0,0,0
2026-09-13,1789343999000.0,2289.5492761267833,0.088,0.127,-0.03900000000000001,0.215,0.088,0.127,0.03900000000000001,2.2160507230999604,0.0,0.08389863800395414,0,0,0
2026-09-14,1789430399000.0,2288.052355726189,0.088,0.127,-0.03900000000000001,0.215,0.088,0.127,0.03900000000000001,2.349877376114684,0.0,-0.06538057146018295,0,0,0
2026-09-15,1789516799000.0,2292.606386096777,0.088,0.127,-0.03900000000000001,0.215,0.088,0.127,0.03900000000000001,2.2024209098464698,0.0,0.19903523445128357,0,0,0
2026-09-16,1789603199000.0,2291.813515726189,0.088,0.127,-0.03900000000000001,0.215,0.088,0.127,0.03900000000000001,2.0506849922227066,0.0,-0.03458379839628156,0,0,0
2026-09-17,1789689599000.0,2290.688755995428,0.088,0.127,-0.03900000000000001,0.215,0.088,0.127,0.03900000000000001,2.1403234266297533,0.0,-0.04907727976307674,1,0,1
2026-09-18,1789775999000.0,2284.260385736644,0.088,0.127,-0.03900000000000001,0.215,0.088,0.127,0.03900000000000001,2.4134030389899808,0.0,-0.28063045413564414,0,0,0
2026-09-19,1789862399000.0,2283.462726953058,0.088,0.127,-0.03900000000000001,0.215,0.088,0.127,0.03900000000000001,2.4370349331190533,0.0,-0.034919783601150556,0,0,0
2026-09-20,1789948799000.0,2282.990935726189,0.088,0.127,-0.03900000000000001,0.215,0.088,0.127,0.03900000000000001,2.416431963430443,0.0,-0.020661218652706648,0,0,0
2026-09-21,1790035199000.0,2275.332273246505,0.0,0.0,0.0,0.0,0.088,0.127,0.127,2.7791573120226176,8.0,-0.3354661799061409,0,0,0
